Gauge[mm],Volume[m3]
0.0,0.0
1.0,1.534
2.0,3.068
3.0,4.603
4.0,6.137
5.0,7.671
6.0,9.205
7.0,10.739
8.0,12.274
9.0,13.808
10.0,15.342
11.0,16.877
12.0,18.412
13.0,19.948
14.0,21.483
15.0,23.018
16.0,24.553
17.0,26.088
18.0,27.624
19.0,29.159
20.0,30.694
21.0,32.236
22.0,33.778
23.0,35.32
24.0,36.862
25.0,38.404
26.0,39.945
27.0,41.487
28.0,43.029
29.0,44.571
30.0,46.113
31.0,47.656
32.0,49.198
33.0,50.741
34.0,52.284
35.0,53.827
36.0,55.369
37.0,56.912
38.0,58.455
39.0,59.997
40.0,61.54
41.0,63.084
42.0,64.627
43.0,66.171
44.0,67.714
45.0,69.258
46.0,70.802
47.0,72.345
48.0,73.889
49.0,75.432
50.0,76.976
51.0,78.521
52.0,80.065
53.0,81.61
54.0,83.154
55.0,84.699
56.0,86.244
57.0,87.788
58.0,89.333
59.0,90.877
60.0,92.422
61.0,93.968
62.0,95.513
63.0,97.059
64.0,98.604
65.0,100.15
66.0,101.696
67.0,103.241
68.0,104.787
69.0,106.332
70.0,107.878
71.0,109.424
72.0,110.971
73.0,112.517
74.0,114.063
75.0,115.61
76.0,117.156
77.0,118.702
78.0,120.248
79.0,121.795
80.0,123.341
81.0,124.888
82.0,126.435
83.0,127.983
84.0,129.53
85.0,131.077
86.0,132.624
87.0,134.171
88.0,135.719
89.0,137.266
90.0,138.813
91.0,140.36
92.0,141.908
93.0,143.455
94.0,145.003
95.0,146.55
96.0,148.097
97.0,149.645
98.0,151.192
99.0,152.74
100.0,154.287
101.0,155.835
102.0,157.384
103.0,158.932
104.0,160.48
105.0,162.029
106.0,163.577
107.0,165.125
108.0,166.673
109.0,168.222
110.0,169.77
111.0,171.319
112.0,172.869
113.0,174.418
114.0,175.967
115.0,177.517
116.0,179.066
117.0,180.615
118.0,182.164
119.0,183.714
120.0,185.263
121.0,186.813
122.0,188.364
123.0,189.914
124.0,191.464
125.0,193.015
126.0,194.565
127.0,196.115
128.0,197.665
129.0,199.216
130.0,200.766
131.0,202.317
132.0,203.868
133.0,205.42
134.0,206.971
135.0,208.522
136.0,210.073
137.0,211.624
138.0,213.176
139.0,214.727
140.0,216.278
141.0,217.83
142.0,219.382
143.0,220.935
144.0,222.487
145.0,224.039
146.0,225.591
147.0,227.143
148.0,228.696
149.0,230.248
150.0,231.8
151.0,233.353
152.0,234.906
153.0,236.46
154.0,238.013
155.0,239.566
156.0,241.119
157.0,242.672
158.0,244.226
159.0,245.779
160.0,247.332
161.0,248.886
162.0,250.44
163.0,251.994
164.0,253.548
165.0,255.103
166.0,256.657
167.0,258.211
168.0,259.765
169.0,261.319
170.0,262.873
171.0,264.428
172.0,265.983
173.0,267.538
174.0,269.093
175.0,270.648
176.0,272.203
177.0,273.758
178.0,275.313
179.0,276.868
180.0,278.423
181.0,279.979
182.0,281.535
183.0,283.091
184.0,284.647
185.0,286.203
186.0,287.759
187.0,289.315
188.0,290.871
189.0,292.427
190.0,293.983
191.0,295.54
192.0,297.097
193.0,298.654
194.0,300.211
195.0,301.768
196.0,303.325
197.0,304.882
198.0,306.439
199.0,307.996
200.0,309.553
201.0,311.111
202.0,312.669
203.0,314.227
204.0,315.785
205.0,317.343
206.0,318.9
207.0,320.458
208.0,322.016
209.0,323.574
210.0,325.132
211.0,326.691
212.0,328.25
213.0,329.809
214.0,331.368
215.0,332.927
216.0,334.485
217.0,336.044
218.0,337.603
219.0,339.162
220.0,340.721
221.0,342.281
222.0,343.841
223.0,345.4
224.0,346.96
225.0,348.52
226.0,350.08
227.0,351.64
228.0,353.199
229.0,354.759
230.0,356.319
231.0,357.88
232.0,359.441
233.0,361.001
234.0,362.562
235.0,364.123
236.0,365.684
237.0,367.245
238.0,368.805
239.0,370.366
240.0,371.927
241.0,373.489
242.0,375.051
243.0,376.612
244.0,378.174
245.0,379.736
246.0,381.298
247.0,382.86
248.0,384.421
249.0,385.983
250.0,387.545
251.0,389.108
252.0,390.67
253.0,392.233
254.0,393.796
255.0,395.359
256.0,396.921
257.0,398.484
258.0,400.047
259.0,401.609
260.0,403.172
261.0,404.736
262.0,406.299
263.0,407.863
264.0,409.426
265.0,410.99
266.0,412.554
267.0,414.117
268.0,415.681
269.0,417.244
270.0,418.808
271.0,420.373
272.0,421.937
273.0,423.502
274.0,425.066
275.0,426.631
276.0,428.196
277.0,429.76
278.0,431.325
279.0,432.889
280.0,434.454
281.0,436.02
282.0,437.585
283.0,439.151
284.0,440.716
285.0,442.282
286.0,443.848
287.0,445.413
288.0,446.979
289.0,448.544
290.0,450.11
291.0,451.677
292.0,453.243
293.0,454.81
294.0,456.376
295.0,457.943
296.0,459.509
297.0,461.076
298.0,462.642
299.0,464.209
300.0,465.775
301.0,467.343
302.0,468.91
303.0,470.478
304.0,472.045
305.0,473.613
306.0,475.18
307.0,476.748
308.0,478.315
309.0,479.883
310.0,481.45
311.0,483.019
312.0,484.587
313.0,486.156
314.0,487.724
315.0,489.293
316.0,490.861
317.0,492.43
318.0,493.998
319.0,495.567
320.0,497.135
321.0,498.704
322.0,500.274
323.0,501.843
324.0,503.412
325.0,504.982
326.0,506.551
327.0,508.12
328.0,509.689
329.0,511.259
330.0,512.828
331.0,514.398
332.0,515.969
333.0,517.539
334.0,519.11
335.0,520.68
336.0,522.25
337.0,523.821
338.0,525.391
339.0,526.962
340.0,528.532
341.0,530.103
342.0,531.675
343.0,533.246
344.0,534.817
345.0,536.389
346.0,537.96
347.0,539.531
348.0,541.102
349.0,542.674
350.0,544.245
351.0,545.817
352.0,547.39
353.0,548.962
354.0,550.534
355.0,552.107
356.0,553.679
357.0,555.251
358.0,556.823
359.0,558.396
360.0,559.968
361.0,561.541
362.0,563.114
363.0,564.688
364.0,566.261
365.0,567.834
366.0,569.407
367.0,570.98
368.0,572.554
369.0,574.127
370.0,575.7
371.0,577.274
372.0,578.848
373.0,580.423
374.0,581.997
375.0,583.571
376.0,585.145
377.0,586.719
378.0,588.294
379.0,589.868
380.0,591.442
381.0,593.017
382.0,594.592
383.0,596.167
384.0,597.742
385.0,599.318
386.0,600.893
387.0,602.468
388.0,604.043
389.0,605.618
390.0,607.193
391.0,608.769
392.0,610.345
393.0,611.921
394.0,613.497
395.0,615.074
396.0,616.65
397.0,618.226
398.0,619.802
399.0,621.378
400.0,622.954
401.0,624.531
402.0,626.108
403.0,627.685
404.0,629.262
405.0,630.839
406.0,632.416
407.0,633.993
408.0,635.57
409.0,637.147
410.0,638.724
411.0,640.302
412.0,641.88
413.0,643.458
414.0,645.036
415.0,646.614
416.0,648.192
417.0,649.77
418.0,651.348
419.0,652.926
420.0,654.504
421.0,656.083
422.0,657.662
423.0,659.241
424.0,660.82
425.0,662.399
426.0,663.978
427.0,665.557
428.0,667.136
429.0,668.715
430.0,670.294
431.0,671.874
432.0,673.454
433.0,675.034
434.0,676.614
435.0,678.194
436.0,679.773
437.0,681.353
438.0,682.933
439.0,684.513
440.0,686.093
441.0,687.674
442.0,689.255
443.0,690.835
444.0,692.416
445.0,693.997
446.0,695.578
447.0,697.159
448.0,698.739
449.0,700.32
450.0,701.901
451.0,703.483
452.0,705.065
453.0,706.646
454.0,708.228
455.0,709.81
456.0,711.392
457.0,712.974
458.0,714.555
459.0,716.137
460.0,717.719
461.0,719.302
462.0,720.885
463.0,722.467
464.0,724.05
465.0,725.633
466.0,727.216
467.0,728.799
468.0,730.381
469.0,731.964
470.0,733.547
471.0,735.131
472.0,736.714
473.0,738.298
474.0,739.882
475.0,741.466
476.0,743.049
477.0,744.633
478.0,746.217
479.0,747.8
480.0,749.384
481.0,750.969
482.0,752.553
483.0,754.138
484.0,755.723
485.0,757.308
486.0,758.892
487.0,760.477
488.0,762.062
489.0,763.646
490.0,765.231
491.0,766.817
492.0,768.402
493.0,769.988
494.0,771.574
495.0,773.16
496.0,774.745
497.0,776.331
498.0,777.917
499.0,779.502
500.0,781.088
501.0,782.675
502.0,784.261
503.0,785.848
504.0,787.434
505.0,789.021
506.0,790.608
507.0,792.194
508.0,793.781
509.0,795.367
510.0,796.954
511.0,798.542
512.0,800.129
513.0,801.717
514.0,803.304
515.0,804.892
516.0,806.479
517.0,808.067
518.0,809.654
519.0,811.242
520.0,812.829
521.0,814.418
522.0,816.006
523.0,817.595
524.0,819.183
525.0,820.772
526.0,822.36
527.0,823.949
528.0,825.537
529.0,827.126
530.0,828.714
531.0,830.304
532.0,831.893
533.0,833.483
534.0,835.072
535.0,836.662
536.0,838.251
537.0,839.841
538.0,841.43
539.0,843.02
540.0,844.609
541.0,846.199
542.0,847.79
543.0,849.38
544.0,850.971
545.0,852.561
546.0,854.151
547.0,855.742
548.0,857.332
549.0,858.923
550.0,860.513
551.0,862.104
552.0,863.696
553.0,865.287
554.0,866.879
555.0,868.47
556.0,870.061
557.0,871.653
558.0,873.244
559.0,874.836
560.0,876.427
561.0,878.019
562.0,879.612
563.0,881.204
564.0,882.796
565.0,884.389
566.0,885.981
567.0,887.573
568.0,889.165
569.0,890.758
570.0,892.35
571.0,893.943
572.0,895.537
573.0,897.13
574.0,898.723
575.0,900.317
576.0,901.91
577.0,903.503
578.0,905.096
579.0,906.69
580.0,908.283
581.0,909.877
582.0,911.472
583.0,913.066
584.0,914.66
585.0,916.255
586.0,917.849
587.0,919.443
588.0,921.037
589.0,922.632
590.0,924.226
591.0,925.821
592.0,927.416
593.0,929.012
594.0,930.607
595.0,932.202
596.0,933.797
597.0,935.392
598.0,936.988
599.0,938.583
600.0,940.178
601.0,941.774
602.0,943.37
603.0,944.966
604.0,946.562
605.0,948.159
606.0,949.755
607.0,951.351
608.0,952.947
609.0,954.543
610.0,956.139
611.0,957.736
612.0,959.333
613.0,960.93
614.0,962.527
615.0,964.125
616.0,965.722
617.0,967.319
618.0,968.916
619.0,970.513
620.0,972.11
621.0,973.708
622.0,975.306
623.0,976.904
624.0,978.502
625.0,980.101
626.0,981.699
627.0,983.297
628.0,984.895
629.0,986.493
630.0,988.091
631.0,989.69
632.0,991.289
633.0,992.888
634.0,994.487
635.0,996.086
636.0,997.685
637.0,999.284
638.0,1000.883
639.0,1002.482
640.0,1004.081
641.0,1005.681
642.0,1007.281
643.0,1008.881
644.0,1010.481
645.0,1012.081
646.0,1013.681
647.0,1015.281
648.0,1016.881
649.0,1018.481
650.0,1020.081
651.0,1021.682
652.0,1023.283
653.0,1024.884
654.0,1026.485
655.0,1028.086
656.0,1029.687
657.0,1031.288
658.0,1032.889
659.0,1034.49
660.0,1036.091
661.0,1037.693
662.0,1039.295
663.0,1040.896
664.0,1042.498
665.0,1044.1
666.0,1045.702
667.0,1047.304
668.0,1048.905
669.0,1050.507
670.0,1052.109
671.0,1053.712
672.0,1055.315
673.0,1056.918
674.0,1058.521
675.0,1060.124
676.0,1061.726
677.0,1063.329
678.0,1064.932
679.0,1066.535
680.0,1068.138
681.0,1069.742
682.0,1071.346
683.0,1072.949
684.0,1074.553
685.0,1076.157
686.0,1077.761
687.0,1079.365
688.0,1080.968
689.0,1082.572
690.0,1084.176
691.0,1085.781
692.0,1087.386
693.0,1088.99
694.0,1090.595
695.0,1092.2
696.0,1093.805
697.0,1095.41
698.0,1097.014
699.0,1098.619
700.0,1100.224
701.0,1101.83
702.0,1103.435
703.0,1105.041
704.0,1106.647
705.0,1108.253
706.0,1109.858
707.0,1111.464
708.0,1113.07
709.0,1114.675
710.0,1116.281
711.0,1117.888
712.0,1119.494
713.0,1121.101
714.0,1122.708
715.0,1124.315
716.0,1125.921
717.0,1127.528
718.0,1129.135
719.0,1130.741
720.0,1132.348
721.0,1133.956
722.0,1135.563
723.0,1137.171
724.0,1138.778
725.0,1140.386
726.0,1141.994
727.0,1143.601
728.0,1145.209
729.0,1146.816
730.0,1148.424
731.0,1150.033
732.0,1151.641
733.0,1153.25
734.0,1154.858
735.0,1156.467
736.0,1158.076
737.0,1159.684
738.0,1161.293
739.0,1162.901
740.0,1164.51
741.0,1166.12
742.0,1167.729
743.0,1169.339
744.0,1170.948
745.0,1172.558
746.0,1174.167
747.0,1175.777
748.0,1177.386
749.0,1178.996
750.0,1180.605
751.0,1182.216
752.0,1183.826
753.0,1185.437
754.0,1187.047
755.0,1188.658
756.0,1190.268
757.0,1191.879
758.0,1193.489
759.0,1195.1
760.0,1196.71
761.0,1198.321
762.0,1199.933
763.0,1201.544
764.0,1203.156
765.0,1204.767
766.0,1206.378
767.0,1207.99
768.0,1209.601
769.0,1211.213
770.0,1212.824
771.0,1214.436
772.0,1216.049
773.0,1217.661
774.0,1219.274
775.0,1220.886
776.0,1222.498
777.0,1224.111
778.0,1225.723
779.0,1227.336
780.0,1228.948
781.0,1230.561
782.0,1232.175
783.0,1233.788
784.0,1235.402
785.0,1237.015
786.0,1238.628
787.0,1240.242
788.0,1241.855
789.0,1243.469
790.0,1245.082
791.0,1246.696
792.0,1248.311
793.0,1249.925
794.0,1251.539
795.0,1253.154
796.0,1254.768
797.0,1256.382
798.0,1257.996
799.0,1259.611
800.0,1261.225
801.0,1262.84
802.0,1264.456
803.0,1266.071
804.0,1267.686
805.0,1269.302
806.0,1270.917
807.0,1272.532
808.0,1274.147
809.0,1275.763
810.0,1277.378
811.0,1278.994
812.0,1280.61
813.0,1282.227
814.0,1283.843
815.0,1285.459
816.0,1287.075
817.0,1288.691
818.0,1290.308
819.0,1291.924
820.0,1293.54
821.0,1295.157
822.0,1296.774
823.0,1298.392
824.0,1300.009
825.0,1301.626
826.0,1303.243
827.0,1304.86
828.0,1306.478
829.0,1308.095
830.0,1309.712
831.0,1311.33
832.0,1312.948
833.0,1314.567
834.0,1316.185
835.0,1317.803
836.0,1319.421
837.0,1321.039
838.0,1322.658
839.0,1324.276
840.0,1325.894
841.0,1327.513
842.0,1329.132
843.0,1330.751
844.0,1332.37
845.0,1333.99
846.0,1335.609
847.0,1337.228
848.0,1338.847
849.0,1340.466
850.0,1342.085
851.0,1343.705
852.0,1345.325
853.0,1346.945
854.0,1348.565
855.0,1350.185
856.0,1351.805
857.0,1353.425
858.0,1355.045
859.0,1356.665
860.0,1358.285
861.0,1359.906
862.0,1361.527
863.0,1363.148
864.0,1364.769
865.0,1366.39
866.0,1368.011
867.0,1369.632
868.0,1371.253
869.0,1372.874
870.0,1374.495
871.0,1376.117
872.0,1377.739
873.0,1379.361
874.0,1380.983
875.0,1382.605
876.0,1384.227
877.0,1385.849
878.0,1387.471
879.0,1389.093
880.0,1390.715
881.0,1392.338
882.0,1393.961
883.0,1395.584
884.0,1397.207
885.0,1398.83
886.0,1400.452
887.0,1402.075
888.0,1403.698
889.0,1405.321
890.0,1406.944
891.0,1408.568
892.0,1410.192
893.0,1411.816
894.0,1413.44
895.0,1415.064
896.0,1416.687
897.0,1418.311
898.0,1419.935
899.0,1421.559
900.0,1423.183
901.0,1424.808
902.0,1426.433
903.0,1428.057
904.0,1429.682
905.0,1431.307
906.0,1432.932
907.0,1434.557
908.0,1436.181
909.0,1437.806
910.0,1439.431
911.0,1441.057
912.0,1442.683
913.0,1444.308
914.0,1445.934
915.0,1447.56
916.0,1449.186
917.0,1450.812
918.0,1452.437
919.0,1454.063
920.0,1455.689
921.0,1457.316
922.0,1458.943
923.0,1460.569
924.0,1462.196
925.0,1463.823
926.0,1465.45
927.0,1467.077
928.0,1468.703
929.0,1470.33
930.0,1471.957
931.0,1473.585
932.0,1475.212
933.0,1476.84
934.0,1478.468
935.0,1480.096
936.0,1481.723
937.0,1483.351
938.0,1484.979
939.0,1486.606
940.0,1488.234
941.0,1489.863
942.0,1491.491
943.0,1493.12
944.0,1494.748
945.0,1496.377
946.0,1498.006
947.0,1499.634
948.0,1501.263
949.0,1502.891
950.0,1504.52
951.0,1506.15
952.0,1507.779
953.0,1509.409
954.0,1511.038
955.0,1512.668
956.0,1514.298
957.0,1515.927
958.0,1517.557
959.0,1519.186
960.0,1520.816
961.0,1522.447
962.0,1524.078
963.0,1525.708
964.0,1527.339
965.0,1528.97
966.0,1530.601
967.0,1532.232
968.0,1533.862
969.0,1535.493
970.0,1537.124
971.0,1538.756
972.0,1540.387
973.0,1542.019
974.0,1543.651
975.0,1545.283
976.0,1546.914
977.0,1548.546
978.0,1550.178
979.0,1551.809
980.0,1553.441
981.0,1555.074
982.0,1556.706
983.0,1558.339
984.0,1559.972
985.0,1561.605
986.0,1563.237
987.0,1564.87
988.0,1566.503
989.0,1568.135
990.0,1569.768
991.0,1571.402
992.0,1573.035
993.0,1574.669
994.0,1576.302
995.0,1577.936
996.0,1579.57
997.0,1581.203
998.0,1582.837
999.0,1584.47
1000.0,1586.104
1001.0,1587.739
1002.0,1589.373
1003.0,1591.008
1004.0,1592.642
1005.0,1594.277
1006.0,1595.912
1007.0,1597.546
1008.0,1599.181
1009.0,1600.815
1010.0,1602.45
1011.0,1604.086
1012.0,1605.721
1013.0,1607.357
1014.0,1608.992
1015.0,1610.628
1016.0,1612.264
1017.0,1613.899
1018.0,1615.535
1019.0,1617.17
1020.0,1618.806
1021.0,1620.443
1022.0,1622.079
1023.0,1623.716
1024.0,1625.352
1025.0,1626.989
1026.0,1628.625
1027.0,1630.262
1028.0,1631.898
1029.0,1633.535
1030.0,1635.171
1031.0,1636.808
1032.0,1638.446
1033.0,1640.083
1034.0,1641.721
1035.0,1643.358
1036.0,1644.995
1037.0,1646.633
1038.0,1648.27
1039.0,1649.908
1040.0,1651.545
1041.0,1653.183
1042.0,1654.822
1043.0,1656.46
1044.0,1658.099
1045.0,1659.737
1046.0,1661.375
1047.0,1663.014
1048.0,1664.652
1049.0,1666.291
1050.0,1667.929
1051.0,1669.568
1052.0,1671.208
1053.0,1672.847
1054.0,1674.487
1055.0,1676.126
1056.0,1677.765
1057.0,1679.405
1058.0,1681.044
1059.0,1682.684
1060.0,1684.323
1061.0,1685.963
1062.0,1687.604
1063.0,1689.244
1064.0,1690.884
1065.0,1692.525
1066.0,1694.165
1067.0,1695.805
1068.0,1697.445
1069.0,1699.086
1070.0,1700.726
1071.0,1702.367
1072.0,1704.008
1073.0,1705.65
1074.0,1707.291
1075.0,1708.932
1076.0,1710.573
1077.0,1712.214
1078.0,1713.856
1079.0,1715.497
1080.0,1717.138
1081.0,1718.78
1082.0,1720.422
1083.0,1722.065
1084.0,1723.707
1085.0,1725.349
1086.0,1726.991
1087.0,1728.633
1088.0,1730.276
1089.0,1731.918
1090.0,1733.56
1091.0,1735.203
1092.0,1736.846
1093.0,1738.49
1094.0,1740.133
1095.0,1741.776
1096.0,1743.419
1097.0,1745.062
1098.0,1746.706
1099.0,1748.349
1100.0,1749.992
1101.0,1751.636
1102.0,1753.28
1103.0,1754.925
1104.0,1756.569
1105.0,1758.213
1106.0,1759.857
1107.0,1761.501
1108.0,1763.146
1109.0,1764.79
1110.0,1766.434
1111.0,1768.079
1112.0,1769.724
1113.0,1771.369
1114.0,1773.014
1115.0,1774.66
1116.0,1776.305
1117.0,1777.95
1118.0,1779.595
1119.0,1781.24
1120.0,1782.885
1121.0,1784.531
1122.0,1786.177
1123.0,1787.823
1124.0,1789.469
1125.0,1791.115
1126.0,1792.761
1127.0,1794.407
1128.0,1796.053
1129.0,1797.699
1130.0,1799.345
1131.0,1800.992
1132.0,1802.639
1133.0,1804.286
1134.0,1805.933
1135.0,1807.58
1136.0,1809.227
1137.0,1810.874
1138.0,1812.521
1139.0,1814.168
1140.0,1815.815
1141.0,1817.463
1142.0,1819.111
1143.0,1820.759
1144.0,1822.407
1145.0,1824.055
1146.0,1825.703
1147.0,1827.351
1148.0,1828.999
1149.0,1830.647
1150.0,1832.295
1151.0,1833.944
1152.0,1835.593
1153.0,1837.242
1154.0,1838.891
1155.0,1840.54
1156.0,1842.188
1157.0,1843.837
1158.0,1845.486
1159.0,1847.135
1160.0,1848.784
1161.0,1850.434
1162.0,1852.084
1163.0,1853.734
1164.0,1855.384
1165.0,1857.034
1166.0,1858.683
1167.0,1860.333
1168.0,1861.983
1169.0,1863.633
1170.0,1865.283
1171.0,1866.934
1172.0,1868.585
1173.0,1870.235
1174.0,1871.886
1175.0,1873.537
1176.0,1875.188
1177.0,1876.839
1178.0,1878.489
1179.0,1880.14
1180.0,1881.791
1181.0,1883.443
1182.0,1885.095
1183.0,1886.746
1184.0,1888.398
1185.0,1890.05
1186.0,1891.702
1187.0,1893.354
1188.0,1895.005
1189.0,1896.657
1190.0,1898.309
1191.0,1899.962
1192.0,1901.614
1193.0,1903.267
1194.0,1904.92
1195.0,1906.573
1196.0,1908.225
1197.0,1909.878
1198.0,1911.531
1199.0,1913.183
1200.0,1914.836
1201.0,1916.49
1202.0,1918.143
1203.0,1919.797
1204.0,1921.451
1205.0,1923.105
1206.0,1924.758
1207.0,1926.412
1208.0,1928.066
1209.0,1929.719
1210.0,1931.373
1211.0,1933.028
1212.0,1934.682
1213.0,1936.337
1214.0,1937.992
1215.0,1939.647
1216.0,1941.301
1217.0,1942.956
1218.0,1944.611
1219.0,1946.265
1220.0,1947.92
1221.0,1949.576
1222.0,1951.231
1223.0,1952.887
1224.0,1954.542
1225.0,1956.198
1226.0,1957.854
1227.0,1959.509
1228.0,1961.165
1229.0,1962.82
1230.0,1964.476
1231.0,1966.133
1232.0,1967.789
1233.0,1969.446
1234.0,1971.102
1235.0,1972.759
1236.0,1974.415
1237.0,1976.072
1238.0,1977.728
1239.0,1979.385
1240.0,1981.041
1241.0,1982.699
1242.0,1984.356
1243.0,1986.014
1244.0,1987.671
1245.0,1989.329
1246.0,1990.987
1247.0,1992.644
1248.0,1994.302
1249.0,1995.959
1250.0,1997.617
1251.0,1999.275
1252.0,2000.934
1253.0,2002.592
1254.0,2004.251
1255.0,2005.909
1256.0,2007.567
1257.0,2009.226
1258.0,2010.884
1259.0,2012.543
1260.0,2014.201
1261.0,2015.861
1262.0,2017.52
1263.0,2019.18
1264.0,2020.839
1265.0,2022.499
1266.0,2024.158
1267.0,2025.818
1268.0,2027.477
1269.0,2029.137
1270.0,2030.796
1271.0,2032.456
1272.0,2034.117
1273.0,2035.777
1274.0,2037.438
1275.0,2039.098
1276.0,2040.758
1277.0,2042.419
1278.0,2044.079
1279.0,2045.74
1280.0,2047.4
1281.0,2049.061
1282.0,2050.723
1283.0,2052.384
1284.0,2054.045
1285.0,2055.707
1286.0,2057.368
1287.0,2059.029
1288.0,2060.69
1289.0,2062.352
1290.0,2064.013
1291.0,2065.675
1292.0,2067.338
1293.0,2069.0
1294.0,2070.662
1295.0,2072.325
1296.0,2073.987
1297.0,2075.649
1298.0,2077.311
1299.0,2078.974
1300.0,2080.636
1301.0,2082.299
1302.0,2083.963
1303.0,2085.626
1304.0,2087.289
1305.0,2088.953
1306.0,2090.616
1307.0,2092.279
1308.0,2093.942
1309.0,2095.606
1310.0,2097.269
1311.0,2098.933
1312.0,2100.597
1313.0,2102.262
1314.0,2103.926
1315.0,2105.59
1316.0,2107.254
1317.0,2108.918
1318.0,2110.583
1319.0,2112.247
1320.0,2113.911
1321.0,2115.576
1322.0,2117.241
1323.0,2118.906
1324.0,2120.571
1325.0,2122.237
1326.0,2123.902
1327.0,2125.567
1328.0,2127.232
1329.0,2128.897
1330.0,2130.562
1331.0,2132.228
1332.0,2133.894
1333.0,2135.561
1334.0,2137.227
1335.0,2138.893
1336.0,2140.559
1337.0,2142.225
1338.0,2143.892
1339.0,2145.558
1340.0,2147.224
1341.0,2148.891
1342.0,2150.558
1343.0,2152.225
1344.0,2153.892
1345.0,2155.559
1346.0,2157.226
1347.0,2158.893
1348.0,2160.56
1349.0,2162.227
1350.0,2163.894
1351.0,2165.562
1352.0,2167.23
1353.0,2168.898
1354.0,2170.566
1355.0,2172.235
1356.0,2173.903
1357.0,2175.571
1358.0,2177.239
1359.0,2178.907
1360.0,2180.575
1361.0,2182.244
1362.0,2183.913
1363.0,2185.582
1364.0,2187.251
1365.0,2188.92
1366.0,2190.589
1367.0,2192.258
1368.0,2193.927
1369.0,2195.596
1370.0,2197.265
1371.0,2198.935
1372.0,2200.605
1373.0,2202.275
1374.0,2203.945
1375.0,2205.615
1376.0,2207.284
1377.0,2208.954
1378.0,2210.624
1379.0,2212.294
1380.0,2213.964
1381.0,2215.635
1382.0,2217.306
1383.0,2218.977
1384.0,2220.648
1385.0,2222.319
1386.0,2223.989
1387.0,2225.66
1388.0,2227.331
1389.0,2229.002
1390.0,2230.673
1391.0,2232.345
1392.0,2234.017
1393.0,2235.688
1394.0,2237.36
1395.0,2239.032
1396.0,2240.704
1397.0,2242.376
1398.0,2244.047
1399.0,2245.719
1400.0,2247.391
1401.0,2249.064
1402.0,2250.737
1403.0,2252.409
1404.0,2254.082
1405.0,2255.755
1406.0,2257.428
1407.0,2259.101
1408.0,2260.773
1409.0,2262.446
1410.0,2264.119
1411.0,2265.793
1412.0,2267.467
1413.0,2269.14
1414.0,2270.814
1415.0,2272.488
1416.0,2274.162
1417.0,2275.836
1418.0,2277.509
1419.0,2279.183
1420.0,2280.857
1421.0,2282.532
1422.0,2284.206
1423.0,2285.881
1424.0,2287.556
1425.0,2289.231
1426.0,2290.905
1427.0,2292.58
1428.0,2294.255
1429.0,2295.929
1430.0,2297.604
1431.0,2299.28
1432.0,2300.955
1433.0,2302.631
1434.0,2304.307
1435.0,2305.983
1436.0,2307.658
1437.0,2309.334
1438.0,2311.01
1439.0,2312.685
1440.0,2314.361
1441.0,2316.038
1442.0,2317.714
1443.0,2319.391
1444.0,2321.068
1445.0,2322.745
1446.0,2324.421
1447.0,2326.098
1448.0,2327.775
1449.0,2329.451
1450.0,2331.128
1451.0,2332.806
1452.0,2334.483
1453.0,2336.161
1454.0,2337.838
1455.0,2339.516
1456.0,2341.193
1457.0,2342.871
1458.0,2344.548
1459.0,2346.226
1460.0,2347.903
1461.0,2349.582
1462.0,2351.26
1463.0,2352.939
1464.0,2354.617
1465.0,2356.296
1466.0,2357.975
1467.0,2359.653
1468.0,2361.332
1469.0,2363.01
1470.0,2364.689
1471.0,2366.369
1472.0,2368.048
1473.0,2369.728
1474.0,2371.407
1475.0,2373.087
1476.0,2374.766
1477.0,2376.446
1478.0,2378.125
1479.0,2379.805
1480.0,2381.484
1481.0,2383.165
1482.0,2384.845
1483.0,2386.526
1484.0,2388.206
1485.0,2389.887
1486.0,2391.567
1487.0,2393.248
1488.0,2394.928
1489.0,2396.609
1490.0,2398.289
1491.0,2399.97
1492.0,2401.652
1493.0,2403.333
1494.0,2405.015
1495.0,2406.696
1496.0,2408.377
1497.0,2410.059
1498.0,2411.74
1499.0,2413.422
1500.0,2415.103
1501.0,2416.785
1502.0,2418.468
1503.0,2420.15
1504.0,2421.833
1505.0,2423.515
1506.0,2425.197
1507.0,2426.88
1508.0,2428.562
1509.0,2430.245
1510.0,2431.927
1511.0,2433.61
1512.0,2435.294
1513.0,2436.977
1514.0,2438.66
1515.0,2440.344
1516.0,2442.027
1517.0,2443.71
1518.0,2445.393
1519.0,2447.077
1520.0,2448.76
1521.0,2450.444
1522.0,2452.129
1523.0,2453.813
1524.0,2455.497
1525.0,2457.182
1526.0,2458.866
1527.0,2460.55
1528.0,2462.234
1529.0,2463.919
1530.0,2465.603
1531.0,2467.288
1532.0,2468.973
1533.0,2470.659
1534.0,2472.344
1535.0,2474.029
1536.0,2475.714
1537.0,2477.399
1538.0,2479.085
1539.0,2480.77
1540.0,2482.455
1541.0,2484.141
1542.0,2485.827
1543.0,2487.514
1544.0,2489.2
1545.0,2490.886
1546.0,2492.572
1547.0,2494.258
1548.0,2495.945
1549.0,2497.631
1550.0,2499.317
1551.0,2501.004
1552.0,2502.691
1553.0,2504.379
1554.0,2506.066
1555.0,2507.753
1556.0,2509.44
1557.0,2511.127
1558.0,2512.815
1559.0,2514.502
1560.0,2516.189
1561.0,2517.877
1562.0,2519.565
1563.0,2521.253
1564.0,2522.941
1565.0,2524.63
1566.0,2526.318
1567.0,2528.006
1568.0,2529.694
1569.0,2531.382
1570.0,2533.07
1571.0,2534.759
1572.0,2536.448
1573.0,2538.137
1574.0,2539.826
1575.0,2541.515
1576.0,2543.204
1577.0,2544.893
1578.0,2546.582
1579.0,2548.271
1580.0,2549.96
1581.0,2551.65
1582.0,2553.34
1583.0,2555.03
1584.0,2556.72
1585.0,2558.411
1586.0,2560.101
1587.0,2561.791
1588.0,2563.481
1589.0,2565.171
1590.0,2566.861
1591.0,2568.552
1592.0,2570.243
1593.0,2571.934
1594.0,2573.625
1595.0,2575.316
1596.0,2577.006
1597.0,2578.697
1598.0,2580.388
1599.0,2582.079
1600.0,2583.77
1601.0,2585.462
1602.0,2587.154
1603.0,2588.846
1604.0,2590.538
1605.0,2592.23
1606.0,2593.922
1607.0,2595.614
1608.0,2597.306
1609.0,2598.998
1610.0,2600.69
1611.0,2602.383
1612.0,2604.076
1613.0,2605.769
1614.0,2607.462
1615.0,2609.155
1616.0,2610.847
1617.0,2612.54
1618.0,2614.233
1619.0,2615.926
1620.0,2617.619
1621.0,2619.313
1622.0,2621.007
1623.0,2622.7
1624.0,2624.394
1625.0,2626.088
1626.0,2627.782
1627.0,2629.476
1628.0,2631.169
1629.0,2632.863
1630.0,2634.557
1631.0,2636.252
1632.0,2637.947
1633.0,2639.641
1634.0,2641.336
1635.0,2643.031
1636.0,2644.726
1637.0,2646.421
1638.0,2648.115
1639.0,2649.81
1640.0,2651.505
1641.0,2653.201
1642.0,2654.897
1643.0,2656.592
1644.0,2658.288
1645.0,2659.984
1646.0,2661.68
1647.0,2663.376
1648.0,2665.071
1649.0,2666.767
1650.0,2668.463
1651.0,2670.16
1652.0,2671.856
1653.0,2673.553
1654.0,2675.25
1655.0,2676.947
1656.0,2678.643
1657.0,2680.34
1658.0,2682.037
1659.0,2683.733
1660.0,2685.43
1661.0,2687.128
1662.0,2688.825
1663.0,2690.523
1664.0,2692.22
1665.0,2693.918
1666.0,2695.616
1667.0,2697.313
1668.0,2699.011
1669.0,2700.708
1670.0,2702.406
1671.0,2704.105
1672.0,2705.803
1673.0,2707.502
1674.0,2709.2
1675.0,2710.899
1676.0,2712.598
1677.0,2714.296
1678.0,2715.995
1679.0,2717.693
1680.0,2719.392
1681.0,2721.092
1682.0,2722.791
1683.0,2724.491
1684.0,2726.19
1685.0,2727.89
1686.0,2729.59
1687.0,2731.289
1688.0,2732.989
1689.0,2734.688
1690.0,2736.388
1691.0,2738.089
1692.0,2739.789
1693.0,2741.49
1694.0,2743.19
1695.0,2744.891
1696.0,2746.591
1697.0,2748.292
1698.0,2749.992
1699.0,2751.693
1700.0,2753.393
1701.0,2755.095
1702.0,2756.796
1703.0,2758.498
1704.0,2760.199
1705.0,2761.901
1706.0,2763.602
1707.0,2765.304
1708.0,2767.005
1709.0,2768.707
1710.0,2770.408
1711.0,2772.11
1712.0,2773.813
1713.0,2775.515
1714.0,2777.218
1715.0,2778.92
1716.0,2780.622
1717.0,2782.325
1718.0,2784.027
1719.0,2785.73
1720.0,2787.432
1721.0,2789.135
1722.0,2790.839
1723.0,2792.542
1724.0,2794.246
1725.0,2795.949
1726.0,2797.652
1727.0,2799.356
1728.0,2801.059
1729.0,2802.763
1730.0,2804.466
1731.0,2806.17
1732.0,2807.875
1733.0,2809.579
1734.0,2811.284
1735.0,2812.988
1736.0,2814.692
1737.0,2816.397
1738.0,2818.101
1739.0,2819.806
1740.0,2821.51
1741.0,2823.215
1742.0,2824.921
1743.0,2826.626
1744.0,2828.331
1745.0,2830.037
1746.0,2831.742
1747.0,2833.447
1748.0,2835.152
1749.0,2836.858
1750.0,2838.563
1751.0,2840.269
1752.0,2841.976
1753.0,2843.682
1754.0,2845.388
1755.0,2847.095
1756.0,2848.801
1757.0,2850.507
1758.0,2852.213
1759.0,2853.92
1760.0,2855.626
1761.0,2857.333
1762.0,2859.04
1763.0,2860.748
1764.0,2862.455
1765.0,2864.162
1766.0,2865.869
1767.0,2867.576
1768.0,2869.284
1769.0,2870.991
1770.0,2872.698
1771.0,2874.406
1772.0,2876.114
1773.0,2877.823
1774.0,2879.531
1775.0,2881.239
1776.0,2882.947
1777.0,2884.655
1778.0,2886.364
1779.0,2888.072
1780.0,2889.78
1781.0,2891.489
1782.0,2893.198
1783.0,2894.907
1784.0,2896.616
1785.0,2898.326
1786.0,2900.035
1787.0,2901.744
1788.0,2903.453
1789.0,2905.162
1790.0,2906.871
1791.0,2908.581
1792.0,2910.291
1793.0,2912.001
1794.0,2913.711
1795.0,2915.422
1796.0,2917.132
1797.0,2918.842
1798.0,2920.552
1799.0,2922.262
1800.0,2923.972
1801.0,2925.683
1802.0,2927.394
1803.0,2929.105
1804.0,2930.816
1805.0,2932.528
1806.0,2934.239
1807.0,2935.95
1808.0,2937.661
1809.0,2939.372
1810.0,2941.083
1811.0,2942.795
1812.0,2944.507
1813.0,2946.219
1814.0,2947.931
1815.0,2949.643
1816.0,2951.355
1817.0,2953.067
1818.0,2954.779
1819.0,2956.491
1820.0,2958.203
1821.0,2959.916
1822.0,2961.629
1823.0,2963.342
1824.0,2965.055
1825.0,2966.768
1826.0,2968.48
1827.0,2970.193
1828.0,2971.906
1829.0,2973.619
1830.0,2975.332
1831.0,2977.046
1832.0,2978.76
1833.0,2980.474
1834.0,2982.188
1835.0,2983.902
1836.0,2985.616
1837.0,2987.33
1838.0,2989.044
1839.0,2990.758
1840.0,2992.472
1841.0,2994.187
1842.0,2995.902
1843.0,2997.616
1844.0,2999.331
1845.0,3001.046
1846.0,3002.761
1847.0,3004.476
1848.0,3006.19
1849.0,3007.905
1850.0,3009.62
1851.0,3011.336
1852.0,3013.052
1853.0,3014.768
1854.0,3016.484
1855.0,3018.2
1856.0,3019.915
1857.0,3021.631
1858.0,3023.347
1859.0,3025.063
1860.0,3026.779
1861.0,3028.496
1862.0,3030.213
1863.0,3031.929
1864.0,3033.646
1865.0,3035.363
1866.0,3037.08
1867.0,3038.797
1868.0,3040.513
1869.0,3042.23
1870.0,3043.947
1871.0,3045.665
1872.0,3047.382
1873.0,3049.1
1874.0,3050.818
1875.0,3052.536
1876.0,3054.253
1877.0,3055.971
1878.0,3057.689
1879.0,3059.406
1880.0,3061.124
1881.0,3062.843
1882.0,3064.561
1883.0,3066.28
1884.0,3067.999
1885.0,3069.718
1886.0,3071.436
1887.0,3073.155
1888.0,3074.874
1889.0,3076.592
1890.0,3078.311
1891.0,3080.031
1892.0,3081.75
1893.0,3083.47
1894.0,3085.189
1895.0,3086.909
1896.0,3088.629
1897.0,3090.348
1898.0,3092.068
1899.0,3093.787
1900.0,3095.507
1901.0,3097.228
1902.0,3098.948
1903.0,3100.669
1904.0,3102.39
1905.0,3104.111
1906.0,3105.831
1907.0,3107.552
1908.0,3109.273
1909.0,3110.993
1910.0,3112.714
1911.0,3114.436
1912.0,3116.157
1913.0,3117.879
1914.0,3119.6
1915.0,3121.322
1916.0,3123.043
1917.0,3124.765
1918.0,3126.486
1919.0,3128.208
1920.0,3129.929
1921.0,3131.652
1922.0,3133.374
1923.0,3135.097
1924.0,3136.819
1925.0,3138.542
1926.0,3140.264
1927.0,3141.987
1928.0,3143.709
1929.0,3145.432
1930.0,3147.154
1931.0,3148.878
1932.0,3150.601
1933.0,3152.325
1934.0,3154.048
1935.0,3155.772
1936.0,3157.495
1937.0,3159.219
1938.0,3160.942
1939.0,3162.666
1940.0,3164.389
1941.0,3166.114
1942.0,3167.838
1943.0,3169.563
1944.0,3171.287
1945.0,3173.012
1946.0,3174.736
1947.0,3176.461
1948.0,3178.185
1949.0,3179.91
1950.0,3181.634
1951.0,3183.359
1952.0,3185.085
1953.0,3186.81
1954.0,3188.535
1955.0,3190.261
1956.0,3191.986
1957.0,3193.711
1958.0,3195.436
1959.0,3197.162
1960.0,3198.887
1961.0,3200.613
1962.0,3202.34
1963.0,3204.066
1964.0,3205.793
1965.0,3207.519
1966.0,3209.245
1967.0,3210.972
1968.0,3212.698
1969.0,3214.425
1970.0,3216.151
1971.0,3217.878
1972.0,3219.606
1973.0,3221.333
1974.0,3223.06
1975.0,3224.788
1976.0,3226.515
1977.0,3228.242
1978.0,3229.969
1979.0,3231.697
1980.0,3233.424
1981.0,3235.152
1982.0,3236.88
1983.0,3238.608
1984.0,3240.336
1985.0,3242.065
1986.0,3243.793
1987.0,3245.521
1988.0,3247.249
1989.0,3248.977
1990.0,3250.705
1991.0,3252.434
1992.0,3254.163
1993.0,3255.893
1994.0,3257.622
1995.0,3259.351
1996.0,3261.08
1997.0,3262.809
1998.0,3264.539
1999.0,3266.268
2000.0,3267.997
2001.0,3269.727
2002.0,3271.457
2003.0,3273.188
2004.0,3274.918
2005.0,3276.648
2006.0,3278.378
2007.0,3280.108
2008.0,3281.839
2009.0,3283.569
2010.0,3285.299
2011.0,3287.03
2012.0,3288.761
2013.0,3290.492
2014.0,3292.223
2015.0,3293.955
2016.0,3295.686
2017.0,3297.417
2018.0,3299.148
2019.0,3300.879
2020.0,3302.61
2021.0,3304.342
2022.0,3306.074
2023.0,3307.806
2024.0,3309.538
2025.0,3311.27
2026.0,3313.002
2027.0,3314.734
2028.0,3316.466
2029.0,3318.198
2030.0,3319.93
2031.0,3321.663
2032.0,3323.396
2033.0,3325.129
2034.0,3326.862
2035.0,3328.596
2036.0,3330.329
2037.0,3332.062
2038.0,3333.795
2039.0,3335.528
2040.0,3337.261
2041.0,3338.995
2042.0,3340.729
2043.0,3342.463
2044.0,3344.197
2045.0,3345.931
2046.0,3347.664
2047.0,3349.398
2048.0,3351.132
2049.0,3352.866
2050.0,3354.6
2051.0,3356.335
2052.0,3358.07
2053.0,3359.805
2054.0,3361.54
2055.0,3363.275
2056.0,3365.01
2057.0,3366.745
2058.0,3368.48
2059.0,3370.215
2060.0,3371.95
2061.0,3373.686
2062.0,3375.422
2063.0,3377.158
2064.0,3378.894
2065.0,3380.63
2066.0,3382.365
2067.0,3384.101
2068.0,3385.837
2069.0,3387.573
2070.0,3389.309
2071.0,3391.046
2072.0,3392.783
2073.0,3394.519
2074.0,3396.256
2075.0,3397.993
2076.0,3399.73
2077.0,3401.467
2078.0,3403.203
2079.0,3404.94
2080.0,3406.677
2081.0,3408.415
2082.0,3410.153
2083.0,3411.89
2084.0,3413.628
2085.0,3415.366
2086.0,3417.104
2087.0,3418.842
2088.0,3420.579
2089.0,3422.317
2090.0,3424.055
2091.0,3425.794
2092.0,3427.533
2093.0,3429.271
2094.0,3431.01
2095.0,3432.749
2096.0,3434.488
2097.0,3436.227
2098.0,3437.965
2099.0,3439.704
2100.0,3441.443
2101.0,3443.183
2102.0,3444.922
2103.0,3446.662
2104.0,3448.402
2105.0,3450.142
2106.0,3451.881
2107.0,3453.621
2108.0,3455.361
2109.0,3457.1
2110.0,3458.84
2111.0,3460.581
2112.0,3462.321
2113.0,3464.062
2114.0,3465.802
2115.0,3467.543
2116.0,3469.284
2117.0,3471.024
2118.0,3472.765
2119.0,3474.505
2120.0,3476.246
2121.0,3477.988
2122.0,3479.729
2123.0,3481.471
2124.0,3483.213
2125.0,3484.955
2126.0,3486.696
2127.0,3488.438
2128.0,3490.18
2129.0,3491.921
2130.0,3493.663
2131.0,3495.406
2132.0,3497.148
2133.0,3498.891
2134.0,3500.633
2135.0,3502.376
2136.0,3504.118
2137.0,3505.861
2138.0,3507.603
2139.0,3509.346
2140.0,3511.088
2141.0,3512.832
2142.0,3514.575
2143.0,3516.319
2144.0,3518.062
2145.0,3519.806
2146.0,3521.55
2147.0,3523.293
2148.0,3525.037
2149.0,3526.78
2150.0,3528.524
2151.0,3530.269
2152.0,3532.013
2153.0,3533.758
2154.0,3535.502
2155.0,3537.247
2156.0,3538.991
2157.0,3540.736
2158.0,3542.48
2159.0,3544.225
2160.0,3545.969
2161.0,3547.714
2162.0,3549.46
2163.0,3551.205
2164.0,3552.951
2165.0,3554.696
2166.0,3556.441
2167.0,3558.187
2168.0,3559.932
2169.0,3561.678
2170.0,3563.423
2171.0,3565.169
2172.0,3566.916
2173.0,3568.662
2174.0,3570.409
2175.0,3572.155
2176.0,3573.901
2177.0,3575.648
2178.0,3577.394
2179.0,3579.141
2180.0,3580.887
2181.0,3582.634
2182.0,3584.382
2183.0,3586.129
2184.0,3587.877
2185.0,3589.624
2186.0,3591.371
2187.0,3593.119
2188.0,3594.866
2189.0,3596.614
2190.0,3598.361
2191.0,3600.109
2192.0,3601.858
2193.0,3603.606
2194.0,3605.354
2195.0,3607.103
2196.0,3608.851
2197.0,3610.599
2198.0,3612.347
2199.0,3614.096
2200.0,3615.844
2201.0,3617.593
2202.0,3619.343
2203.0,3621.092
2204.0,3622.841
2205.0,3624.591
2206.0,3626.34
2207.0,3628.089
2208.0,3629.838
2209.0,3631.588
2210.0,3633.337
2211.0,3635.087
2212.0,3636.837
2213.0,3638.588
2214.0,3640.338
2215.0,3642.088
2216.0,3643.838
2217.0,3645.588
2218.0,3647.339
2219.0,3649.089
2220.0,3650.839
2221.0,3652.59
2222.0,3654.341
2223.0,3656.093
2224.0,3657.844
2225.0,3659.595
2226.0,3661.346
2227.0,3663.097
2228.0,3664.849
2229.0,3666.6
2230.0,3668.351
2231.0,3670.103
2232.0,3671.855
2233.0,3673.607
2234.0,3675.359
2235.0,3677.112
2236.0,3678.864
2237.0,3680.616
2238.0,3682.368
2239.0,3684.12
2240.0,3685.872
2241.0,3687.625
2242.0,3689.378
2243.0,3691.131
2244.0,3692.884
2245.0,3694.638
2246.0,3696.391
2247.0,3698.144
2248.0,3699.897
2249.0,3701.65
2250.0,3703.403
2251.0,3705.157
2252.0,3706.911
2253.0,3708.665
2254.0,3710.419
2255.0,3712.174
2256.0,3713.928
2257.0,3715.682
2258.0,3717.436
2259.0,3719.19
2260.0,3720.944
2261.0,3722.699
2262.0,3724.454
2263.0,3726.209
2264.0,3727.964
2265.0,3729.719
2266.0,3731.474
2267.0,3733.229
2268.0,3734.984
2269.0,3736.739
2270.0,3738.494
2271.0,3740.25
2272.0,3742.006
2273.0,3743.762
2274.0,3745.518
2275.0,3747.274
2276.0,3749.029
2277.0,3750.785
2278.0,3752.541
2279.0,3754.297
2280.0,3756.053
2281.0,3757.81
2282.0,3759.567
2283.0,3761.323
2284.0,3763.08
2285.0,3764.837
2286.0,3766.594
2287.0,3768.351
2288.0,3770.107
2289.0,3771.864
2290.0,3773.621
2291.0,3775.379
2292.0,3777.137
2293.0,3778.895
2294.0,3780.653
2295.0,3782.411
2296.0,3784.168
2297.0,3785.926
2298.0,3787.684
2299.0,3789.442
2300.0,3791.2
2301.0,3792.959
2302.0,3794.718
2303.0,3796.477
2304.0,3798.236
2305.0,3799.995
2306.0,3801.753
2307.0,3803.512
2308.0,3805.271
2309.0,3807.03
2310.0,3808.789
2311.0,3810.549
2312.0,3812.308
2313.0,3814.068
2314.0,3815.828
2315.0,3817.588
2316.0,3819.347
2317.0,3821.107
2318.0,3822.867
2319.0,3824.626
2320.0,3826.386
2321.0,3828.147
2322.0,3829.908
2323.0,3831.668
2324.0,3833.429
2325.0,3835.19
2326.0,3836.951
2327.0,3838.712
2328.0,3840.472
2329.0,3842.233
2330.0,3843.994
2331.0,3845.756
2332.0,3847.517
2333.0,3849.279
2334.0,3851.041
2335.0,3852.803
2336.0,3854.564
2337.0,3856.326
2338.0,3858.088
2339.0,3859.849
2340.0,3861.611
2341.0,3863.374
2342.0,3865.136
2343.0,3866.899
2344.0,3868.661
2345.0,3870.424
2346.0,3872.187
2347.0,3873.949
2348.0,3875.712
2349.0,3877.474
2350.0,3879.237
2351.0,3881.001
2352.0,3882.764
2353.0,3884.528
2354.0,3886.291
2355.0,3888.055
2356.0,3889.819
2357.0,3891.582
2358.0,3893.346
2359.0,3895.109
2360.0,3896.873
2361.0,3898.638
2362.0,3900.402
2363.0,3902.167
2364.0,3903.931
2365.0,3905.696
2366.0,3907.461
2367.0,3909.225
2368.0,3910.99
2369.0,3912.754
2370.0,3914.519
2371.0,3916.285
2372.0,3918.05
2373.0,3919.816
2374.0,3921.582
2375.0,3923.348
2376.0,3925.113
2377.0,3926.879
2378.0,3928.645
2379.0,3930.41
2380.0,3932.176
2381.0,3933.943
2382.0,3935.71
2383.0,3937.478
2384.0,3939.245
2385.0,3941.012
2386.0,3942.779
2387.0,3944.546
2388.0,3946.314
2389.0,3948.081
2390.0,3949.848
2391.0,3951.616
2392.0,3953.385
2393.0,3955.153
2394.0,3956.921
2395.0,3958.69
2396.0,3960.458
2397.0,3962.226
2398.0,3963.994
2399.0,3965.763
2400.0,3967.531
2401.0,3969.3
2402.0,3971.069
2403.0,3972.838
2404.0,3974.607
2405.0,3976.377
2406.0,3978.146
2407.0,3979.915
2408.0,3981.684
2409.0,3983.453
2410.0,3985.222
2411.0,3986.992
2412.0,3988.762
2413.0,3990.533
2414.0,3992.303
2415.0,3994.073
2416.0,3995.843
2417.0,3997.613
2418.0,3999.384
2419.0,4001.154
2420.0,4002.924
2421.0,4004.695
2422.0,4006.466
2423.0,4008.237
2424.0,4010.008
2425.0,4011.779
2426.0,4013.55
2427.0,4015.321
2428.0,4017.092
2429.0,4018.863
2430.0,4020.634
2431.0,4022.406
2432.0,4024.178
2433.0,4025.95
2434.0,4027.722
2435.0,4029.495
2436.0,4031.267
2437.0,4033.039
2438.0,4034.811
2439.0,4036.583
2440.0,4038.355
2441.0,4040.128
2442.0,4041.901
2443.0,4043.674
2444.0,4045.447
2445.0,4047.22
2446.0,4048.993
2447.0,4050.766
2448.0,4052.539
2449.0,4054.312
2450.0,4056.085
2451.0,4057.859
2452.0,4059.633
2453.0,4061.407
2454.0,4063.181
2455.0,4064.955
2456.0,4066.728
2457.0,4068.502
2458.0,4070.276
2459.0,4072.05
2460.0,4073.824
2461.0,4075.599
2462.0,4077.374
2463.0,4079.149
2464.0,4080.924
2465.0,4082.699
2466.0,4084.473
2467.0,4086.248
2468.0,4088.023
2469.0,4089.798
2470.0,4091.573
2471.0,4093.349
2472.0,4095.125
2473.0,4096.901
2474.0,4098.677
2475.0,4100.453
2476.0,4102.228
2477.0,4104.004
2478.0,4105.78
2479.0,4107.556
2480.0,4109.332
2481.0,4111.109
2482.0,4112.886
2483.0,4114.662
2484.0,4116.439
2485.0,4118.216
2486.0,4119.993
2487.0,4121.77
2488.0,4123.546
2489.0,4125.323
2490.0,4127.1
2491.0,4128.878
2492.0,4130.656
2493.0,4132.433
2494.0,4134.211
2495.0,4135.989
2496.0,4137.767
2497.0,4139.545
2498.0,4141.322
2499.0,4143.1
2500.0,4144.878
2501.0,4146.657
2502.0,4148.435
2503.0,4150.214
2504.0,4151.993
2505.0,4153.772
2506.0,4155.55
2507.0,4157.329
2508.0,4159.108
2509.0,4160.886
2510.0,4162.665
2511.0,4164.445
2512.0,4166.224
2513.0,4168.004
2514.0,4169.784
2515.0,4171.564
2516.0,4173.343
2517.0,4175.123
2518.0,4176.903
2519.0,4178.682
2520.0,4180.462
2521.0,4182.243
2522.0,4184.023
2523.0,4185.804
2524.0,4187.585
2525.0,4189.366
2526.0,4191.146
2527.0,4192.927
2528.0,4194.708
2529.0,4196.488
2530.0,4198.269
2531.0,4200.051
2532.0,4201.832
2533.0,4203.614
2534.0,4205.395
2535.0,4207.177
2536.0,4208.959
2537.0,4210.74
2538.0,4212.522
2539.0,4214.303
2540.0,4216.085
2541.0,4217.868
2542.0,4219.65
2543.0,4221.433
2544.0,4223.215
2545.0,4224.998
2546.0,4226.78
2547.0,4228.563
2548.0,4230.345
2549.0,4232.128
2550.0,4233.91
2551.0,4235.694
2552.0,4237.477
2553.0,4239.261
2554.0,4241.044
2555.0,4242.828
2556.0,4244.611
2557.0,4246.395
2558.0,4248.178
2559.0,4249.962
2560.0,4251.745
2561.0,4253.53
2562.0,4255.314
2563.0,4257.099
2564.0,4258.883
2565.0,4260.668
2566.0,4262.452
2567.0,4264.237
2568.0,4266.021
2569.0,4267.806
2570.0,4269.59
2571.0,4271.375
2572.0,4273.161
2573.0,4274.946
2574.0,4276.732
2575.0,4278.517
2576.0,4280.302
2577.0,4282.088
2578.0,4283.873
2579.0,4285.659
2580.0,4287.444
2581.0,4289.23
2582.0,4291.017
2583.0,4292.803
2584.0,4294.59
2585.0,4296.376
2586.0,4298.162
2587.0,4299.949
2588.0,4301.735
2589.0,4303.522
2590.0,4305.308
2591.0,4307.095
2592.0,4308.882
2593.0,4310.67
2594.0,4312.457
2595.0,4314.244
2596.0,4316.031
2597.0,4317.818
2598.0,4319.606
2599.0,4321.393
2600.0,4323.18
2601.0,4324.968
2602.0,4326.757
2603.0,4328.545
2604.0,4330.333
2605.0,4332.122
2606.0,4333.91
2607.0,4335.698
2608.0,4337.486
2609.0,4339.275
2610.0,4341.063
2611.0,4342.852
2612.0,4344.641
2613.0,4346.431
2614.0,4348.22
2615.0,4350.009
2616.0,4351.798
2617.0,4353.587
2618.0,4355.377
2619.0,4357.166
2620.0,4358.955
2621.0,4360.745
2622.0,4362.535
2623.0,4364.326
2624.0,4366.116
2625.0,4367.906
2626.0,4369.696
2627.0,4371.486
2628.0,4373.277
2629.0,4375.067
2630.0,4376.857
2631.0,4378.648
2632.0,4380.439
2633.0,4382.231
2634.0,4384.022
2635.0,4385.813
2636.0,4387.604
2637.0,4389.395
2638.0,4391.187
2639.0,4392.978
2640.0,4394.769
2641.0,4396.561
2642.0,4398.353
2643.0,4400.145
2644.0,4401.937
2645.0,4403.73
2646.0,4405.522
2647.0,4407.314
2648.0,4409.106
2649.0,4410.898
2650.0,4412.69
2651.0,4414.483
2652.0,4416.276
2653.0,4418.069
2654.0,4419.862
2655.0,4421.656
2656.0,4423.449
2657.0,4425.242
2658.0,4427.035
2659.0,4428.828
2660.0,4430.621
2661.0,4432.415
2662.0,4434.209
2663.0,4436.003
2664.0,4437.797
2665.0,4439.591
2666.0,4441.385
2667.0,4443.179
2668.0,4444.973
2669.0,4446.767
2670.0,4448.561
2671.0,4450.356
2672.0,4452.151
2673.0,4453.946
2674.0,4455.741
2675.0,4457.536
2676.0,4459.331
2677.0,4461.126
2678.0,4462.921
2679.0,4464.716
2680.0,4466.511
2681.0,4468.307
2682.0,4470.103
2683.0,4471.899
2684.0,4473.695
2685.0,4475.491
2686.0,4477.286
2687.0,4479.082
2688.0,4480.878
2689.0,4482.674
2690.0,4484.47
2691.0,4486.267
2692.0,4488.064
2693.0,4489.861
2694.0,4491.658
2695.0,4493.455
2696.0,4495.251
2697.0,4497.048
2698.0,4498.845
2699.0,4500.642
2700.0,4502.439
2701.0,4504.237
2702.0,4506.035
2703.0,4507.832
2704.0,4509.63
2705.0,4511.428
2706.0,4513.226
2707.0,4515.024
2708.0,4516.821
2709.0,4518.619
2710.0,4520.417
2711.0,4522.216
2712.0,4524.015
2713.0,4525.814
2714.0,4527.613
2715.0,4529.412
2716.0,4531.21
2717.0,4533.009
2718.0,4534.808
2719.0,4536.607
2720.0,4538.406
2721.0,4540.206
2722.0,4542.005
2723.0,4543.805
2724.0,4545.605
2725.0,4547.405
2726.0,4549.204
2727.0,4551.004
2728.0,4552.804
2729.0,4554.603
2730.0,4556.403
2731.0,4558.204
2732.0,4560.004
2733.0,4561.805
2734.0,4563.606
2735.0,4565.407
2736.0,4567.207
2737.0,4569.008
2738.0,4570.809
2739.0,4572.609
2740.0,4574.41
2741.0,4576.212
2742.0,4578.013
2743.0,4579.815
2744.0,4581.617
2745.0,4583.419
2746.0,4585.22
2747.0,4587.022
2748.0,4588.824
2749.0,4590.625
2750.0,4592.427
2751.0,4594.23
2752.0,4596.032
2753.0,4597.835
2754.0,4599.637
2755.0,4601.44
2756.0,4603.243
2757.0,4605.045
2758.0,4606.848
2759.0,4608.65
2760.0,4610.453
2761.0,4612.257
2762.0,4614.06
2763.0,4615.864
2764.0,4617.667
2765.0,4619.471
2766.0,4621.275
2767.0,4623.078
2768.0,4624.882
2769.0,4626.685
2770.0,4628.489
2771.0,4630.294
2772.0,4632.098
2773.0,4633.903
2774.0,4635.707
2775.0,4637.512
2776.0,4639.317
2777.0,4641.121
2778.0,4642.926
2779.0,4644.73
2780.0,4646.535
2781.0,4648.34
2782.0,4650.146
2783.0,4651.951
2784.0,4653.757
2785.0,4655.562
2786.0,4657.367
2787.0,4659.173
2788.0,4660.978
2789.0,4662.784
2790.0,4664.589
2791.0,4666.396
2792.0,4668.202
2793.0,4670.009
2794.0,4671.815
2795.0,4673.622
2796.0,4675.428
2797.0,4677.235
2798.0,4679.041
2799.0,4680.848
2800.0,4682.654
2801.0,4684.461
2802.0,4686.269
2803.0,4688.076
2804.0,4689.884
2805.0,4691.691
2806.0,4693.498
2807.0,4695.306
2808.0,4697.113
2809.0,4698.921
2810.0,4700.728
2811.0,4702.536
2812.0,4704.345
2813.0,4706.153
2814.0,4707.962
2815.0,4709.77
2816.0,4711.578
2817.0,4713.387
2818.0,4715.195
2819.0,4717.004
2820.0,4718.812
2821.0,4720.621
2822.0,4722.431
2823.0,4724.24
2824.0,4726.049
2825.0,4727.859
2826.0,4729.668
2827.0,4731.477
2828.0,4733.286
2829.0,4735.096
2830.0,4736.905
2831.0,4738.715
2832.0,4740.526
2833.0,4742.336
2834.0,4744.146
2835.0,4745.957
2836.0,4747.767
2837.0,4749.577
2838.0,4751.387
2839.0,4753.198
2840.0,4755.008
2841.0,4756.819
2842.0,4758.63
2843.0,4760.442
2844.0,4762.253
2845.0,4764.064
2846.0,4765.875
2847.0,4767.686
2848.0,4769.498
2849.0,4771.309
2850.0,4773.12
2851.0,4774.932
2852.0,4776.744
2853.0,4778.557
2854.0,4780.369
2855.0,4782.181
2856.0,4783.993
2857.0,4785.805
2858.0,4787.618
2859.0,4789.43
2860.0,4791.242
2861.0,4793.055
2862.0,4794.868
2863.0,4796.681
2864.0,4798.494
2865.0,4800.308
2866.0,4802.121
2867.0,4803.934
2868.0,4805.747
2869.0,4807.56
2870.0,4809.373
2871.0,4811.187
2872.0,4813.001
2873.0,4814.815
2874.0,4816.629
2875.0,4818.444
2876.0,4820.258
2877.0,4822.072
2878.0,4823.886
2879.0,4825.7
2880.0,4827.514
2881.0,4829.329
2882.0,4831.144
2883.0,4832.959
2884.0,4834.774
2885.0,4836.59
2886.0,4838.405
2887.0,4840.22
2888.0,4842.035
2889.0,4843.85
2890.0,4845.665
2891.0,4847.481
2892.0,4849.297
2893.0,4851.113
2894.0,4852.929
2895.0,4854.745
2896.0,4856.56
2897.0,4858.376
2898.0,4860.192
2899.0,4862.008
2900.0,4863.824
2901.0,4865.641
2902.0,4867.458
2903.0,4869.275
2904.0,4871.092
2905.0,4872.909
2906.0,4874.725
2907.0,4876.542
2908.0,4878.359
2909.0,4880.176
2910.0,4881.993
2911.0,4883.811
2912.0,4885.629
2913.0,4887.447
2914.0,4889.265
2915.0,4891.083
2916.0,4892.9
2917.0,4894.718
2918.0,4896.536
2919.0,4898.354
2920.0,4900.172
2921.0,4901.991
2922.0,4903.81
2923.0,4905.629
2924.0,4907.448
2925.0,4909.267
2926.0,4911.085
2927.0,4912.904
2928.0,4914.723
2929.0,4916.542
2930.0,4918.361
2931.0,4920.181
2932.0,4922.001
2933.0,4923.821
2934.0,4925.641
2935.0,4927.461
2936.0,4929.28
2937.0,4931.1
2938.0,4932.92
2939.0,4934.74
2940.0,4936.56
2941.0,4938.381
2942.0,4940.201
2943.0,4942.022
2944.0,4943.843
2945.0,4945.664
2946.0,4947.484
2947.0,4949.305
2948.0,4951.126
2949.0,4952.946
2950.0,4954.767
2951.0,4956.589
2952.0,4958.411
2953.0,4960.232
2954.0,4962.054
2955.0,4963.876
2956.0,4965.698
2957.0,4967.52
2958.0,4969.341
2959.0,4971.163
2960.0,4972.985
2961.0,4974.808
2962.0,4976.63
2963.0,4978.453
2964.0,4980.276
2965.0,4982.099
2966.0,4983.921
2967.0,4985.744
2968.0,4987.567
2969.0,4989.389
2970.0,4991.212
2971.0,4993.036
2972.0,4994.859
2973.0,4996.683
2974.0,4998.506
2975.0,5000.33
2976.0,5002.154
2977.0,5003.977
2978.0,5005.801
2979.0,5007.624
2980.0,5009.448
2981.0,5011.273
2982.0,5013.097
2983.0,5014.922
2984.0,5016.747
2985.0,5018.572
2986.0,5020.396
2987.0,5022.221
2988.0,5024.046
2989.0,5025.87
2990.0,5027.695
2991.0,5029.521
2992.0,5031.346
2993.0,5033.172
2994.0,5034.997
2995.0,5036.823
2996.0,5038.648
2997.0,5040.474
2998.0,5042.299
2999.0,5044.125
3000.0,5045.95
3001.0,5047.777
3002.0,5049.603
3003.0,5051.43
3004.0,5053.256
3005.0,5055.083
3006.0,5056.91
3007.0,5058.736
3008.0,5060.563
3009.0,5062.389
3010.0,5064.216
3011.0,5066.043
3012.0,5067.871
3013.0,5069.698
3014.0,5071.526
3015.0,5073.353
3016.0,5075.18
3017.0,5077.008
3018.0,5078.835
3019.0,5080.663
3020.0,5082.49
3021.0,5084.319
3022.0,5086.147
3023.0,5087.976
3024.0,5089.804
3025.0,5091.633
3026.0,5093.461
3027.0,5095.29
3028.0,5097.118
3029.0,5098.947
3030.0,5100.775
3031.0,5102.604
3032.0,5104.434
3033.0,5106.263
3034.0,5108.093
3035.0,5109.922
3036.0,5111.751
3037.0,5113.581
3038.0,5115.41
3039.0,5117.24
3040.0,5119.069
3041.0,5120.899
3042.0,5122.73
3043.0,5124.56
3044.0,5126.39
3045.0,5128.221
3046.0,5130.051
3047.0,5131.881
3048.0,5133.711
3049.0,5135.542
3050.0,5137.372
3051.0,5139.203
3052.0,5141.035
3053.0,5142.866
3054.0,5144.697
3055.0,5146.529
3056.0,5148.36
3057.0,5150.191
3058.0,5152.022
3059.0,5153.854
3060.0,5155.685
3061.0,5157.517
3062.0,5159.35
3063.0,5161.182
3064.0,5163.014
3065.0,5164.847
3066.0,5166.679
3067.0,5168.511
3068.0,5170.343
3069.0,5172.176
3070.0,5174.008
3071.0,5175.841
3072.0,5177.674
3073.0,5179.508
3074.0,5181.341
3075.0,5183.174
3076.0,5185.007
3077.0,5186.84
3078.0,5188.674
3079.0,5190.507
3080.0,5192.34
3081.0,5194.174
3082.0,5196.008
3083.0,5197.843
3084.0,5199.677
3085.0,5201.511
3086.0,5203.345
3087.0,5205.179
3088.0,5207.014
3089.0,5208.848
3090.0,5210.682
3091.0,5212.517
3092.0,5214.352
3093.0,5216.187
3094.0,5218.022
3095.0,5219.858
3096.0,5221.693
3097.0,5223.528
3098.0,5225.363
3099.0,5227.198
3100.0,5229.033
3101.0,5230.869
3102.0,5232.705
3103.0,5234.541
3104.0,5236.377
3105.0,5238.214
3106.0,5240.05
3107.0,5241.886
3108.0,5243.722
3109.0,5245.558
3110.0,5247.394
3111.0,5249.231
3112.0,5251.068
3113.0,5252.905
3114.0,5254.742
3115.0,5256.579
3116.0,5258.416
3117.0,5260.253
3118.0,5262.09
3119.0,5263.927
3120.0,5265.764
3121.0,5267.602
3122.0,5269.44
3123.0,5271.278
3124.0,5273.116
3125.0,5274.954
3126.0,5276.792
3127.0,5278.63
3128.0,5280.468
3129.0,5282.306
3130.0,5284.144
3131.0,5285.983
3132.0,5287.822
3133.0,5289.661
3134.0,5291.5
3135.0,5293.339
3136.0,5295.178
3137.0,5297.017
3138.0,5298.856
3139.0,5300.695
3140.0,5302.534
3141.0,5304.374
3142.0,5306.214
3143.0,5308.054
3144.0,5309.894
3145.0,5311.734
3146.0,5313.573
3147.0,5315.413
3148.0,5317.253
3149.0,5319.093
3150.0,5320.933
3151.0,5322.774
3152.0,5324.615
3153.0,5326.455
3154.0,5328.296
3155.0,5330.137
3156.0,5331.978
3157.0,5333.819
3158.0,5335.659
3159.0,5337.5
3160.0,5339.341
3161.0,5341.183
3162.0,5343.025
3163.0,5344.867
3164.0,5346.709
3165.0,5348.551
3166.0,5350.392
3167.0,5352.234
3168.0,5354.076
3169.0,5355.918
3170.0,5357.76
3171.0,5359.603
3172.0,5361.445
3173.0,5363.288
3174.0,5365.131
3175.0,5366.974
3176.0,5368.816
3177.0,5370.659
3178.0,5372.502
3179.0,5374.344
3180.0,5376.187
3181.0,5378.031
3182.0,5379.875
3183.0,5381.718
3184.0,5383.562
3185.0,5385.406
3186.0,5387.25
3187.0,5389.094
3188.0,5390.937
3189.0,5392.781
3190.0,5394.625
3191.0,5396.47
3192.0,5398.314
3193.0,5400.159
3194.0,5402.004
3195.0,5403.849
3196.0,5405.693
3197.0,5407.538
3198.0,5409.383
3199.0,5411.227
3200.0,5413.072
3201.0,5414.917
3202.0,5416.763
3203.0,5418.608
3204.0,5420.454
3205.0,5422.299
3206.0,5424.144
3207.0,5425.99
3208.0,5427.835
3209.0,5429.681
3210.0,5431.526
3211.0,5433.373
3212.0,5435.219
3213.0,5437.066
3214.0,5438.912
3215.0,5440.759
3216.0,5442.606
3217.0,5444.452
3218.0,5446.299
3219.0,5448.145
3220.0,5449.992
3221.0,5451.84
3222.0,5453.687
3223.0,5455.535
3224.0,5457.382
3225.0,5459.23
3226.0,5461.078
3227.0,5462.925
3228.0,5464.773
3229.0,5466.62
3230.0,5468.468
3231.0,5470.317
3232.0,5472.165
3233.0,5474.014
3234.0,5475.862
3235.0,5477.711
3236.0,5479.559
3237.0,5481.408
3238.0,5483.256
3239.0,5485.105
3240.0,5486.953
3241.0,5488.803
3242.0,5490.652
3243.0,5492.502
3244.0,5494.351
3245.0,5496.201
3246.0,5498.05
3247.0,5499.9
3248.0,5501.749
3249.0,5503.599
3250.0,5505.448
3251.0,5507.298
3252.0,5509.149
3253.0,5510.999
3254.0,5512.85
3255.0,5514.7
3256.0,5516.55
3257.0,5518.401
3258.0,5520.251
3259.0,5522.102
3260.0,5523.952
3261.0,5525.803
3262.0,5527.655
3263.0,5529.506
3264.0,5531.358
3265.0,5533.209
3266.0,5535.06
3267.0,5536.912
3268.0,5538.763
3269.0,5540.615
3270.0,5542.466
3271.0,5544.318
3272.0,5546.171
3273.0,5548.023
3274.0,5549.875
3275.0,5551.728
3276.0,5553.58
3277.0,5555.432
3278.0,5557.284
3279.0,5559.137
3280.0,5560.989
3281.0,5562.842
3282.0,5564.696
3283.0,5566.549
3284.0,5568.402
3285.0,5570.256
3286.0,5572.109
3287.0,5573.962
3288.0,5575.815
3289.0,5577.669
3290.0,5579.522
3291.0,5581.376
3292.0,5583.23
3293.0,5585.085
3294.0,5586.939
3295.0,5588.793
3296.0,5590.647
3297.0,5592.501
3298.0,5594.356
3299.0,5596.21
3300.0,5598.064
3301.0,5599.919
3302.0,5601.774
3303.0,5603.63
3304.0,5605.485
3305.0,5607.34
3306.0,5609.195
3307.0,5611.05
3308.0,5612.906
3309.0,5614.761
3310.0,5616.616
3311.0,5618.472
3312.0,5620.328
3313.0,5622.185
3314.0,5624.041
3315.0,5625.897
3316.0,5627.753
3317.0,5629.609
3318.0,5631.466
3319.0,5633.322
3320.0,5635.178
3321.0,5637.035
3322.0,5638.892
3323.0,5640.749
3324.0,5642.606
3325.0,5644.464
3326.0,5646.321
3327.0,5648.178
3328.0,5650.035
3329.0,5651.892
3330.0,5653.749
3331.0,5655.607
3332.0,5657.465
3333.0,5659.323
3334.0,5661.181
3335.0,5663.04
3336.0,5664.898
3337.0,5666.756
3338.0,5668.614
3339.0,5670.472
3340.0,5672.33
3341.0,5674.189
3342.0,5676.048
3343.0,5677.907
3344.0,5679.766
3345.0,5681.625
3346.0,5683.484
3347.0,5685.343
3348.0,5687.202
3349.0,5689.061
3350.0,5690.92
3351.0,5692.78
3352.0,5694.64
3353.0,5696.5
3354.0,5698.36
3355.0,5700.22
3356.0,5702.08
3357.0,5703.94
3358.0,5705.8
3359.0,5707.66
3360.0,5709.52
3361.0,5711.381
3362.0,5713.242
3363.0,5715.103
3364.0,5716.964
3365.0,5718.825
3366.0,5720.685
3367.0,5722.546
3368.0,5724.407
3369.0,5726.268
3370.0,5728.129
3371.0,5729.991
3372.0,5731.853
3373.0,5733.715
3374.0,5735.577
3375.0,5737.439
3376.0,5739.3
3377.0,5741.162
3378.0,5743.024
3379.0,5744.886
3380.0,5746.748
3381.0,5748.611
3382.0,5750.474
3383.0,5752.337
3384.0,5754.2
3385.0,5756.063
3386.0,5757.925
3387.0,5759.788
3388.0,5761.651
3389.0,5763.514
3390.0,5765.377
3391.0,5767.241
3392.0,5769.105
3393.0,5770.968
3394.0,5772.832
3395.0,5774.696
3396.0,5776.56
3397.0,5778.424
3398.0,5780.287
3399.0,5782.151
3400.0,5784.015
3401.0,5785.88
3402.0,5787.744
3403.0,5789.609
3404.0,5791.474
3405.0,5793.339
3406.0,5795.203
3407.0,5797.068
3408.0,5798.933
3409.0,5800.797
3410.0,5802.662
3411.0,5804.528
3412.0,5806.394
3413.0,5808.259
3414.0,5810.125
3415.0,5811.991
3416.0,5813.857
3417.0,5815.723
3418.0,5817.588
3419.0,5819.454
3420.0,5821.32
3421.0,5823.187
3422.0,5825.053
3423.0,5826.92
3424.0,5828.786
3425.0,5830.653
3426.0,5832.52
3427.0,5834.386
3428.0,5836.253
3429.0,5838.119
3430.0,5839.986
3431.0,5841.854
3432.0,5843.721
3433.0,5845.589
3434.0,5847.457
3435.0,5849.325
3436.0,5851.192
3437.0,5853.06
3438.0,5854.928
3439.0,5856.795
3440.0,5858.663
3441.0,5860.532
3442.0,5862.4
3443.0,5864.269
3444.0,5866.137
3445.0,5868.006
3446.0,5869.874
3447.0,5871.743
3448.0,5873.611
3449.0,5875.48
3450.0,5877.348
3451.0,5879.218
3452.0,5881.087
3453.0,5882.957
3454.0,5884.826
3455.0,5886.696
3456.0,5888.566
3457.0,5890.435
3458.0,5892.305
3459.0,5894.174
3460.0,5896.044
3461.0,5897.915
3462.0,5899.785
3463.0,5901.656
3464.0,5903.526
3465.0,5905.397
3466.0,5907.267
3467.0,5909.138
3468.0,5911.008
3469.0,5912.879
3470.0,5914.749
3471.0,5916.62
3472.0,5918.492
3473.0,5920.363
3474.0,5922.235
3475.0,5924.106
3476.0,5925.977
3477.0,5927.849
3478.0,5929.72
3479.0,5931.592
3480.0,5933.463
3481.0,5935.335
3482.0,5937.208
3483.0,5939.08
3484.0,5940.953
3485.0,5942.825
3486.0,5944.697
3487.0,5946.57
3488.0,5948.442
3489.0,5950.315
3490.0,5952.187
3491.0,5954.06
3492.0,5955.934
3493.0,5957.807
3494.0,5959.681
3495.0,5961.554
3496.0,5963.427
3497.0,5965.301
3498.0,5967.174
3499.0,5969.048
3500.0,5970.921
3501.0,5972.795
3502.0,5974.669
3503.0,5976.544
3504.0,5978.418
3505.0,5980.292
3506.0,5982.166
3507.0,5984.04
3508.0,5985.915
3509.0,5987.789
3510.0,5989.663
3511.0,5991.538
3512.0,5993.413
3513.0,5995.289
3514.0,5997.164
3515.0,5999.039
3516.0,6000.914
3517.0,6002.789
3518.0,6004.665
3519.0,6006.54
3520.0,6008.415
3521.0,6010.291
3522.0,6012.168
3523.0,6014.044
3524.0,6015.92
3525.0,6017.797
3526.0,6019.673
3527.0,6021.549
3528.0,6023.425
3529.0,6025.302
3530.0,6027.178
3531.0,6029.055
3532.0,6030.932
3533.0,6032.81
3534.0,6034.687
3535.0,6036.564
3536.0,6038.441
3537.0,6040.318
3538.0,6042.196
3539.0,6044.073
3540.0,6045.95
3541.0,6047.828
3542.0,6049.706
3543.0,6051.584
3544.0,6053.462
3545.0,6055.341
3546.0,6057.219
3547.0,6059.097
3548.0,6060.975
3549.0,6062.853
3550.0,6064.731
3551.0,6066.61
3552.0,6068.489
3553.0,6070.368
3554.0,6072.247
3555.0,6074.127
3556.0,6076.006
3557.0,6077.885
3558.0,6079.764
3559.0,6081.643
3560.0,6083.522
3561.0,6085.402
3562.0,6087.282
3563.0,6089.162
3564.0,6091.042
3565.0,6092.923
3566.0,6094.803
3567.0,6096.683
3568.0,6098.563
3569.0,6100.443
3570.0,6102.323
3571.0,6104.204
3572.0,6106.085
3573.0,6107.966
3574.0,6109.847
3575.0,6111.728
3576.0,6113.609
3577.0,6115.49
3578.0,6117.371
3579.0,6119.252
3580.0,6121.133
3581.0,6123.015
3582.0,6124.897
3583.0,6126.779
3584.0,6128.661
3585.0,6130.543
3586.0,6132.424
3587.0,6134.306
3588.0,6136.188
3589.0,6138.07
3590.0,6139.952
3591.0,6141.835
3592.0,6143.718
3593.0,6145.601
3594.0,6147.484
3595.0,6149.367
3596.0,6151.25
3597.0,6153.133
3598.0,6155.016
3599.0,6156.899
3600.0,6158.782
3601.0,6160.666
3602.0,6162.55
3603.0,6164.433
3604.0,6166.317
3605.0,6168.201
3606.0,6170.085
3607.0,6171.969
3608.0,6173.852
3609.0,6175.736
3610.0,6177.62
3611.0,6179.505
3612.0,6181.39
3613.0,6183.275
3614.0,6185.16
3615.0,6187.045
3616.0,6188.929
3617.0,6190.814
3618.0,6192.699
3619.0,6194.584
3620.0,6196.469
3621.0,6198.355
3622.0,6200.241
3623.0,6202.126
3624.0,6204.012
3625.0,6205.898
3626.0,6207.784
3627.0,6209.67
3628.0,6211.555
3629.0,6213.441
3630.0,6215.327
3631.0,6217.214
3632.0,6219.1
3633.0,6220.987
3634.0,6222.874
3635.0,6224.761
3636.0,6226.647
3637.0,6228.534
3638.0,6230.421
3639.0,6232.307
3640.0,6234.194
3641.0,6236.082
3642.0,6237.969
3643.0,6239.857
3644.0,6241.745
3645.0,6243.633
3646.0,6245.52
3647.0,6247.408
3648.0,6249.296
3649.0,6251.183
3650.0,6253.071
3651.0,6254.96
3652.0,6256.848
3653.0,6258.737
3654.0,6260.626
3655.0,6262.515
3656.0,6264.403
3657.0,6266.292
3658.0,6268.181
3659.0,6270.069
3660.0,6271.958
3661.0,6273.848
3662.0,6275.737
3663.0,6277.627
3664.0,6279.516
3665.0,6281.406
3666.0,6283.296
3667.0,6285.185
3668.0,6287.075
3669.0,6288.964
3670.0,6290.854
3671.0,6292.745
3672.0,6294.635
3673.0,6296.526
3674.0,6298.416
3675.0,6300.307
3676.0,6302.197
3677.0,6304.088
3678.0,6305.978
3679.0,6307.869
3680.0,6309.759
3681.0,6311.651
3682.0,6313.542
3683.0,6315.434
3684.0,6317.325
3685.0,6319.217
3686.0,6321.109
3687.0,6323.0
3688.0,6324.892
3689.0,6326.783
3690.0,6328.675
3691.0,6330.568
3692.0,6332.46
3693.0,6334.353
3694.0,6336.245
3695.0,6338.138
3696.0,6340.03
3697.0,6341.923
3698.0,6343.815
3699.0,6345.708
3700.0,6347.6
3701.0,6349.493
3702.0,6351.387
3703.0,6353.28
3704.0,6355.174
3705.0,6357.067
3706.0,6358.96
3707.0,6360.854
3708.0,6362.747
3709.0,6364.641
3710.0,6366.534
3711.0,6368.428
3712.0,6370.323
3713.0,6372.217
3714.0,6374.112
3715.0,6376.006
3716.0,6377.9
3717.0,6379.795
3718.0,6381.689
3719.0,6383.584
3720.0,6385.478
3721.0,6387.373
3722.0,6389.269
3723.0,6391.164
3724.0,6393.059
3725.0,6394.955
3726.0,6396.85
3727.0,6398.745
3728.0,6400.64
3729.0,6402.536
3730.0,6404.431
3731.0,6406.327
3732.0,6408.224
3733.0,6410.12
3734.0,6412.016
3735.0,6413.913
3736.0,6415.809
3737.0,6417.705
3738.0,6419.601
3739.0,6421.498
3740.0,6423.394
3741.0,6425.291
3742.0,6427.189
3743.0,6429.086
3744.0,6430.983
3745.0,6432.881
3746.0,6434.778
3747.0,6436.675
3748.0,6438.572
3749.0,6440.47
3750.0,6442.367
3751.0,6444.265
3752.0,6446.163
3753.0,6448.062
3754.0,6449.96
3755.0,6451.858
3756.0,6453.756
3757.0,6455.654
3758.0,6457.553
3759.0,6459.451
3760.0,6461.349
3761.0,6463.248
3762.0,6465.147
3763.0,6467.047
3764.0,6468.946
3765.0,6470.845
3766.0,6472.744
3767.0,6474.643
3768.0,6476.543
3769.0,6478.442
3770.0,6480.341
3771.0,6482.241
3772.0,6484.141
3773.0,6486.041
3774.0,6487.941
3775.0,6489.842
3776.0,6491.742
3777.0,6493.642
3778.0,6495.542
3779.0,6497.442
3780.0,6499.342
3781.0,6501.243
3782.0,6503.143
3783.0,6505.044
3784.0,6506.944
3785.0,6508.845
3786.0,6510.746
3787.0,6512.646
3788.0,6514.547
3789.0,6516.447
3790.0,6518.348
3791.0,6520.249
3792.0,6522.149
3793.0,6524.05
3794.0,6525.951
3795.0,6527.852
3796.0,6529.752
3797.0,6531.653
3798.0,6533.554
3799.0,6535.454
3800.0,6537.355
3801.0,6539.256
3802.0,6541.156
3803.0,6543.057
3804.0,6544.958
3805.0,6546.859
3806.0,6548.759
3807.0,6550.66
3808.0,6552.561
3809.0,6554.461
3810.0,6556.362
3811.0,6558.263
3812.0,6560.163
3813.0,6562.064
3814.0,6563.965
3815.0,6565.866
3816.0,6567.766
3817.0,6569.667
3818.0,6571.568
3819.0,6573.468
3820.0,6575.369
3821.0,6577.27
3822.0,6579.17
3823.0,6581.071
3824.0,6582.972
3825.0,6584.873
3826.0,6586.773
3827.0,6588.674
3828.0,6590.575
3829.0,6592.475
3830.0,6594.376
3831.0,6596.277
3832.0,6598.177
3833.0,6600.078
3834.0,6601.979
3835.0,6603.88
3836.0,6605.78
3837.0,6607.681
3838.0,6609.582
3839.0,6611.482
3840.0,6613.383
3841.0,6615.284
3842.0,6617.184
3843.0,6619.085
3844.0,6620.986
3845.0,6622.887
3846.0,6624.787
3847.0,6626.688
3848.0,6628.589
3849.0,6630.489
3850.0,6632.39
3851.0,6634.291
3852.0,6636.191
3853.0,6638.092
3854.0,6639.993
3855.0,6641.894
3856.0,6643.794
3857.0,6645.695
3858.0,6647.596
3859.0,6649.496
3860.0,6651.397
3861.0,6653.298
3862.0,6655.198
3863.0,6657.099
3864.0,6659.0
3865.0,6660.901
3866.0,6662.801
3867.0,6664.702
3868.0,6666.603
3869.0,6668.503
3870.0,6670.404
3871.0,6672.305
3872.0,6674.205
3873.0,6676.106
3874.0,6678.007
3875.0,6679.908
3876.0,6681.808
3877.0,6683.709
3878.0,6685.61
3879.0,6687.51
3880.0,6689.411
3881.0,6691.312
3882.0,6693.212
3883.0,6695.113
3884.0,6697.014
3885.0,6698.915
3886.0,6700.815
3887.0,6702.716
3888.0,6704.617
3889.0,6706.517
3890.0,6708.418
3891.0,6710.319
3892.0,6712.219
3893.0,6714.12
3894.0,6716.021
3895.0,6717.922
3896.0,6719.822
3897.0,6721.723
3898.0,6723.624
3899.0,6725.524
3900.0,6727.425
3901.0,6729.326
3902.0,6731.226
3903.0,6733.127
3904.0,6735.028
3905.0,6736.929
3906.0,6738.829
3907.0,6740.73
3908.0,6742.631
3909.0,6744.531
3910.0,6746.432
3911.0,6748.333
3912.0,6750.233
3913.0,6752.134
3914.0,6754.035
3915.0,6755.936
3916.0,6757.836
3917.0,6759.737
3918.0,6761.638
3919.0,6763.538
3920.0,6765.439
3921.0,6767.34
3922.0,6769.24
3923.0,6771.141
3924.0,6773.042
3925.0,6774.943
3926.0,6776.843
3927.0,6778.744
3928.0,6780.645
3929.0,6782.545
3930.0,6784.446
3931.0,6786.347
3932.0,6788.247
3933.0,6790.148
3934.0,6792.049
3935.0,6793.95
3936.0,6795.85
3937.0,6797.751
3938.0,6799.652
3939.0,6801.552
3940.0,6803.453
3941.0,6805.354
3942.0,6807.254
3943.0,6809.155
3944.0,6811.056
3945.0,6812.957
3946.0,6814.857
3947.0,6816.758
3948.0,6818.659
3949.0,6820.559
3950.0,6822.46
3951.0,6824.361
3952.0,6826.261
3953.0,6828.162
3954.0,6830.063
3955.0,6831.964
3956.0,6833.864
3957.0,6835.765
3958.0,6837.666
3959.0,6839.566
3960.0,6841.467
3961.0,6843.368
3962.0,6845.268
3963.0,6847.169
3964.0,6849.07
3965.0,6850.971
3966.0,6852.871
3967.0,6854.772
3968.0,6856.673
3969.0,6858.573
3970.0,6860.474
3971.0,6862.375
3972.0,6864.275
3973.0,6866.176
3974.0,6868.077
3975.0,6869.978
3976.0,6871.878
3977.0,6873.779
3978.0,6875.68
3979.0,6877.58
3980.0,6879.481
3981.0,6881.382
3982.0,6883.282
3983.0,6885.183
3984.0,6887.084
3985.0,6888.985
3986.0,6890.885
3987.0,6892.786
3988.0,6894.687
3989.0,6896.587
3990.0,6898.488
3991.0,6900.389
3992.0,6902.289
3993.0,6904.19
3994.0,6906.091
3995.0,6907.992
3996.0,6909.892
3997.0,6911.793
3998.0,6913.694
3999.0,6915.594
4000.0,6917.495
4001.0,6919.396
4002.0,6921.296
4003.0,6923.197
4004.0,6925.098
4005.0,6926.999
4006.0,6928.899
4007.0,6930.8
4008.0,6932.701
4009.0,6934.601
4010.0,6936.502
4011.0,6938.403
4012.0,6940.303
4013.0,6942.204
4014.0,6944.105
4015.0,6946.006
4016.0,6947.906
4017.0,6949.807
4018.0,6951.708
4019.0,6953.608
4020.0,6955.509
4021.0,6957.41
4022.0,6959.31
4023.0,6961.211
4024.0,6963.112
4025.0,6965.013
4026.0,6966.913
4027.0,6968.814
4028.0,6970.715
4029.0,6972.615
4030.0,6974.516
4031.0,6976.417
4032.0,6978.317
4033.0,6980.218
4034.0,6982.119
4035.0,6984.02
4036.0,6985.92
4037.0,6987.821
4038.0,6989.722
4039.0,6991.622
4040.0,6993.523
4041.0,6995.424
4042.0,6997.324
4043.0,6999.225
4044.0,7001.126
4045.0,7003.027
4046.0,7004.927
4047.0,7006.828
4048.0,7008.729
4049.0,7010.629
4050.0,7012.53
4051.0,7014.431
4052.0,7016.331
4053.0,7018.232
4054.0,7020.133
4055.0,7022.034
4056.0,7023.934
4057.0,7025.835
4058.0,7027.736
4059.0,7029.636
4060.0,7031.537
4061.0,7033.438
4062.0,7035.338
4063.0,7037.239
4064.0,7039.14
4065.0,7041.041
4066.0,7042.941
4067.0,7044.842
4068.0,7046.743
4069.0,7048.643
4070.0,7050.544
4071.0,7052.445
4072.0,7054.345
4073.0,7056.246
4074.0,7058.147
4075.0,7060.048
4076.0,7061.948
4077.0,7063.849
4078.0,7065.75
4079.0,7067.65
4080.0,7069.551
4081.0,7071.452
4082.0,7073.352
4083.0,7075.253
4084.0,7077.154
4085.0,7079.055
4086.0,7080.955
4087.0,7082.856
4088.0,7084.757
4089.0,7086.657
4090.0,7088.558
4091.0,7090.459
4092.0,7092.359
4093.0,7094.26
4094.0,7096.161
4095.0,7098.062
4096.0,7099.962
4097.0,7101.863
4098.0,7103.764
4099.0,7105.664
4100.0,7107.565
4101.0,7109.466
4102.0,7111.366
4103.0,7113.267
4104.0,7115.168
4105.0,7117.069
4106.0,7118.969
4107.0,7120.87
4108.0,7122.771
4109.0,7124.671
4110.0,7126.572
4111.0,7128.473
4112.0,7130.373
4113.0,7132.274
4114.0,7134.175
4115.0,7136.076
4116.0,7137.976
4117.0,7139.877
4118.0,7141.778
4119.0,7143.678
4120.0,7145.579
4121.0,7147.48
4122.0,7149.38
4123.0,7151.281
4124.0,7153.182
4125.0,7155.083
4126.0,7156.983
4127.0,7158.884
4128.0,7160.785
4129.0,7162.685
4130.0,7164.586
4131.0,7166.487
4132.0,7168.387
4133.0,7170.288
4134.0,7172.189
4135.0,7174.09
4136.0,7175.99
4137.0,7177.891
4138.0,7179.792
4139.0,7181.692
4140.0,7183.593
4141.0,7185.494
4142.0,7187.394
4143.0,7189.295
4144.0,7191.196
4145.0,7193.097
4146.0,7194.997
4147.0,7196.898
4148.0,7198.799
4149.0,7200.699
4150.0,7202.6
4151.0,7204.501
4152.0,7206.401
4153.0,7208.302
4154.0,7210.203
4155.0,7212.104
4156.0,7214.004
4157.0,7215.905
4158.0,7217.806
4159.0,7219.706
4160.0,7221.607
4161.0,7223.508
4162.0,7225.408
4163.0,7227.309
4164.0,7229.21
4165.0,7231.111
4166.0,7233.011
4167.0,7234.912
4168.0,7236.813
4169.0,7238.713
4170.0,7240.614
4171.0,7242.515
4172.0,7244.415
4173.0,7246.316
4174.0,7248.217
4175.0,7250.118
4176.0,7252.018
4177.0,7253.919
4178.0,7255.82
4179.0,7257.72
4180.0,7259.621
4181.0,7261.522
4182.0,7263.422
4183.0,7265.323
4184.0,7267.224
4185.0,7269.125
4186.0,7271.025
4187.0,7272.926
4188.0,7274.827
4189.0,7276.727
4190.0,7278.628
4191.0,7280.529
4192.0,7282.429
4193.0,7284.33
4194.0,7286.231
4195.0,7288.132
4196.0,7290.032
4197.0,7291.933
4198.0,7293.834
4199.0,7295.734
4200.0,7297.635
4201.0,7299.536
4202.0,7301.436
4203.0,7303.337
4204.0,7305.238
4205.0,7307.139
4206.0,7309.039
4207.0,7310.94
4208.0,7312.841
4209.0,7314.741
4210.0,7316.642
4211.0,7318.543
4212.0,7320.443
4213.0,7322.344
4214.0,7324.245
4215.0,7326.146
4216.0,7328.046
4217.0,7329.947
4218.0,7331.848
4219.0,7333.748
4220.0,7335.649
4221.0,7337.55
4222.0,7339.45
4223.0,7341.351
4224.0,7343.252
4225.0,7345.153
4226.0,7347.053
4227.0,7348.954
4228.0,7350.855
4229.0,7352.755
4230.0,7354.656
4231.0,7356.557
4232.0,7358.457
4233.0,7360.358
4234.0,7362.259
4235.0,7364.16
4236.0,7366.06
4237.0,7367.961
4238.0,7369.862
4239.0,7371.762
4240.0,7373.663
4241.0,7375.564
4242.0,7377.464
4243.0,7379.365
4244.0,7381.266
4245.0,7383.167
4246.0,7385.067
4247.0,7386.968
4248.0,7388.869
4249.0,7390.769
4250.0,7392.67
4251.0,7394.571
4252.0,7396.471
4253.0,7398.372
4254.0,7400.273
4255.0,7402.174
4256.0,7404.074
4257.0,7405.975
4258.0,7407.876
4259.0,7409.776
4260.0,7411.677
4261.0,7413.578
4262.0,7415.478
4263.0,7417.379
4264.0,7419.28
4265.0,7421.181
4266.0,7423.081
4267.0,7424.982
4268.0,7426.883
4269.0,7428.783
4270.0,7430.684
4271.0,7432.585
4272.0,7434.485
4273.0,7436.386
4274.0,7438.287
4275.0,7440.188
4276.0,7442.088
4277.0,7443.989
4278.0,7445.89
4279.0,7447.79
4280.0,7449.691
4281.0,7451.592
4282.0,7453.492
4283.0,7455.393
4284.0,7457.294
4285.0,7459.195
4286.0,7461.095
4287.0,7462.996
4288.0,7464.897
4289.0,7466.797
4290.0,7468.698
4291.0,7470.599
4292.0,7472.499
4293.0,7474.4
4294.0,7476.301
4295.0,7478.202
4296.0,7480.102
4297.0,7482.003
4298.0,7483.904
4299.0,7485.804
4300.0,7487.705
4301.0,7489.606
4302.0,7491.506
4303.0,7493.407
4304.0,7495.308
4305.0,7497.209
4306.0,7499.109
4307.0,7501.01
4308.0,7502.911
4309.0,7504.811
4310.0,7506.712
4311.0,7508.613
4312.0,7510.513
4313.0,7512.414
4314.0,7514.315
4315.0,7516.216
4316.0,7518.116
4317.0,7520.017
4318.0,7521.918
4319.0,7523.818
4320.0,7525.719
4321.0,7527.62
4322.0,7529.52
4323.0,7531.421
4324.0,7533.322
4325.0,7535.223
4326.0,7537.123
4327.0,7539.024
4328.0,7540.925
4329.0,7542.825
4330.0,7544.726
4331.0,7546.627
4332.0,7548.527
4333.0,7550.428
4334.0,7552.329
4335.0,7554.23
4336.0,7556.13
4337.0,7558.031
4338.0,7559.932
4339.0,7561.832
4340.0,7563.733
4341.0,7565.634
4342.0,7567.534
4343.0,7569.435
4344.0,7571.336
4345.0,7573.237
4346.0,7575.137
4347.0,7577.038
4348.0,7578.939
4349.0,7580.839
4350.0,7582.74
4351.0,7584.641
4352.0,7586.541
4353.0,7588.442
4354.0,7590.343
4355.0,7592.244
4356.0,7594.144
4357.0,7596.045
4358.0,7597.946
4359.0,7599.846
4360.0,7601.747
4361.0,7603.648
4362.0,7605.548
4363.0,7607.449
4364.0,7609.35
4365.0,7611.251
4366.0,7613.151
4367.0,7615.052
4368.0,7616.953
4369.0,7618.853
4370.0,7620.754
4371.0,7622.655
4372.0,7624.555
4373.0,7626.456
4374.0,7628.357
4375.0,7630.258
4376.0,7632.158
4377.0,7634.059
4378.0,7635.96
4379.0,7637.86
4380.0,7639.761
4381.0,7641.662
4382.0,7643.562
4383.0,7645.463
4384.0,7647.364
4385.0,7649.265
4386.0,7651.165
4387.0,7653.066
4388.0,7654.967
4389.0,7656.867
4390.0,7658.768
4391.0,7660.669
4392.0,7662.569
4393.0,7664.47
4394.0,7666.371
4395.0,7668.272
4396.0,7670.172
4397.0,7672.073
4398.0,7673.974
4399.0,7675.874
4400.0,7677.775
4401.0,7679.676
4402.0,7681.576
4403.0,7683.477
4404.0,7685.378
4405.0,7687.279
4406.0,7689.179
4407.0,7691.08
4408.0,7692.981
4409.0,7694.881
4410.0,7696.782
4411.0,7698.683
4412.0,7700.583
4413.0,7702.484
4414.0,7704.385
4415.0,7706.286
4416.0,7708.186
4417.0,7710.087
4418.0,7711.988
4419.0,7713.888
4420.0,7715.789
4421.0,7717.69
4422.0,7719.59
4423.0,7721.491
4424.0,7723.392
4425.0,7725.293
4426.0,7727.193
4427.0,7729.094
4428.0,7730.995
4429.0,7732.895
4430.0,7734.796
4431.0,7736.697
4432.0,7738.597
4433.0,7740.498
4434.0,7742.399
4435.0,7744.3
4436.0,7746.2
4437.0,7748.101
4438.0,7750.002
4439.0,7751.902
4440.0,7753.803
4441.0,7755.704
4442.0,7757.604
4443.0,7759.505
4444.0,7761.406
4445.0,7763.307
4446.0,7765.207
4447.0,7767.108
4448.0,7769.009
4449.0,7770.909
4450.0,7772.81
4451.0,7774.711
4452.0,7776.611
4453.0,7778.512
4454.0,7780.413
4455.0,7782.314
4456.0,7784.214
4457.0,7786.115
4458.0,7788.016
4459.0,7789.916
4460.0,7791.817
4461.0,7793.718
4462.0,7795.618
4463.0,7797.519
4464.0,7799.42
4465.0,7801.321
4466.0,7803.221
4467.0,7805.122
4468.0,7807.023
4469.0,7808.923
4470.0,7810.824
4471.0,7812.725
4472.0,7814.625
4473.0,7816.526
4474.0,7818.427
4475.0,7820.328
4476.0,7822.228
4477.0,7824.129
4478.0,7826.03
4479.0,7827.93
4480.0,7829.831
4481.0,7831.732
4482.0,7833.632
4483.0,7835.533
4484.0,7837.434
4485.0,7839.335
4486.0,7841.235
4487.0,7843.136
4488.0,7845.037
4489.0,7846.937
4490.0,7848.838
4491.0,7850.739
4492.0,7852.639
4493.0,7854.54
4494.0,7856.441
4495.0,7858.342
4496.0,7860.242
4497.0,7862.143
4498.0,7864.044
4499.0,7865.944
4500.0,7867.845
4501.0,7869.746
4502.0,7871.646
4503.0,7873.547
4504.0,7875.448
4505.0,7877.349
4506.0,7879.249
4507.0,7881.15
4508.0,7883.051
4509.0,7884.951
4510.0,7886.852
4511.0,7888.753
4512.0,7890.653
4513.0,7892.554
4514.0,7894.455
4515.0,7896.356
4516.0,7898.256
4517.0,7900.157
4518.0,7902.058
4519.0,7903.958
4520.0,7905.859
4521.0,7907.76
4522.0,7909.66
4523.0,7911.561
4524.0,7913.462
4525.0,7915.363
4526.0,7917.263
4527.0,7919.164
4528.0,7921.065
4529.0,7922.965
4530.0,7924.866
4531.0,7926.767
4532.0,7928.667
4533.0,7930.568
4534.0,7932.469
4535.0,7934.37
4536.0,7936.27
4537.0,7938.171
4538.0,7940.072
4539.0,7941.972
4540.0,7943.873
4541.0,7945.774
4542.0,7947.674
4543.0,7949.575
4544.0,7951.476
4545.0,7953.377
4546.0,7955.277
4547.0,7957.178
4548.0,7959.079
4549.0,7960.979
4550.0,7962.88
4551.0,7964.781
4552.0,7966.681
4553.0,7968.582
4554.0,7970.483
4555.0,7972.384
4556.0,7974.284
4557.0,7976.185
4558.0,7978.086
4559.0,7979.986
4560.0,7981.887
4561.0,7983.788
4562.0,7985.688
4563.0,7987.589
4564.0,7989.49
4565.0,7991.391
4566.0,7993.291
4567.0,7995.192
4568.0,7997.093
4569.0,7998.993
4570.0,8000.894
4571.0,8002.795
4572.0,8004.695
4573.0,8006.596
4574.0,8008.497
4575.0,8010.398
4576.0,8012.298
4577.0,8014.199
4578.0,8016.1
4579.0,8018.0
4580.0,8019.901
4581.0,8021.802
4582.0,8023.702
4583.0,8025.603
4584.0,8027.504
4585.0,8029.405
4586.0,8031.305
4587.0,8033.206
4588.0,8035.107
4589.0,8037.007
4590.0,8038.908
4591.0,8040.809
4592.0,8042.709
4593.0,8044.61
4594.0,8046.511
4595.0,8048.412
4596.0,8050.312
4597.0,8052.213
4598.0,8054.114
4599.0,8056.014
4600.0,8057.915
4601.0,8059.816
4602.0,8061.716
4603.0,8063.617
4604.0,8065.518
4605.0,8067.419
4606.0,8069.319
4607.0,8071.22
4608.0,8073.121
4609.0,8075.021
4610.0,8076.922
4611.0,8078.823
4612.0,8080.723
4613.0,8082.624
4614.0,8084.525
4615.0,8086.426
4616.0,8088.326
4617.0,8090.227
4618.0,8092.128
4619.0,8094.028
4620.0,8095.929
4621.0,8097.83
4622.0,8099.73
4623.0,8101.631
4624.0,8103.532
4625.0,8105.433
4626.0,8107.333
4627.0,8109.234
4628.0,8111.135
4629.0,8113.035
4630.0,8114.936
4631.0,8116.837
4632.0,8118.737
4633.0,8120.638
4634.0,8122.539
4635.0,8124.44
4636.0,8126.34
4637.0,8128.241
4638.0,8130.142
4639.0,8132.042
4640.0,8133.943
4641.0,8135.844
4642.0,8137.744
4643.0,8139.645
4644.0,8141.546
4645.0,8143.447
4646.0,8145.347
4647.0,8147.248
4648.0,8149.149
4649.0,8151.049
4650.0,8152.95
4651.0,8154.851
4652.0,8156.751
4653.0,8158.652
4654.0,8160.553
4655.0,8162.454
4656.0,8164.354
4657.0,8166.255
4658.0,8168.156
4659.0,8170.056
4660.0,8171.957
4661.0,8173.858
4662.0,8175.758
4663.0,8177.659
4664.0,8179.56
4665.0,8181.461
4666.0,8183.361
4667.0,8185.262
4668.0,8187.163
4669.0,8189.063
4670.0,8190.964
4671.0,8192.865
4672.0,8194.765
4673.0,8196.666
4674.0,8198.567
4675.0,8200.468
4676.0,8202.368
4677.0,8204.269
4678.0,8206.17
4679.0,8208.07
4680.0,8209.971
4681.0,8211.872
4682.0,8213.772
4683.0,8215.673
4684.0,8217.574
4685.0,8219.475
4686.0,8221.375
4687.0,8223.276
4688.0,8225.177
4689.0,8227.077
4690.0,8228.978
4691.0,8230.879
4692.0,8232.779
4693.0,8234.68
4694.0,8236.581
4695.0,8238.482
4696.0,8240.382
4697.0,8242.283
4698.0,8244.184
4699.0,8246.084
4700.0,8247.985
4701.0,8249.886
4702.0,8251.786
4703.0,8253.687
4704.0,8255.588
4705.0,8257.489
4706.0,8259.389
4707.0,8261.29
4708.0,8263.191
4709.0,8265.091
4710.0,8266.992
4711.0,8268.893
4712.0,8270.793
4713.0,8272.694
4714.0,8274.595
4715.0,8276.496
4716.0,8278.396
4717.0,8280.297
4718.0,8282.198
4719.0,8284.098
4720.0,8285.999
4721.0,8287.9
4722.0,8289.8
4723.0,8291.701
4724.0,8293.602
4725.0,8295.503
4726.0,8297.403
4727.0,8299.304
4728.0,8301.205
4729.0,8303.105
4730.0,8305.006
4731.0,8306.907
4732.0,8308.807
4733.0,8310.708
4734.0,8312.609
4735.0,8314.51
4736.0,8316.41
4737.0,8318.311
4738.0,8320.212
4739.0,8322.112
4740.0,8324.013
4741.0,8325.914
4742.0,8327.814
4743.0,8329.715
4744.0,8331.616
4745.0,8333.517
4746.0,8335.417
4747.0,8337.318
4748.0,8339.219
4749.0,8341.119
4750.0,8343.02
4751.0,8344.921
4752.0,8346.821
4753.0,8348.722
4754.0,8350.623
4755.0,8352.524
4756.0,8354.424
4757.0,8356.325
4758.0,8358.226
4759.0,8360.126
4760.0,8362.027
4761.0,8363.928
4762.0,8365.828
4763.0,8367.729
4764.0,8369.63
4765.0,8371.531
4766.0,8373.431
4767.0,8375.332
4768.0,8377.233
4769.0,8379.133
4770.0,8381.034
4771.0,8382.935
4772.0,8384.835
4773.0,8386.736
4774.0,8388.637
4775.0,8390.538
4776.0,8392.438
4777.0,8394.339
4778.0,8396.24
4779.0,8398.14
4780.0,8400.041
4781.0,8401.942
4782.0,8403.842
4783.0,8405.743
4784.0,8407.644
4785.0,8409.545
4786.0,8411.445
4787.0,8413.346
4788.0,8415.247
4789.0,8417.147
4790.0,8419.048
4791.0,8420.949
4792.0,8422.849
4793.0,8424.75
4794.0,8426.651
4795.0,8428.552
4796.0,8430.452
4797.0,8432.353
4798.0,8434.254
4799.0,8436.154
4800.0,8438.055
4801.0,8439.956
4802.0,8441.856
4803.0,8443.757
4804.0,8445.658
4805.0,8447.559
4806.0,8449.459
4807.0,8451.36
4808.0,8453.261
4809.0,8455.161
4810.0,8457.062
4811.0,8458.963
4812.0,8460.863
4813.0,8462.764
4814.0,8464.665
4815.0,8466.566
4816.0,8468.466
4817.0,8470.367
4818.0,8472.268
4819.0,8474.168
4820.0,8476.069
4821.0,8477.97
4822.0,8479.87
4823.0,8481.771
4824.0,8483.672
4825.0,8485.573
4826.0,8487.473
4827.0,8489.374
4828.0,8491.275
4829.0,8493.175
4830.0,8495.076
4831.0,8496.977
4832.0,8498.877
4833.0,8500.778
4834.0,8502.679
4835.0,8504.58
4836.0,8506.48
4837.0,8508.381
4838.0,8510.282
4839.0,8512.182
4840.0,8514.083
4841.0,8515.984
4842.0,8517.884
4843.0,8519.785
4844.0,8521.686
4845.0,8523.587
4846.0,8525.487
4847.0,8527.388
4848.0,8529.289
4849.0,8531.189
4850.0,8533.09
4851.0,8534.991
4852.0,8536.891
4853.0,8538.792
4854.0,8540.693
4855.0,8542.594
4856.0,8544.494
4857.0,8546.395
4858.0,8548.296
4859.0,8550.196
4860.0,8552.097
4861.0,8553.998
4862.0,8555.898
4863.0,8557.799
4864.0,8559.7
4865.0,8561.601
4866.0,8563.501
4867.0,8565.402
4868.0,8567.303
4869.0,8569.203
4870.0,8571.104
4871.0,8573.005
4872.0,8574.905
4873.0,8576.806
4874.0,8578.707
4875.0,8580.608
4876.0,8582.508
4877.0,8584.409
4878.0,8586.31
4879.0,8588.21
4880.0,8590.111
4881.0,8592.012
4882.0,8593.912
4883.0,8595.813
4884.0,8597.714
4885.0,8599.615
4886.0,8601.515
4887.0,8603.416
4888.0,8605.317
4889.0,8607.217
4890.0,8609.118
4891.0,8611.019
4892.0,8612.919
4893.0,8614.82
4894.0,8616.721
4895.0,8618.622
4896.0,8620.522
4897.0,8622.423
4898.0,8624.324
4899.0,8626.224
4900.0,8628.125
4901.0,8630.026
4902.0,8631.926
4903.0,8633.827
4904.0,8635.728
4905.0,8637.629
4906.0,8639.529
4907.0,8641.43
4908.0,8643.331
4909.0,8645.231
4910.0,8647.132
4911.0,8649.033
4912.0,8650.933
4913.0,8652.834
4914.0,8654.735
4915.0,8656.636
4916.0,8658.536
4917.0,8660.437
4918.0,8662.338
4919.0,8664.238
4920.0,8666.139
4921.0,8668.04
4922.0,8669.94
4923.0,8671.841
4924.0,8673.742
4925.0,8675.643
4926.0,8677.543
4927.0,8679.444
4928.0,8681.345
4929.0,8683.245
4930.0,8685.146
4931.0,8687.047
4932.0,8688.947
4933.0,8690.848
4934.0,8692.749
4935.0,8694.65
4936.0,8696.55
4937.0,8698.451
4938.0,8700.352
4939.0,8702.252
4940.0,8704.153
4941.0,8706.054
4942.0,8707.954
4943.0,8709.855
4944.0,8711.756
4945.0,8713.657
4946.0,8715.557
4947.0,8717.458
4948.0,8719.359
4949.0,8721.259
4950.0,8723.16
4951.0,8725.061
4952.0,8726.961
4953.0,8728.862
4954.0,8730.763
4955.0,8732.664
4956.0,8734.564
4957.0,8736.465
4958.0,8738.366
4959.0,8740.266
4960.0,8742.167
4961.0,8744.068
4962.0,8745.968
4963.0,8747.869
4964.0,8749.77
4965.0,8751.671
4966.0,8753.571
4967.0,8755.472
4968.0,8757.373
4969.0,8759.273
4970.0,8761.174
4971.0,8763.075
4972.0,8764.975
4973.0,8766.876
4974.0,8768.777
4975.0,8770.678
4976.0,8772.578
4977.0,8774.479
4978.0,8776.38
4979.0,8778.28
4980.0,8780.181
4981.0,8782.082
4982.0,8783.982
4983.0,8785.883
4984.0,8787.784
4985.0,8789.685
4986.0,8791.585
4987.0,8793.486
4988.0,8795.387
4989.0,8797.287
4990.0,8799.188
4991.0,8801.089
4992.0,8802.989
4993.0,8804.89
4994.0,8806.791
4995.0,8808.692
4996.0,8810.592
4997.0,8812.493
4998.0,8814.394
4999.0,8816.294
5000.0,8818.195
5001.0,8820.096
5002.0,8821.996
5003.0,8823.897
5004.0,8825.798
5005.0,8827.699
5006.0,8829.599
5007.0,8831.5
5008.0,8833.401
5009.0,8835.301
5010.0,8837.202
5011.0,8839.103
5012.0,8841.003
5013.0,8842.904
5014.0,8844.805
5015.0,8846.706
5016.0,8848.606
5017.0,8850.507
5018.0,8852.408
5019.0,8854.308
5020.0,8856.209
5021.0,8858.11
5022.0,8860.01
5023.0,8861.911
5024.0,8863.812
5025.0,8865.713
5026.0,8867.613
5027.0,8869.514
5028.0,8871.415
5029.0,8873.315
5030.0,8875.216
5031.0,8877.117
5032.0,8879.017
5033.0,8880.918
5034.0,8882.819
5035.0,8884.72
5036.0,8886.62
5037.0,8888.521
5038.0,8890.422
5039.0,8892.322
5040.0,8894.223
5041.0,8896.124
5042.0,8898.024
5043.0,8899.925
5044.0,8901.826
5045.0,8903.727
5046.0,8905.627
5047.0,8907.528
5048.0,8909.429
5049.0,8911.329
5050.0,8913.23
5051.0,8915.131
5052.0,8917.031
5053.0,8918.932
5054.0,8920.833
5055.0,8922.734
5056.0,8924.634
5057.0,8926.535
5058.0,8928.436
5059.0,8930.336
5060.0,8932.237
5061.0,8934.138
5062.0,8936.038
5063.0,8937.939
5064.0,8939.84
5065.0,8941.741
5066.0,8943.641
5067.0,8945.542
5068.0,8947.443
5069.0,8949.343
5070.0,8951.244
5071.0,8953.145
5072.0,8955.045
5073.0,8956.946
5074.0,8958.847
5075.0,8960.748
5076.0,8962.648
5077.0,8964.549
5078.0,8966.45
5079.0,8968.35
5080.0,8970.251
5081.0,8972.152
5082.0,8974.052
5083.0,8975.953
5084.0,8977.854
5085.0,8979.755
5086.0,8981.655
5087.0,8983.556
5088.0,8985.457
5089.0,8987.357
5090.0,8989.258
5091.0,8991.159
5092.0,8993.059
5093.0,8994.96
5094.0,8996.861
5095.0,8998.762
5096.0,9000.662
5097.0,9002.563
5098.0,9004.464
5099.0,9006.364
5100.0,9008.265
5101.0,9010.166
5102.0,9012.066
5103.0,9013.967
5104.0,9015.868
5105.0,9017.769
5106.0,9019.669
5107.0,9021.57
5108.0,9023.471
5109.0,9025.371
5110.0,9027.272
5111.0,9029.173
5112.0,9031.073
5113.0,9032.974
5114.0,9034.875
5115.0,9036.776
5116.0,9038.676
5117.0,9040.577
5118.0,9042.478
5119.0,9044.378
5120.0,9046.279
5121.0,9048.18
5122.0,9050.08
5123.0,9051.981
5124.0,9053.882
5125.0,9055.783
5126.0,9057.683
5127.0,9059.584
5128.0,9061.485
5129.0,9063.385
5130.0,9065.286
5131.0,9067.187
5132.0,9069.087
5133.0,9070.988
5134.0,9072.889
5135.0,9074.79
5136.0,9076.69
5137.0,9078.591
5138.0,9080.492
5139.0,9082.392
5140.0,9084.293
5141.0,9086.194
5142.0,9088.094
5143.0,9089.995
5144.0,9091.896
5145.0,9093.797
5146.0,9095.697
5147.0,9097.598
5148.0,9099.499
5149.0,9101.399
5150.0,9103.3
5151.0,9105.201
5152.0,9107.101
5153.0,9109.002
5154.0,9110.903
5155.0,9112.804
5156.0,9114.704
5157.0,9116.605
5158.0,9118.506
5159.0,9120.406
5160.0,9122.307
5161.0,9124.208
5162.0,9126.108
5163.0,9128.009
5164.0,9129.91
5165.0,9131.811
5166.0,9133.711
5167.0,9135.612
5168.0,9137.513
5169.0,9139.413
5170.0,9141.314
5171.0,9143.215
5172.0,9145.115
5173.0,9147.016
5174.0,9148.917
5175.0,9150.818
5176.0,9152.718
5177.0,9154.619
5178.0,9156.52
5179.0,9158.42
5180.0,9160.321
5181.0,9162.222
5182.0,9164.122
5183.0,9166.023
5184.0,9167.924
5185.0,9169.825
5186.0,9171.725
5187.0,9173.626
5188.0,9175.527
5189.0,9177.427
5190.0,9179.328
5191.0,9181.229
5192.0,9183.129
5193.0,9185.03
5194.0,9186.931
5195.0,9188.832
5196.0,9190.732
5197.0,9192.633
5198.0,9194.534
5199.0,9196.434
5200.0,9198.335
5201.0,9200.236
5202.0,9202.136
5203.0,9204.037
5204.0,9205.938
5205.0,9207.839
5206.0,9209.739
5207.0,9211.64
5208.0,9213.541
5209.0,9215.441
5210.0,9217.342
5211.0,9219.243
5212.0,9221.143
5213.0,9223.044
5214.0,9224.945
5215.0,9226.846
5216.0,9228.746
5217.0,9230.647
5218.0,9232.548
5219.0,9234.448
5220.0,9236.349
5221.0,9238.25
5222.0,9240.15
5223.0,9242.051
5224.0,9243.952
5225.0,9245.853
5226.0,9247.753
5227.0,9249.654
5228.0,9251.555
5229.0,9253.455
5230.0,9255.356
5231.0,9257.257
5232.0,9259.157
5233.0,9261.058
5234.0,9262.959
5235.0,9264.86
5236.0,9266.76
5237.0,9268.661
5238.0,9270.562
5239.0,9272.462
5240.0,9274.363
5241.0,9276.264
5242.0,9278.164
5243.0,9280.065
5244.0,9281.966
5245.0,9283.867
5246.0,9285.767
5247.0,9287.668
5248.0,9289.569
5249.0,9291.469
5250.0,9293.37
5251.0,9295.271
5252.0,9297.171
5253.0,9299.072
5254.0,9300.973
5255.0,9302.874
5256.0,9304.774
5257.0,9306.675
5258.0,9308.576
5259.0,9310.476
5260.0,9312.377
5261.0,9314.278
5262.0,9316.178
5263.0,9318.079
5264.0,9319.98
5265.0,9321.881
5266.0,9323.781
5267.0,9325.682
5268.0,9327.583
5269.0,9329.483
5270.0,9331.384
5271.0,9333.285
5272.0,9335.185
5273.0,9337.086
5274.0,9338.987
5275.0,9340.888
5276.0,9342.788
5277.0,9344.689
5278.0,9346.59
5279.0,9348.49
5280.0,9350.391
5281.0,9352.292
5282.0,9354.192
5283.0,9356.093
5284.0,9357.994
5285.0,9359.895
5286.0,9361.795
5287.0,9363.696
5288.0,9365.597
5289.0,9367.497
5290.0,9369.398
5291.0,9371.299
5292.0,9373.199
5293.0,9375.1
5294.0,9377.001
5295.0,9378.902
5296.0,9380.802
5297.0,9382.703
5298.0,9384.604
5299.0,9386.504
5300.0,9388.405
5301.0,9390.306
5302.0,9392.206
5303.0,9394.107
5304.0,9396.008
5305.0,9397.909
5306.0,9399.809
5307.0,9401.71
5308.0,9403.611
5309.0,9405.511
5310.0,9407.412
5311.0,9409.313
5312.0,9411.213
5313.0,9413.114
5314.0,9415.015
5315.0,9416.916
5316.0,9418.816
5317.0,9420.717
5318.0,9422.618
5319.0,9424.518
5320.0,9426.419
5321.0,9428.32
5322.0,9430.22
5323.0,9432.121
5324.0,9434.022
5325.0,9435.923
5326.0,9437.823
5327.0,9439.724
5328.0,9441.625
5329.0,9443.525
5330.0,9445.426
5331.0,9447.327
5332.0,9449.227
5333.0,9451.128
5334.0,9453.029
5335.0,9454.93
5336.0,9456.83
5337.0,9458.731
5338.0,9460.632
5339.0,9462.532
5340.0,9464.433
5341.0,9466.334
5342.0,9468.234
5343.0,9470.135
5344.0,9472.036
5345.0,9473.937
5346.0,9475.837
5347.0,9477.738
5348.0,9479.639
5349.0,9481.539
5350.0,9483.44
5351.0,9485.341
5352.0,9487.241
5353.0,9489.142
5354.0,9491.043
5355.0,9492.944
5356.0,9494.844
5357.0,9496.745
5358.0,9498.646
5359.0,9500.546
5360.0,9502.447
5361.0,9504.348
5362.0,9506.248
5363.0,9508.149
5364.0,9510.05
5365.0,9511.951
5366.0,9513.851
5367.0,9515.752
5368.0,9517.653
5369.0,9519.553
5370.0,9521.454
5371.0,9523.355
5372.0,9525.255
5373.0,9527.156
5374.0,9529.057
5375.0,9530.958
5376.0,9532.858
5377.0,9534.759
5378.0,9536.66
5379.0,9538.56
5380.0,9540.461
5381.0,9542.362
5382.0,9544.262
5383.0,9546.163
5384.0,9548.064
5385.0,9549.965
5386.0,9551.865
5387.0,9553.766
5388.0,9555.667
5389.0,9557.567
5390.0,9559.468
5391.0,9561.369
5392.0,9563.269
5393.0,9565.17
5394.0,9567.071
5395.0,9568.972
5396.0,9570.872
5397.0,9572.773
5398.0,9574.674
5399.0,9576.574
5400.0,9578.475
5401.0,9580.376
5402.0,9582.276
5403.0,9584.177
5404.0,9586.078
5405.0,9587.979
5406.0,9589.879
5407.0,9591.78
5408.0,9593.681
5409.0,9595.581
5410.0,9597.482
5411.0,9599.383
5412.0,9601.283
5413.0,9603.184
5414.0,9605.085
5415.0,9606.986
5416.0,9608.886
5417.0,9610.787
5418.0,9612.688
5419.0,9614.588
5420.0,9616.489
5421.0,9618.39
5422.0,9620.29
5423.0,9622.191
5424.0,9624.092
5425.0,9625.993
5426.0,9627.893
5427.0,9629.794
5428.0,9631.695
5429.0,9633.595
5430.0,9635.496
5431.0,9637.397
5432.0,9639.297
5433.0,9641.198
5434.0,9643.099
5435.0,9645.0
5436.0,9646.9
5437.0,9648.801
5438.0,9650.702
5439.0,9652.602
5440.0,9654.503
5441.0,9656.404
5442.0,9658.304
5443.0,9660.205
5444.0,9662.106
5445.0,9664.007
5446.0,9665.907
5447.0,9667.808
5448.0,9669.709
5449.0,9671.609
5450.0,9673.51
5451.0,9675.411
5452.0,9677.311
5453.0,9679.212
5454.0,9681.113
5455.0,9683.014
5456.0,9684.914
5457.0,9686.815
5458.0,9688.716
5459.0,9690.616
5460.0,9692.517
5461.0,9694.418
5462.0,9696.318
5463.0,9698.219
5464.0,9700.12
5465.0,9702.021
5466.0,9703.921
5467.0,9705.822
5468.0,9707.723
5469.0,9709.623
5470.0,9711.524
5471.0,9713.425
5472.0,9715.325
5473.0,9717.226
5474.0,9719.127
5475.0,9721.028
5476.0,9722.928
5477.0,9724.829
5478.0,9726.73
5479.0,9728.63
5480.0,9730.531
5481.0,9732.432
5482.0,9734.332
5483.0,9736.233
5484.0,9738.134
5485.0,9740.035
5486.0,9741.935
5487.0,9743.836
5488.0,9745.737
5489.0,9747.637
5490.0,9749.538
5491.0,9751.439
5492.0,9753.339
5493.0,9755.24
5494.0,9757.141
5495.0,9759.042
5496.0,9760.942
5497.0,9762.843
5498.0,9764.744
5499.0,9766.644
5500.0,9768.545
5501.0,9770.446
5502.0,9772.346
5503.0,9774.247
5504.0,9776.148
5505.0,9778.049
5506.0,9779.949
5507.0,9781.85
5508.0,9783.751
5509.0,9785.651
5510.0,9787.552
5511.0,9789.453
5512.0,9791.353
5513.0,9793.254
5514.0,9795.155
5515.0,9797.056
5516.0,9798.956
5517.0,9800.857
5518.0,9802.758
5519.0,9804.658
5520.0,9806.559
5521.0,9808.46
5522.0,9810.36
5523.0,9812.261
5524.0,9814.162
5525.0,9816.063
5526.0,9817.963
5527.0,9819.864
5528.0,9821.765
5529.0,9823.665
5530.0,9825.566
5531.0,9827.467
5532.0,9829.367
5533.0,9831.268
5534.0,9833.169
5535.0,9835.07
5536.0,9836.97
5537.0,9838.871
5538.0,9840.772
5539.0,9842.672
5540.0,9844.573
5541.0,9846.474
5542.0,9848.374
5543.0,9850.275
5544.0,9852.176
5545.0,9854.077
5546.0,9855.977
5547.0,9857.878
5548.0,9859.779
5549.0,9861.679
5550.0,9863.58
5551.0,9865.481
5552.0,9867.381
5553.0,9869.282
5554.0,9871.183
5555.0,9873.084
5556.0,9874.984
5557.0,9876.885
5558.0,9878.786
5559.0,9880.686
5560.0,9882.587
5561.0,9884.488
5562.0,9886.388
5563.0,9888.289
5564.0,9890.19
5565.0,9892.091
5566.0,9893.991
5567.0,9895.892
5568.0,9897.793
5569.0,9899.693
5570.0,9901.594
5571.0,9903.495
5572.0,9905.395
5573.0,9907.296
5574.0,9909.197
5575.0,9911.098
5576.0,9912.998
5577.0,9914.899
5578.0,9916.8
5579.0,9918.7
5580.0,9920.601
5581.0,9922.502
5582.0,9924.402
5583.0,9926.303
5584.0,9928.204
5585.0,9930.105
5586.0,9932.005
5587.0,9933.906
5588.0,9935.807
5589.0,9937.707
5590.0,9939.608
5591.0,9941.509
5592.0,9943.409
5593.0,9945.31
5594.0,9947.211
5595.0,9949.112
5596.0,9951.012
5597.0,9952.913
5598.0,9954.814
5599.0,9956.714
5600.0,9958.615
5601.0,9960.516
5602.0,9962.416
5603.0,9964.317
5604.0,9966.218
5605.0,9968.119
5606.0,9970.019
5607.0,9971.92
5608.0,9973.821
5609.0,9975.721
5610.0,9977.622
5611.0,9979.523
5612.0,9981.423
5613.0,9983.324
5614.0,9985.225
5615.0,9987.126
5616.0,9989.026
5617.0,9990.927
5618.0,9992.828
5619.0,9994.728
5620.0,9996.629
5621.0,9998.53
5622.0,10000.43
5623.0,10002.331
5624.0,10004.232
5625.0,10006.133
5626.0,10008.033
5627.0,10009.934
5628.0,10011.835
5629.0,10013.735
5630.0,10015.636
5631.0,10017.537
5632.0,10019.437
5633.0,10021.338
5634.0,10023.239
5635.0,10025.14
5636.0,10027.04
5637.0,10028.941
5638.0,10030.842
5639.0,10032.742
5640.0,10034.643
5641.0,10036.544
5642.0,10038.444
5643.0,10040.345
5644.0,10042.246
5645.0,10044.147
5646.0,10046.047
5647.0,10047.948
5648.0,10049.849
5649.0,10051.749
5650.0,10053.65
5651.0,10055.551
5652.0,10057.451
5653.0,10059.352
5654.0,10061.253
5655.0,10063.154
5656.0,10065.054
5657.0,10066.955
5658.0,10068.856
5659.0,10070.756
5660.0,10072.657
5661.0,10074.558
5662.0,10076.458
5663.0,10078.359
5664.0,10080.26
5665.0,10082.161
5666.0,10084.061
5667.0,10085.962
5668.0,10087.863
5669.0,10089.763
5670.0,10091.664
5671.0,10093.565
5672.0,10095.465
5673.0,10097.366
5674.0,10099.267
5675.0,10101.168
5676.0,10103.068
5677.0,10104.969
5678.0,10106.87
5679.0,10108.77
5680.0,10110.671
5681.0,10112.572
5682.0,10114.472
5683.0,10116.373
5684.0,10118.274
5685.0,10120.175
5686.0,10122.075
5687.0,10123.976
5688.0,10125.877
5689.0,10127.777
5690.0,10129.678
5691.0,10131.579
5692.0,10133.479
5693.0,10135.38
5694.0,10137.281
5695.0,10139.182
5696.0,10141.082
5697.0,10142.983
5698.0,10144.884
5699.0,10146.784
5700.0,10148.685
5701.0,10150.586
5702.0,10152.486
5703.0,10154.387
5704.0,10156.288
5705.0,10158.189
5706.0,10160.089
5707.0,10161.99
5708.0,10163.891
5709.0,10165.791
5710.0,10167.692
5711.0,10169.593
5712.0,10171.493
5713.0,10173.394
5714.0,10175.295
5715.0,10177.196
5716.0,10179.096
5717.0,10180.997
5718.0,10182.898
5719.0,10184.798
5720.0,10186.699
5721.0,10188.6
5722.0,10190.5
5723.0,10192.401
5724.0,10194.302
5725.0,10196.203
5726.0,10198.103
5727.0,10200.004
5728.0,10201.905
5729.0,10203.805
5730.0,10205.706
5731.0,10207.607
5732.0,10209.507
5733.0,10211.408
5734.0,10213.309
5735.0,10215.21
5736.0,10217.11
5737.0,10219.011
5738.0,10220.912
5739.0,10222.812
5740.0,10224.713
5741.0,10226.614
5742.0,10228.514
5743.0,10230.415
5744.0,10232.316
5745.0,10234.217
5746.0,10236.117
5747.0,10238.018
5748.0,10239.919
5749.0,10241.819
5750.0,10243.72
5751.0,10245.621
5752.0,10247.521
5753.0,10249.422
5754.0,10251.323
5755.0,10253.224
5756.0,10255.124
5757.0,10257.025
5758.0,10258.926
5759.0,10260.826
5760.0,10262.727
5761.0,10264.628
5762.0,10266.528
5763.0,10268.429
5764.0,10270.33
5765.0,10272.231
5766.0,10274.131
5767.0,10276.032
5768.0,10277.933
5769.0,10279.833
5770.0,10281.734
5771.0,10283.635
5772.0,10285.535
5773.0,10287.436
5774.0,10289.337
5775.0,10291.238
5776.0,10293.138
5777.0,10295.039
5778.0,10296.94
5779.0,10298.84
5780.0,10300.741
5781.0,10302.642
5782.0,10304.542
5783.0,10306.443
5784.0,10308.344
5785.0,10310.245
5786.0,10312.145
5787.0,10314.046
5788.0,10315.947
5789.0,10317.847
5790.0,10319.748
5791.0,10321.649
5792.0,10323.549
5793.0,10325.45
5794.0,10327.351
5795.0,10329.252
5796.0,10331.152
5797.0,10333.053
5798.0,10334.954
5799.0,10336.854
5800.0,10338.755
5801.0,10340.656
5802.0,10342.556
5803.0,10344.457
5804.0,10346.358
5805.0,10348.259
5806.0,10350.159
5807.0,10352.06
5808.0,10353.961
5809.0,10355.861
5810.0,10357.762
5811.0,10359.663
5812.0,10361.563
5813.0,10363.464
5814.0,10365.365
5815.0,10367.266
5816.0,10369.166
5817.0,10371.067
5818.0,10372.968
5819.0,10374.868
5820.0,10376.769
5821.0,10378.67
5822.0,10380.57
5823.0,10382.471
5824.0,10384.372
5825.0,10386.273
5826.0,10388.173
5827.0,10390.074
5828.0,10391.975
5829.0,10393.875
5830.0,10395.776
5831.0,10397.677
5832.0,10399.577
5833.0,10401.478
5834.0,10403.379
5835.0,10405.28
5836.0,10407.18
5837.0,10409.081
5838.0,10410.982
5839.0,10412.882
5840.0,10414.783
5841.0,10416.684
5842.0,10418.584
5843.0,10420.485
5844.0,10422.386
5845.0,10424.287
5846.0,10426.187
5847.0,10428.088
5848.0,10429.989
5849.0,10431.889
5850.0,10433.79
5851.0,10435.691
5852.0,10437.591
5853.0,10439.492
5854.0,10441.393
5855.0,10443.294
5856.0,10445.194
5857.0,10447.095
5858.0,10448.996
5859.0,10450.896
5860.0,10452.797
5861.0,10454.698
5862.0,10456.598
5863.0,10458.499
5864.0,10460.4
5865.0,10462.301
5866.0,10464.201
5867.0,10466.102
5868.0,10468.003
5869.0,10469.903
5870.0,10471.804
5871.0,10473.705
5872.0,10475.605
5873.0,10477.506
5874.0,10479.407
5875.0,10481.308
5876.0,10483.208
5877.0,10485.109
5878.0,10487.01
5879.0,10488.91
5880.0,10490.811
5881.0,10492.712
5882.0,10494.612
5883.0,10496.513
5884.0,10498.414
5885.0,10500.315
5886.0,10502.215
5887.0,10504.116
5888.0,10506.017
5889.0,10507.917
5890.0,10509.818
5891.0,10511.719
5892.0,10513.619
5893.0,10515.52
5894.0,10517.421
5895.0,10519.322
5896.0,10521.222
5897.0,10523.123
5898.0,10525.024
5899.0,10526.924
5900.0,10528.825
5901.0,10530.726
5902.0,10532.626
5903.0,10534.527
5904.0,10536.428
5905.0,10538.329
5906.0,10540.229
5907.0,10542.13
5908.0,10544.031
5909.0,10545.931
5910.0,10547.832
5911.0,10549.733
5912.0,10551.633
5913.0,10553.534
5914.0,10555.435
5915.0,10557.336
5916.0,10559.236
5917.0,10561.137
5918.0,10563.038
5919.0,10564.938
5920.0,10566.839
5921.0,10568.74
5922.0,10570.64
5923.0,10572.541
5924.0,10574.442
5925.0,10576.343
5926.0,10578.243
5927.0,10580.144
5928.0,10582.045
5929.0,10583.945
5930.0,10585.846
5931.0,10587.747
5932.0,10589.647
5933.0,10591.548
5934.0,10593.449
5935.0,10595.35
5936.0,10597.25
5937.0,10599.151
5938.0,10601.052
5939.0,10602.952
5940.0,10604.853
5941.0,10606.754
5942.0,10608.654
5943.0,10610.555
5944.0,10612.456
5945.0,10614.357
5946.0,10616.257
5947.0,10618.158
5948.0,10620.059
5949.0,10621.959
5950.0,10623.86
5951.0,10625.761
5952.0,10627.661
5953.0,10629.562
5954.0,10631.463
5955.0,10633.364
5956.0,10635.264
5957.0,10637.165
5958.0,10639.066
5959.0,10640.966
5960.0,10642.867
5961.0,10644.768
5962.0,10646.668
5963.0,10648.569
5964.0,10650.47
5965.0,10652.371
5966.0,10654.271
5967.0,10656.172
5968.0,10658.073
5969.0,10659.973
5970.0,10661.874
5971.0,10663.775
5972.0,10665.675
5973.0,10667.576
5974.0,10669.477
5975.0,10671.378
5976.0,10673.278
5977.0,10675.179
5978.0,10677.08
5979.0,10678.98
5980.0,10680.881
5981.0,10682.782
5982.0,10684.682
5983.0,10686.583
5984.0,10688.484
5985.0,10690.385
5986.0,10692.285
5987.0,10694.186
5988.0,10696.087
5989.0,10697.987
5990.0,10699.888
5991.0,10701.789
5992.0,10703.689
5993.0,10705.59
5994.0,10707.491
5995.0,10709.392
5996.0,10711.292
5997.0,10713.193
5998.0,10715.094
5999.0,10716.994
6000.0,10718.895
6010.0,10737.902
6020.0,10756.909
6030.0,10775.916
6040.0,10794.923
6050.0,10813.93
6060.0,10832.937
6070.0,10851.944
6080.0,10870.951
6090.0,10889.958
6100.0,10908.965
6110.0,10927.972
6120.0,10946.979
6130.0,10965.986
6140.0,10984.993
6150.0,11004.0
6160.0,11023.007
6170.0,11042.014
6180.0,11061.021
6190.0,11080.028
6200.0,11099.035
6210.0,11118.042
6220.0,11137.049
6230.0,11156.056
6240.0,11175.063
6250.0,11194.07
6260.0,11213.077
6270.0,11232.084
6280.0,11251.091
6290.0,11270.098
6300.0,11289.105
6310.0,11308.112
6320.0,11327.119
6330.0,11346.126
6340.0,11365.133
6350.0,11384.14
6360.0,11403.147
6370.0,11422.154
6380.0,11441.161
6390.0,11460.168
6400.0,11479.175
6410.0,11498.182
6420.0,11517.189
6430.0,11536.196
6440.0,11555.203
6450.0,11574.21
6460.0,11593.217
6470.0,11612.224
6480.0,11631.231
6490.0,11650.238
6500.0,11669.245
6510.0,11688.252
6520.0,11707.259
6530.0,11726.266
6540.0,11745.273
6550.0,11764.28
6560.0,11783.287
6570.0,11802.294
6580.0,11821.301
6590.0,11840.308
6600.0,11859.315
6610.0,11878.322
6620.0,11897.329
6630.0,11916.336
6640.0,11935.342
6650.0,11954.349
6660.0,11973.356
6670.0,11992.363
6680.0,12011.37
6690.0,12030.377
6700.0,12049.384
6710.0,12068.391
6720.0,12087.398
6730.0,12106.405
6740.0,12125.412
6750.0,12144.419
6760.0,12163.426
6770.0,12182.433
6780.0,12201.44
6790.0,12220.447
6800.0,12239.454
6810.0,12258.461
6820.0,12277.468
6830.0,12296.475
6840.0,12315.482
6850.0,12334.489
6860.0,12353.496
6870.0,12372.503
6880.0,12391.51
6890.0,12410.517
6900.0,12429.524
6910.0,12448.531
6920.0,12467.538
6930.0,12486.545
6940.0,12505.552
6950.0,12524.559
6960.0,12543.566
6970.0,12562.573
6980.0,12581.58
6990.0,12600.587
7000.0,12619.594
7010.0,12638.601
7020.0,12657.608
7030.0,12676.615
7040.0,12695.622
7050.0,12714.629
7060.0,12733.636
7070.0,12752.643
7080.0,12771.65
7090.0,12790.657
7100.0,12809.664
7110.0,12828.671
7120.0,12847.678
7130.0,12866.685
7140.0,12885.692
7150.0,12904.699
7160.0,12923.706
7170.0,12942.713
7180.0,12961.72
7190.0,12980.727
7200.0,12999.734
7210.0,13018.741
7220.0,13037.748
7230.0,13056.755
7240.0,13075.762
7250.0,13094.769
7260.0,13113.776
7270.0,13132.783
7280.0,13151.79
7290.0,13170.797
7300.0,13189.804
7310.0,13208.811
7320.0,13227.818
7330.0,13246.825
7340.0,13265.832
7350.0,13284.839
7360.0,13303.846
7370.0,13322.853
7380.0,13341.86
7390.0,13360.867
7400.0,13379.874
7410.0,13398.881
7420.0,13417.888
7430.0,13436.895
7440.0,13455.902
7450.0,13474.909
7460.0,13493.916
7470.0,13512.923
7480.0,13531.93
7490.0,13550.937
7500.0,13569.944
7510.0,13588.951
7520.0,13607.958
7530.0,13626.965
7540.0,13645.972
7550.0,13664.979
7560.0,13683.986
7570.0,13702.993
7580.0,13722.0
7590.0,13741.007
7600.0,13760.014
7610.0,13779.021
7620.0,13798.028
7630.0,13817.035
7640.0,13836.042
7650.0,13855.049
7660.0,13874.056
7670.0,13893.063
7680.0,13912.07
7690.0,13931.077
7700.0,13950.084
7710.0,13969.091
7720.0,13988.098
7730.0,14007.105
7740.0,14026.112
7750.0,14045.119
7760.0,14064.126
7770.0,14083.133
7780.0,14102.14
7790.0,14121.147
7800.0,14140.154
7810.0,14159.161
7820.0,14178.168
7830.0,14197.175
7840.0,14216.182
7850.0,14235.189
7860.0,14254.196
7870.0,14273.203
7880.0,14292.21
7890.0,14311.217
7900.0,14330.224
7910.0,14349.231
7920.0,14368.238
7930.0,14387.245
7940.0,14406.252
7950.0,14425.259
7960.0,14444.266
7970.0,14463.273
7980.0,14482.28
7990.0,14501.287
8000.0,14520.294
8010.0,14539.301
8020.0,14558.308
8030.0,14577.315
8040.0,14596.322
8050.0,14615.329
8060.0,14634.336
8070.0,14653.343
8080.0,14672.35
8090.0,14691.357
8100.0,14710.364
8110.0,14729.371
8120.0,14748.378
8130.0,14767.385
8140.0,14786.392
8150.0,14805.399
8160.0,14824.406
8170.0,14843.413
8180.0,14862.42
8190.0,14881.427
8200.0,14900.434
8210.0,14919.441
8220.0,14938.448
8230.0,14957.455
8240.0,14976.462
8250.0,14995.469
8260.0,15014.476
8270.0,15033.483
8280.0,15052.49
8290.0,15071.497
8300.0,15090.504
8310.0,15109.511
8320.0,15128.518
8330.0,15147.525
8340.0,15166.532
8350.0,15185.539
8360.0,15204.546
8370.0,15223.553
8380.0,15242.56
8390.0,15261.567
8400.0,15280.574
8410.0,15299.581
8420.0,15318.588
8430.0,15337.595
8440.0,15356.602
8450.0,15375.609
8460.0,15394.616
8470.0,15413.623
8480.0,15432.63
8490.0,15451.637
8500.0,15470.644
8510.0,15489.651
8520.0,15508.658
8530.0,15527.665
8540.0,15546.672
8550.0,15565.679
8560.0,15584.686
8570.0,15603.693
8580.0,15622.7
8590.0,15641.707
8600.0,15660.714
8610.0,15679.721
8620.0,15698.728
8630.0,15717.735
8640.0,15736.742
8650.0,15755.749
8660.0,15774.756
8670.0,15793.763
8680.0,15812.77
8690.0,15831.777
8700.0,15850.784
8710.0,15869.791
8720.0,15888.798
8730.0,15907.805
8740.0,15926.812
8750.0,15945.819
8760.0,15964.826
8770.0,15983.833
8780.0,16002.84
8790.0,16021.847
8800.0,16040.854
8810.0,16059.861
8820.0,16078.868
8830.0,16097.875
8840.0,16116.882
8850.0,16135.889
8860.0,16154.896
8870.0,16173.903
8880.0,16192.91
8890.0,16211.917
8900.0,16230.924
8910.0,16249.931
8920.0,16268.938
8930.0,16287.945
8940.0,16306.952
8950.0,16325.959
8960.0,16344.966
8970.0,16363.973
8980.0,16382.98
8990.0,16401.987
9000.0,16420.994
9010.0,16440.001
9020.0,16459.008
9030.0,16478.015
9040.0,16497.022
9050.0,16516.029
9060.0,16535.036
9070.0,16554.043
9080.0,16573.05
9090.0,16592.057
9100.0,16611.064
9110.0,16630.071
9120.0,16649.078
9130.0,16668.085
9140.0,16687.092
9150.0,16706.099
9160.0,16725.106
9170.0,16744.113
9180.0,16763.12
9190.0,16782.127
9200.0,16801.134
9210.0,16820.141
9220.0,16839.148
9230.0,16858.155
9240.0,16877.162
9250.0,16896.169
9260.0,16915.176
9270.0,16934.183
9280.0,16953.19
9290.0,16972.197
9300.0,16991.204
9310.0,17010.211
9320.0,17029.218
9330.0,17048.225
9340.0,17067.232
9350.0,17086.239
9360.0,17105.246
9370.0,17124.253
9380.0,17143.26
9390.0,17162.267
9400.0,17181.274
9410.0,17200.281
9420.0,17219.288
9430.0,17238.295
9440.0,17257.302
9450.0,17276.309
9460.0,17295.316
9470.0,17314.323
9480.0,17333.33
9490.0,17352.337
9500.0,17371.344
9510.0,17390.351
9520.0,17409.358
9530.0,17428.365
9540.0,17447.372
9550.0,17466.379
9560.0,17485.386
9570.0,17504.393
9580.0,17523.4
9590.0,17542.407
9600.0,17561.414
9610.0,17580.421
9620.0,17599.428
9630.0,17618.435
9640.0,17637.441
9650.0,17656.448
9660.0,17675.455
9670.0,17694.462
9680.0,17713.469
9690.0,17732.476
9700.0,17751.483
9710.0,17770.49
9720.0,17789.497
9730.0,17808.504
9740.0,17827.511
9750.0,17846.518
9760.0,17865.525
9770.0,17884.532
9780.0,17903.539
9790.0,17922.546
9800.0,17941.553
9810.0,17960.56
9820.0,17979.567
9830.0,17998.574
9840.0,18017.581
9850.0,18036.588
9860.0,18055.595
9870.0,18074.602
9880.0,18093.609
9890.0,18112.616
9900.0,18131.623
9910.0,18150.63
9920.0,18169.637
9930.0,18188.644
9940.0,18207.651
9950.0,18226.658
9960.0,18245.665
9970.0,18264.672
9980.0,18283.679
9990.0,18302.686
10000.0,18321.693
10010.0,18340.7
10020.0,18359.707
10030.0,18378.714
10040.0,18397.721
10050.0,18416.728
10060.0,18435.735
10070.0,18454.742
10080.0,18473.749
10090.0,18492.756
10100.0,18511.763
10110.0,18530.77
10120.0,18549.777
10130.0,18568.784
10140.0,18587.791
10150.0,18606.798
10160.0,18625.805
10170.0,18644.812
10180.0,18663.819
10190.0,18682.826
10200.0,18701.833
10210.0,18720.84
10220.0,18739.847
10230.0,18758.854
10240.0,18777.861
10250.0,18796.868
10260.0,18815.875
10270.0,18834.882
10280.0,18853.889
10290.0,18872.896
10300.0,18891.903
10310.0,18910.91
10320.0,18929.917
10330.0,18948.924
10340.0,18967.931
10350.0,18986.938
10360.0,19005.945
10370.0,19024.952
10380.0,19043.959
10390.0,19062.966
10400.0,19081.973
10410.0,19100.98
10420.0,19119.987
10430.0,19138.994
10440.0,19158.001
10450.0,19177.008
10460.0,19196.015
10470.0,19215.022
10480.0,19234.029
10490.0,19253.036
10500.0,19272.043
10510.0,19291.05
10520.0,19310.057
10530.0,19329.064
10540.0,19348.071
10550.0,19367.078
10560.0,19386.085
10570.0,19405.092
10580.0,19424.099
10590.0,19443.106
10600.0,19462.113
10610.0,19481.12
10620.0,19500.127
10630.0,19519.134
10640.0,19538.141
10650.0,19557.148
10660.0,19576.155
10670.0,19595.162
10680.0,19614.169
10690.0,19633.176
10700.0,19652.183
10710.0,19671.19
10720.0,19690.197
10730.0,19709.204
10740.0,19728.211
10750.0,19747.218
10760.0,19766.225
10770.0,19785.232
10780.0,19804.239
10790.0,19823.246
10800.0,19842.253
10810.0,19861.26
10820.0,19880.267
10830.0,19899.274
10840.0,19918.281
10850.0,19937.288
10860.0,19956.295
10870.0,19975.302
10880.0,19994.309
10890.0,20013.316
10900.0,20032.323
10910.0,20051.33
10920.0,20070.337
10930.0,20089.344
10940.0,20108.351
10950.0,20127.358
10960.0,20146.365
10970.0,20165.372
10980.0,20184.379
10990.0,20203.386
11000.0,20222.393
11010.0,20241.4
11020.0,20260.407
11030.0,20279.414
11040.0,20298.421
11050.0,20317.428
11060.0,20336.435
11070.0,20355.442
11080.0,20374.449
11090.0,20393.456
11100.0,20412.463
11110.0,20431.47
11120.0,20450.477
11130.0,20469.484
11140.0,20488.491
11150.0,20507.498
11160.0,20526.505
11170.0,20545.512
11180.0,20564.519
11190.0,20583.526
11200.0,20602.533
11210.0,20621.54
11220.0,20640.547
11230.0,20659.554
11240.0,20678.561
11250.0,20697.568
11260.0,20716.575
11270.0,20735.582
11280.0,20754.589
11290.0,20773.596
11300.0,20792.603
11310.0,20811.61
11320.0,20830.617
11330.0,20849.624
11340.0,20868.631
11350.0,20887.638
11360.0,20906.645
11370.0,20925.652
11380.0,20944.659
11390.0,20963.666
11400.0,20982.673
11410.0,21001.68
11420.0,21020.687
11430.0,21039.694
11440.0,21058.701
11450.0,21077.708
11460.0,21096.715
11470.0,21115.722
11480.0,21134.729
11490.0,21153.736
11500.0,21172.743
11510.0,21191.75
11520.0,21210.757
11530.0,21229.764
11540.0,21248.771
11550.0,21267.778
11560.0,21286.785
11570.0,21305.792
11580.0,21324.799
11590.0,21343.806
11600.0,21362.813
11610.0,21381.82
11620.0,21400.827
11630.0,21419.834
11640.0,21438.841
11650.0,21457.848
11660.0,21476.855
11670.0,21495.862
11680.0,21514.869
11690.0,21533.876
11700.0,21552.883
11710.0,21571.89
11720.0,21590.897
11730.0,21609.904
11740.0,21628.911
11750.0,21647.918
11760.0,21666.925
11770.0,21685.932
11780.0,21704.939
11790.0,21723.946
11800.0,21742.953
11810.0,21761.96
11820.0,21780.967
11830.0,21799.974
11840.0,21818.981
11850.0,21837.988
11860.0,21856.995
11870.0,21876.002
11880.0,21895.009
11890.0,21914.016
11900.0,21933.023
11910.0,21952.03
11920.0,21971.037
11930.0,21990.044
11940.0,22009.051
11950.0,22028.058
11960.0,22047.065
11970.0,22066.072
11980.0,22085.079
11990.0,22104.086
12000.0,22123.093
12010.0,22142.1
12020.0,22161.107
12030.0,22180.114
12040.0,22199.121
12050.0,22218.128
12060.0,22237.135
12070.0,22256.142
12080.0,22275.149
12090.0,22294.156
12100.0,22313.163
12110.0,22332.17
12120.0,22351.177
12130.0,22370.184
12140.0,22389.191
12150.0,22408.198
12160.0,22427.205
12170.0,22446.212
12180.0,22465.219
12190.0,22484.226
12200.0,22503.233
12210.0,22522.24
12220.0,22541.247
12230.0,22560.254
12240.0,22579.261
12250.0,22598.268
12260.0,22617.275
12270.0,22636.282
12280.0,22655.289
12290.0,22674.296
12300.0,22693.303
12310.0,22712.31
12320.0,22731.317
12330.0,22750.324
12340.0,22769.331
12350.0,22788.338
12360.0,22807.345
12370.0,22826.352
12380.0,22845.359
12390.0,22864.366
12400.0,22883.373
12410.0,22902.38
12420.0,22921.387
12430.0,22940.394
12440.0,22959.401
12450.0,22978.408
12460.0,22997.415
12470.0,23016.422
12480.0,23035.429
12490.0,23054.436
12500.0,23073.443
12510.0,23092.45
12520.0,23111.457
12530.0,23130.464
12540.0,23149.471
12550.0,23168.478
12560.0,23187.485
12570.0,23206.492
12580.0,23225.499
12590.0,23244.506
12600.0,23263.513
12610.0,23282.52
12620.0,23301.527
12630.0,23320.534
12640.0,23339.541
12650.0,23358.547
12660.0,23377.554
12670.0,23396.561
12680.0,23415.568
12690.0,23434.575
12700.0,23453.582
12710.0,23472.589
12720.0,23491.596
12730.0,23510.603
12740.0,23529.61
12750.0,23548.617
12760.0,23567.624
12770.0,23586.631
12780.0,23605.638
12790.0,23624.645
12800.0,23643.652
12810.0,23662.659
12820.0,23681.666
12830.0,23700.673
12840.0,23719.68
12850.0,23738.687
12860.0,23757.694
12870.0,23776.701
12880.0,23795.708
12890.0,23814.715
12900.0,23833.722
12910.0,23852.729
12920.0,23871.736
12930.0,23890.743
12940.0,23909.75
12950.0,23928.757
12960.0,23947.764
12970.0,23966.771
12980.0,23985.778
12990.0,24004.785
13000.0,24023.792
13010.0,24042.799
13020.0,24061.806
13030.0,24080.813
13040.0,24099.82
13050.0,24118.827
13060.0,24137.834
13070.0,24156.841
13080.0,24175.848
13090.0,24194.855
13100.0,24213.862
13110.0,24232.869
13120.0,24251.876
13130.0,24270.883
13140.0,24289.89
13150.0,24308.897
13160.0,24327.904
13170.0,24346.911
13180.0,24365.918
13190.0,24384.925
13200.0,24403.932
13210.0,24422.939
13220.0,24441.946
13230.0,24460.953
13240.0,24479.96
13250.0,24498.967
13260.0,24517.974
13270.0,24536.981
13280.0,24555.988
13290.0,24574.995
13300.0,24594.002
13310.0,24613.009
13320.0,24632.016
13330.0,24651.023
13340.0,24670.03
13350.0,24689.037
13360.0,24708.044
13370.0,24727.051
13380.0,24746.058
13390.0,24765.065
13400.0,24784.072
13410.0,24803.079
13420.0,24822.086
13430.0,24841.093
13440.0,24860.1
13450.0,24879.107
13460.0,24898.114
13470.0,24917.121
13480.0,24936.128
13490.0,24955.135
13500.0,24974.142
13510.0,24993.149
13520.0,25012.156
13530.0,25031.163
13540.0,25050.17
13550.0,25069.177
13560.0,25088.184
13570.0,25107.191
13580.0,25126.198
13590.0,25145.205
13600.0,25164.212
13610.0,25183.219
13620.0,25202.226
13630.0,25221.233
13640.0,25240.24
13650.0,25259.247
13660.0,25278.254
13670.0,25297.261
13680.0,25316.268
13690.0,25335.275
13700.0,25354.282
13710.0,25373.289
13720.0,25392.296
13730.0,25411.303
13740.0,25430.31
13750.0,25449.317
13760.0,25468.324
13770.0,25487.331
13780.0,25506.338
13790.0,25525.345
13800.0,25544.352
13810.0,25563.359
13820.0,25582.366
13830.0,25601.373
13840.0,25620.38
13850.0,25639.387
13860.0,25658.394
13870.0,25677.401
13880.0,25696.408
13890.0,25715.415
13900.0,25734.422
13910.0,25753.429
13920.0,25772.436
13930.0,25791.443
13940.0,25810.45
13950.0,25829.457
13960.0,25848.464
13970.0,25867.471
13980.0,25886.478
13990.0,25905.485
14000.0,25924.492
14010.0,25943.499
14020.0,25962.506
14030.0,25981.513
14040.0,26000.52
14050.0,26019.527
14060.0,26038.534
14070.0,26057.541
14080.0,26076.548
14090.0,26095.555
14100.0,26114.562
14110.0,26133.569
14120.0,26152.576
14130.0,26171.583
14140.0,26190.59
14150.0,26209.597
14160.0,26228.604
14170.0,26247.611
14180.0,26266.618
14190.0,26285.625
14200.0,26304.632
14210.0,26323.639
14220.0,26342.646
14230.0,26361.653
14240.0,26380.66
14250.0,26399.667
14260.0,26418.674
14270.0,26437.681
14280.0,26456.688
14290.0,26475.695
14300.0,26494.702
14310.0,26513.709
14320.0,26532.716
14330.0,26551.723
14340.0,26570.73
14350.0,26589.737
14360.0,26608.744
14370.0,26627.751
14380.0,26646.758
14390.0,26665.765
14400.0,26684.772
14410.0,26703.779
14420.0,26722.786
14430.0,26741.793
14440.0,26760.8
14450.0,26779.807
14460.0,26798.814
14470.0,26817.821
14480.0,26836.828
14490.0,26855.835
14500.0,26874.842
14510.0,26893.849
14520.0,26912.856
14530.0,26931.863
14540.0,26950.87
14550.0,26969.877
14560.0,26988.884
14570.0,27007.891
14580.0,27026.898
14590.0,27045.905
14600.0,27064.912
14610.0,27083.919
14620.0,27102.926
14630.0,27121.933
14640.0,27140.94
14650.0,27159.947
14660.0,27178.954
14670.0,27197.961
14680.0,27216.968
14690.0,27235.975
14700.0,27254.982
14710.0,27273.989
14720.0,27292.996
14730.0,27312.003
14740.0,27331.01
14750.0,27350.017
14760.0,27369.024
14770.0,27388.031
14780.0,27407.038
14790.0,27426.045
14800.0,27445.052
14810.0,27464.059
14820.0,27483.066
14830.0,27502.073
14840.0,27521.08
14850.0,27540.087
14860.0,27559.094
14870.0,27578.101
14880.0,27597.108
14890.0,27616.115
14900.0,27635.122
14910.0,27654.129
14920.0,27673.136
14930.0,27692.143
14940.0,27711.15
14950.0,27730.157
14960.0,27749.164
14970.0,27768.171
14980.0,27787.178
14990.0,27806.185
15000.0,27825.192
15010.0,27844.199
15020.0,27863.206
15030.0,27882.213
15040.0,27901.22
15050.0,27920.227
15060.0,27939.234
15070.0,27958.241
15080.0,27977.248
15090.0,27996.255
15100.0,28015.262
15110.0,28034.269
15120.0,28053.276
15130.0,28072.283
15140.0,28091.29
15150.0,28110.297
15160.0,28129.304
15170.0,28148.311
15180.0,28167.318
15190.0,28186.325
15200.0,28205.332
15210.0,28224.339
15220.0,28243.346
15230.0,28262.353
15240.0,28281.36
15250.0,28300.367
15260.0,28319.374
15270.0,28338.381
15280.0,28357.388
15290.0,28376.395
15300.0,28395.402
15310.0,28414.409
15320.0,28433.416
15330.0,28452.423
15340.0,28471.43
15350.0,28490.437
15360.0,28509.444
15370.0,28528.451
15380.0,28547.458
15390.0,28566.465
15400.0,28585.472
15410.0,28604.479
15420.0,28623.486
15430.0,28642.493
15440.0,28661.5
15450.0,28680.507
15460.0,28699.514
15470.0,28718.521
15480.0,28737.528
15490.0,28756.535
15500.0,28775.542
15510.0,28794.549
15520.0,28813.556
15530.0,28832.563
15540.0,28851.57
15550.0,28870.577
15560.0,28889.584
15570.0,28908.591
15580.0,28927.598
15590.0,28946.605
15600.0,28965.612
15610.0,28984.619
15620.0,29003.626
15630.0,29022.633
15640.0,29041.64
15650.0,29060.646
15660.0,29079.653
15670.0,29098.66
15680.0,29117.667
15690.0,29136.674
15700.0,29155.681
15710.0,29174.688
15720.0,29193.695
15730.0,29212.702
15740.0,29231.709
15750.0,29250.716
15760.0,29269.723
15770.0,29288.73
15780.0,29307.737
15790.0,29326.744
15800.0,29345.751
15810.0,29364.758
15820.0,29383.765
15830.0,29402.772
15840.0,29421.779
15850.0,29440.786
15860.0,29459.793
15870.0,29478.8
15880.0,29497.807
15890.0,29516.814
15900.0,29535.821
15910.0,29554.828
15920.0,29573.835
15930.0,29592.842
15940.0,29611.849
15950.0,29630.856
15960.0,29649.863
15970.0,29668.87
15980.0,29687.877
15990.0,29706.884
16000.0,29725.891
16010.0,29744.898
16020.0,29763.905
16030.0,29782.912
16040.0,29801.919
16050.0,29820.926
16060.0,29839.933
16070.0,29858.94
16080.0,29877.947
16090.0,29896.954
16100.0,29915.961
16110.0,29934.968
16120.0,29953.975
16130.0,29972.982
16140.0,29991.989
16150.0,30010.996
16160.0,30030.003
16170.0,30049.01
16180.0,30068.017
16190.0,30087.024
16200.0,30106.031
16210.0,30125.038
16220.0,30144.045
16230.0,30163.052
16240.0,30182.059
16250.0,30201.066
16260.0,30220.073
16270.0,30239.08
16280.0,30258.087
16290.0,30277.094
16300.0,30296.101
16310.0,30315.108
16320.0,30334.115
16330.0,30353.122
16340.0,30372.129
16350.0,30391.136
16360.0,30410.143
16370.0,30429.15
16380.0,30448.157
16390.0,30467.164
16400.0,30486.171
16410.0,30505.178
16420.0,30524.185
16430.0,30543.192
16440.0,30562.199
16450.0,30581.206
16460.0,30600.213
16470.0,30619.22
16480.0,30638.227
16490.0,30657.234
16500.0,30676.241
16510.0,30695.248
16520.0,30714.255
16530.0,30733.262
16540.0,30752.269
16550.0,30771.276
16560.0,30790.283
16570.0,30809.29
16580.0,30828.297
16590.0,30847.304
16600.0,30866.311
16610.0,30885.318
16620.0,30904.325
16630.0,30923.332
16640.0,30942.339
16650.0,30961.346
16660.0,30980.353
16670.0,30999.36
16680.0,31018.367
16690.0,31037.374
16700.0,31056.381
16710.0,31075.388
16720.0,31094.395
16730.0,31113.402
16740.0,31132.409
16750.0,31151.416
16760.0,31170.423
16770.0,31189.43
16780.0,31208.437
16790.0,31227.444
16800.0,31246.451
16810.0,31265.458
16820.0,31284.465
16830.0,31303.472
16840.0,31322.479
16850.0,31341.486
16860.0,31360.493
16870.0,31379.5
16880.0,31398.507
16890.0,31417.514
16900.0,31436.521
16910.0,31455.528
16920.0,31474.535
16930.0,31493.542
16940.0,31512.549
16950.0,31531.556
16960.0,31550.563
16970.0,31569.57
16980.0,31588.577
16990.0,31607.584
17000.0,31626.591
17010.0,31645.598
17020.0,31664.605
17030.0,31683.612
17040.0,31702.619
17050.0,31721.626
17060.0,31740.633
17070.0,31759.64
17080.0,31778.647
17090.0,31797.654
17100.0,31816.661
17110.0,31835.668
17120.0,31854.675
17130.0,31873.682
17140.0,31892.689
17150.0,31911.696
17160.0,31930.703
17170.0,31949.71
17180.0,31968.717
17190.0,31987.724
17200.0,32006.731
17210.0,32025.738
17220.0,32044.745
17230.0,32063.752
17240.0,32082.759
17250.0,32101.766
17260.0,32120.773
17270.0,32139.78
17280.0,32158.787
17290.0,32177.794
17300.0,32196.801
17310.0,32215.808
17320.0,32234.815
17330.0,32253.822
17340.0,32272.829
17350.0,32291.836
17360.0,32310.843
17370.0,32329.85
17380.0,32348.857
17390.0,32367.864
17400.0,32386.871
17410.0,32405.878
17420.0,32424.885
17430.0,32443.892
17440.0,32462.899
17450.0,32481.906
17460.0,32500.913
17470.0,32519.92
17480.0,32538.927
17490.0,32557.934
17500.0,32576.941
17510.0,32595.948
17520.0,32614.955
17530.0,32633.962
17540.0,32652.969
17550.0,32671.976
17560.0,32690.983
17570.0,32709.99
17580.0,32728.997
17590.0,32748.004
17600.0,32767.011
17610.0,32786.018
17620.0,32805.025
17630.0,32824.032
17640.0,32843.039
17650.0,32862.046
17660.0,32881.053
17670.0,32900.06
17680.0,32919.067
17690.0,32938.074
17700.0,32957.081
17710.0,32976.088
17720.0,32995.095
17730.0,33014.102
17740.0,33033.109
17750.0,33052.116
17760.0,33071.123
17770.0,33090.13
17780.0,33109.137
17790.0,33128.144
17800.0,33147.151
17810.0,33166.158
17820.0,33185.165
17830.0,33204.172
17840.0,33223.179
17850.0,33242.186
17860.0,33261.193
17870.0,33280.2
17880.0,33299.207
17890.0,33318.214
17900.0,33337.221
17910.0,33356.228
17920.0,33375.235
17930.0,33394.242
17940.0,33413.249
17950.0,33432.256
17960.0,33451.263
17970.0,33470.27
17980.0,33489.277
17990.0,33508.284
18000.0,33527.291
18010.0,33546.298
18020.0,33565.305
18030.0,33584.312
18040.0,33603.319
18050.0,33622.326
18060.0,33641.333
18070.0,33660.34
18080.0,33679.347
18090.0,33698.354
18100.0,33717.361
18110.0,33736.368
18120.0,33755.375
18130.0,33774.382
18140.0,33793.389
18150.0,33812.396
18160.0,33831.403
18170.0,33850.41
18180.0,33869.417
18190.0,33888.424
18200.0,33907.431
18210.0,33926.438
18220.0,33945.445
18230.0,33964.452
18240.0,33983.459
18250.0,34002.466
18260.0,34021.473
18270.0,34040.48
18280.0,34059.487
18290.0,34078.494
18300.0,34097.501
18310.0,34116.508
18320.0,34135.515
18330.0,34154.522
18340.0,34173.529
18350.0,34192.536
18360.0,34211.543
18370.0,34230.55
18380.0,34249.557
18390.0,34268.564
18400.0,34287.571
18410.0,34306.578
18420.0,34325.585
18430.0,34344.592
18440.0,34363.599
18450.0,34382.606
18460.0,34401.613
18470.0,34420.62
18480.0,34439.627
18490.0,34458.634
18500.0,34477.641
18510.0,34496.648
18520.0,34515.655
18530.0,34534.662
18540.0,34553.669
18550.0,34572.676
18560.0,34591.683
18570.0,34610.69
18580.0,34629.697
18590.0,34648.704
18600.0,34667.711
18610.0,34686.718
18620.0,34705.725
18630.0,34724.732
18640.0,34743.739
18650.0,34762.746
18660.0,34781.752
18670.0,34800.759
18680.0,34819.766
18690.0,34838.773
18700.0,34857.78
18710.0,34876.787
18720.0,34895.794
18730.0,34914.801
18740.0,34933.808
18750.0,34952.815
18760.0,34971.822
18770.0,34990.829
18780.0,35009.836
18790.0,35028.843
18800.0,35047.85
18810.0,35066.857
18820.0,35085.864
18830.0,35104.871
18840.0,35123.878
18850.0,35142.885
18860.0,35161.892
18870.0,35180.899
18880.0,35199.906
18890.0,35218.913
18900.0,35237.92
18910.0,35256.927
18920.0,35275.934
18930.0,35294.941
18940.0,35313.948
18950.0,35332.955
18960.0,35351.962
18970.0,35370.969
18980.0,35389.976
18990.0,35408.983
19000.0,35427.99
19010.0,35446.997
19020.0,35466.004
19030.0,35485.011
19040.0,35504.018
19050.0,35523.025
19060.0,35542.032
19070.0,35561.039
19080.0,35580.046
19090.0,35599.053
19100.0,35618.06
19110.0,35637.067
19120.0,35656.073
19130.0,35675.071
19140.0,35694.058
19150.0,35713.037
19160.0,35732.005
19170.0,35750.965
19180.0,35769.914
19190.0,35788.854
19200.0,35807.785
19210.0,35826.706
19220.0,35845.617
19230.0,35864.519
19240.0,35883.411
19250.0,35902.294
19260.0,35921.167
19270.0,35940.03
19280.0,35958.884
19290.0,35977.729
19300.0,35996.563
19310.0,36015.389
19320.0,36034.204
19330.0,36053.011
19340.0,36071.807
19350.0,36090.594
19360.0,36109.372
19370.0,36128.14
19380.0,36146.898
19390.0,36165.647
19400.0,36184.386
19410.0,36203.116
19420.0,36221.836
19430.0,36240.546
19440.0,36259.247
19450.0,36277.939
19460.0,36296.621
19470.0,36315.293
19480.0,36333.956
19490.0,36352.609
19500.0,36371.252
19510.0,36389.886
19520.0,36408.511
19530.0,36427.126
19540.0,36445.731
19550.0,36464.327
19560.0,36482.913
19570.0,36501.49
19580.0,36520.057
19590.0,36538.615
19600.0,36557.163
19610.0,36575.701
19620.0,36594.23
19630.0,36612.749
19640.0,36631.259
19650.0,36649.759
19660.0,36668.25
19670.0,36686.731
19680.0,36705.202
19690.0,36723.664
19700.0,36742.117
19710.0,36760.559
19720.0,36778.993
19730.0,36797.416
19740.0,36815.83
19750.0,36834.235
19760.0,36852.63
19770.0,36871.016
19780.0,36889.391
19790.0,36907.758
19800.0,36926.114
19810.0,36944.461
19820.0,36962.799
19830.0,36981.127
19840.0,36999.446
19850.0,37017.755
19860.0,37036.054
19870.0,37054.344
19880.0,37072.624
19890.0,37090.895
19900.0,37109.156
19910.0,37127.407
19920.0,37145.65
19930.0,37163.882
19940.0,37182.105
19950.0,37200.318
19960.0,37218.522
19970.0,37236.716
19980.0,37254.901
19990.0,37273.076
20000.0,37291.242
20010.0,37309.397
20020.0,37327.544
20030.0,37345.681
20040.0,37363.808
20050.0,37381.925
20060.0,37400.034
20070.0,37418.132
20080.0,37436.221
20090.0,37454.301
20100.0,37472.371
20110.0,37490.431
20120.0,37508.482
20130.0,37526.523
20140.0,37544.555
20150.0,37562.577
20160.0,37580.589
20170.0,37598.592
20180.0,37616.585
20190.0,37634.569
20200.0,37652.544
20210.0,37670.509
20220.0,37688.464
20230.0,37706.409
20240.0,37724.345
20250.0,37742.272
20260.0,37760.189
20270.0,37778.096
20280.0,37795.993
20290.0,37813.882
20300.0,37831.761
20310.0,37849.63
20320.0,37867.489
20330.0,37885.339
20340.0,37903.18
20350.0,37921.01
20360.0,37938.832
20370.0,37956.644
20380.0,37974.446
20390.0,37992.238
20400.0,38010.021
20410.0,38027.795
20420.0,38045.559
20430.0,38063.313
20440.0,38081.058
20450.0,38098.793
20460.0,38116.519
20470.0,38134.235
20480.0,38151.942
20490.0,38169.638
20500.0,38187.326
20510.0,38205.004
20520.0,38222.672
20530.0,38240.331
20540.0,38257.98
20550.0,38275.619
20560.0,38293.249
20570.0,38310.87
20580.0,38328.481
20590.0,38346.082
20600.0,38363.674
20610.0,38381.257
20620.0,38398.829
20630.0,38416.392
20640.0,38433.946
20650.0,38451.49
20660.0,38469.024
20670.0,38486.549
20680.0,38504.065
20690.0,38521.57
20700.0,38539.066
20710.0,38556.553
20720.0,38574.03
20730.0,38591.497
20740.0,38608.955
20750.0,38626.404
20760.0,38643.842
20770.0,38661.272
20780.0,38678.692
20790.0,38696.101
20800.0,38713.502
20810.0,38730.893
20820.0,38748.274
20830.0,38765.646
20840.0,38783.009
20850.0,38800.362
20860.0,38817.704
20870.0,38835.038
20880.0,38852.363
20890.0,38869.677
20900.0,38886.982
20910.0,38904.277
20920.0,38921.563
20930.0,38938.839
20940.0,38956.106
20950.0,38973.363
20960.0,38990.61
20970.0,39007.849
20980.0,39025.077
20990.0,39042.296
21000.0,39059.505
21001.0,39061.225
21002.0,39062.945
21003.0,39064.665
21004.0,39066.385
21005.0,39068.105
21006.0,39069.825
21007.0,39071.545
21008.0,39073.265
21009.0,39074.985
21010.0,39076.705
21011.0,39078.424
21012.0,39080.143
21013.0,39081.862
21014.0,39083.581
21015.0,39085.301
21016.0,39087.02
21017.0,39088.739
21018.0,39090.458
21019.0,39092.177
21020.0,39093.896
21021.0,39095.614
21022.0,39097.332
21023.0,39099.05
21024.0,39100.768
21025.0,39102.486
21026.0,39104.204
21027.0,39105.922
21028.0,39107.64
21029.0,39109.358
21030.0,39111.076
21031.0,39112.793
21032.0,39114.51
21033.0,39116.227
21034.0,39117.944
21035.0,39119.662
21036.0,39121.379
21037.0,39123.096
21038.0,39124.813
21039.0,39126.53
21040.0,39128.247
21041.0,39129.963
21042.0,39131.679
21043.0,39133.396
21044.0,39135.112
21045.0,39136.828
21046.0,39138.544
21047.0,39140.26
21048.0,39141.977
21049.0,39143.693
21050.0,39145.409
21051.0,39147.124
21052.0,39148.839
21053.0,39150.554
21054.0,39152.269
21055.0,39153.985
21056.0,39155.7
21057.0,39157.415
21058.0,39159.13
21059.0,39160.845
21060.0,39162.56
21061.0,39164.274
21062.0,39165.989
21063.0,39167.703
21064.0,39169.417
21065.0,39171.132
21066.0,39172.846
21067.0,39174.56
21068.0,39176.274
21069.0,39177.989
21070.0,39179.703
21071.0,39181.416
21072.0,39183.13
21073.0,39184.843
21074.0,39186.556
21075.0,39188.27
21076.0,39189.983
21077.0,39191.696
21078.0,39193.409
21079.0,39195.123
21080.0,39196.836
21081.0,39198.548
21082.0,39200.261
21083.0,39201.973
21084.0,39203.685
21085.0,39205.398
21086.0,39207.11
21087.0,39208.822
21088.0,39210.534
21089.0,39212.247
21090.0,39213.959
21091.0,39215.67
21092.0,39217.382
21093.0,39219.093
21094.0,39220.805
21095.0,39222.516
21096.0,39224.227
21097.0,39225.939
21098.0,39227.65
21099.0,39229.362
21100.0,39231.073
21101.0,39232.783
21102.0,39234.494
21103.0,39236.204
21104.0,39237.915
21105.0,39239.625
21106.0,39241.335
21107.0,39243.046
21108.0,39244.756
21109.0,39246.467
21110.0,39248.177
21111.0,39249.887
21112.0,39251.596
21113.0,39253.306
21114.0,39255.015
21115.0,39256.725
21116.0,39258.434
21117.0,39260.144
21118.0,39261.853
21119.0,39263.563
21120.0,39265.272
21121.0,39266.98
21122.0,39268.689
21123.0,39270.397
21124.0,39272.106
21125.0,39273.814
21126.0,39275.522
21127.0,39277.231
21128.0,39278.939
21129.0,39280.648
21130.0,39282.356
21131.0,39284.064
21132.0,39285.771
21133.0,39287.479
21134.0,39289.186
21135.0,39290.894
21136.0,39292.602
21137.0,39294.309
21138.0,39296.017
21139.0,39297.724
21140.0,39299.432
21141.0,39301.139
21142.0,39302.845
21143.0,39304.552
21144.0,39306.258
21145.0,39307.965
21146.0,39309.672
21147.0,39311.378
21148.0,39313.085
21149.0,39314.791
21150.0,39316.498
21151.0,39318.204
21152.0,39319.909
21153.0,39321.615
21154.0,39323.32
21155.0,39325.026
21156.0,39326.732
21157.0,39328.437
21158.0,39330.143
21159.0,39331.848
21160.0,39333.554
21161.0,39335.259
21162.0,39336.963
21163.0,39338.668
21164.0,39340.373
21165.0,39342.078
21166.0,39343.782
21167.0,39345.487
21168.0,39347.192
21169.0,39348.896
21170.0,39350.601
21171.0,39352.305
21172.0,39354.008
21173.0,39355.712
21174.0,39357.416
21175.0,39359.12
21176.0,39360.823
21177.0,39362.527
21178.0,39364.231
21179.0,39365.934
21180.0,39367.638
21181.0,39369.341
21182.0,39371.044
21183.0,39372.746
21184.0,39374.449
21185.0,39376.152
21186.0,39377.855
21187.0,39379.558
21188.0,39381.26
21189.0,39382.963
21190.0,39384.666
21191.0,39386.368
21192.0,39388.07
21193.0,39389.771
21194.0,39391.473
21195.0,39393.175
21196.0,39394.877
21197.0,39396.579
21198.0,39398.28
21199.0,39399.982
21200.0,39401.684
21201.0,39403.385
21202.0,39405.086
21203.0,39406.786
21204.0,39408.487
21205.0,39410.188
21206.0,39411.889
21207.0,39413.59
21208.0,39415.29
21209.0,39416.991
21210.0,39418.692
21211.0,39420.392
21212.0,39422.092
21213.0,39423.792
21214.0,39425.492
21215.0,39427.192
21216.0,39428.892
21217.0,39430.592
21218.0,39432.292
21219.0,39433.992
21220.0,39435.692
21221.0,39437.391
21222.0,39439.09
21223.0,39440.788
21224.0,39442.487
21225.0,39444.186
21226.0,39445.885
21227.0,39447.584
21228.0,39449.282
21229.0,39450.981
21230.0,39452.68
21231.0,39454.378
21232.0,39456.076
21233.0,39457.774
21234.0,39459.472
21235.0,39461.171
21236.0,39462.869
21237.0,39464.567
21238.0,39466.265
21239.0,39467.963
21240.0,39469.661
21241.0,39471.358
21242.0,39473.055
21243.0,39474.752
21244.0,39476.449
21245.0,39478.146
21246.0,39479.843
21247.0,39481.54
21248.0,39483.237
21249.0,39484.934
21250.0,39486.631
21251.0,39488.327
21252.0,39490.023
21253.0,39491.719
21254.0,39493.415
21255.0,39495.111
21256.0,39496.807
21257.0,39498.503
21258.0,39500.199
21259.0,39501.895
21260.0,39503.591
21261.0,39505.286
21262.0,39506.981
21263.0,39508.677
21264.0,39510.372
21265.0,39512.067
21266.0,39513.762
21267.0,39515.457
21268.0,39517.153
21269.0,39518.848
21270.0,39520.543
21271.0,39522.237
21272.0,39523.931
21273.0,39525.626
21274.0,39527.32
21275.0,39529.014
21276.0,39530.708
21277.0,39532.402
21278.0,39534.097
21279.0,39535.791
21280.0,39537.485
21281.0,39539.178
21282.0,39540.871
21283.0,39542.565
21284.0,39544.258
21285.0,39545.951
21286.0,39547.644
21287.0,39549.337
21288.0,39551.031
21289.0,39552.724
21290.0,39554.417
21291.0,39556.109
21292.0,39557.801
21293.0,39559.494
21294.0,39561.186
21295.0,39562.878
21296.0,39564.57
21297.0,39566.262
21298.0,39567.955
21299.0,39569.647
21300.0,39571.339
21301.0,39573.03
21302.0,39574.722
21303.0,39576.413
21304.0,39578.104
21305.0,39579.796
21306.0,39581.487
21307.0,39583.178
21308.0,39584.869
21309.0,39586.561
21310.0,39588.252
21311.0,39589.942
21312.0,39591.633
21313.0,39593.323
21314.0,39595.013
21315.0,39596.704
21316.0,39598.394
21317.0,39600.084
21318.0,39601.774
21319.0,39603.465
21320.0,39605.155
21321.0,39606.844
21322.0,39608.534
21323.0,39610.223
21324.0,39611.912
21325.0,39613.602
21326.0,39615.291
21327.0,39616.98
21328.0,39618.669
21329.0,39620.359
21330.0,39622.048
21331.0,39623.737
21332.0,39625.425
21333.0,39627.114
21334.0,39628.802
21335.0,39630.491
21336.0,39632.179
21337.0,39633.868
21338.0,39635.556
21339.0,39637.245
21340.0,39638.933
21341.0,39640.621
21342.0,39642.308
21343.0,39643.996
21344.0,39645.683
21345.0,39647.371
21346.0,39649.058
21347.0,39650.746
21348.0,39652.433
21349.0,39654.121
21350.0,39655.808
21351.0,39657.494
21352.0,39659.181
21353.0,39660.867
21354.0,39662.554
21355.0,39664.24
21356.0,39665.926
21357.0,39667.613
21358.0,39669.299
21359.0,39670.986
21360.0,39672.672
21361.0,39674.358
21362.0,39676.043
21363.0,39677.729
21364.0,39679.414
21365.0,39681.1
21366.0,39682.786
21367.0,39684.471
21368.0,39686.157
21369.0,39687.842
21370.0,39689.528
21371.0,39691.213
21372.0,39692.897
21373.0,39694.582
21374.0,39696.266
21375.0,39697.951
21376.0,39699.636
21377.0,39701.32
21378.0,39703.005
21379.0,39704.689
21380.0,39706.374
21381.0,39708.058
21382.0,39709.741
21383.0,39711.425
21384.0,39713.109
21385.0,39714.793
21386.0,39716.476
21387.0,39718.16
21388.0,39719.844
21389.0,39721.527
21390.0,39723.211
21391.0,39724.894
21392.0,39726.576
21393.0,39728.259
21394.0,39729.941
21395.0,39731.624
21396.0,39733.307
21397.0,39734.989
21398.0,39736.672
21399.0,39738.354
21400.0,39740.037
21401.0,39741.719
21402.0,39743.401
21403.0,39745.082
21404.0,39746.764
21405.0,39748.446
21406.0,39750.128
21407.0,39751.81
21408.0,39753.491
21409.0,39755.173
21410.0,39756.855
21411.0,39758.536
21412.0,39760.217
21413.0,39761.897
21414.0,39763.578
21415.0,39765.259
21416.0,39766.94
21417.0,39768.621
21418.0,39770.301
21419.0,39771.982
21420.0,39773.663
21421.0,39775.343
21422.0,39777.022
21423.0,39778.702
21424.0,39780.382
21425.0,39782.062
21426.0,39783.741
21427.0,39785.421
21428.0,39787.101
21429.0,39788.78
21430.0,39790.46
21431.0,39792.139
21432.0,39793.818
21433.0,39795.497
21434.0,39797.176
21435.0,39798.855
21436.0,39800.533
21437.0,39802.212
21438.0,39803.891
21439.0,39805.57
21440.0,39807.249
21441.0,39808.927
21442.0,39810.605
21443.0,39812.283
21444.0,39813.961
21445.0,39815.639
21446.0,39817.317
21447.0,39818.995
21448.0,39820.673
21449.0,39822.351
21450.0,39824.029
21451.0,39825.706
21452.0,39827.383
21453.0,39829.06
21454.0,39830.737
21455.0,39832.414
21456.0,39834.09
21457.0,39835.767
21458.0,39837.444
21459.0,39839.121
21460.0,39840.798
21461.0,39842.474
21462.0,39844.15
21463.0,39845.826
21464.0,39847.502
21465.0,39849.178
21466.0,39850.854
21467.0,39852.53
21468.0,39854.206
21469.0,39855.882
21470.0,39857.558
21471.0,39859.233
21472.0,39860.908
21473.0,39862.583
21474.0,39864.258
21475.0,39865.933
21476.0,39867.608
21477.0,39869.283
21478.0,39870.958
21479.0,39872.633
21480.0,39874.308
21481.0,39875.982
21482.0,39877.656
21483.0,39879.33
21484.0,39881.004
21485.0,39882.679
21486.0,39884.353
21487.0,39886.027
21488.0,39887.701
21489.0,39889.375
21490.0,39891.049
21491.0,39892.722
21492.0,39894.395
21493.0,39896.068
21494.0,39897.741
21495.0,39899.415
21496.0,39901.088
21497.0,39902.761
21498.0,39904.434
21499.0,39906.107
21500.0,39907.78
21501.0,39909.452
21502.0,39911.124
21503.0,39912.797
21504.0,39914.469
21505.0,39916.141
21506.0,39917.813
21507.0,39919.485
21508.0,39921.158
21509.0,39922.83
21510.0,39924.502
21511.0,39926.173
21512.0,39927.844
21513.0,39929.516
21514.0,39931.187
21515.0,39932.858
21516.0,39934.529
21517.0,39936.2
21518.0,39937.872
21519.0,39939.543
21520.0,39941.214
21521.0,39942.884
21522.0,39944.554
21523.0,39946.225
21524.0,39947.895
21525.0,39949.565
21526.0,39951.235
21527.0,39952.905
21528.0,39954.576
21529.0,39956.246
21530.0,39957.916
21531.0,39959.585
21532.0,39961.255
21533.0,39962.924
21534.0,39964.593
21535.0,39966.263
21536.0,39967.932
21537.0,39969.601
21538.0,39971.27
21539.0,39972.94
21540.0,39974.609
21541.0,39976.277
21542.0,39977.946
21543.0,39979.614
21544.0,39981.283
21545.0,39982.951
21546.0,39984.619
21547.0,39986.288
21548.0,39987.956
21549.0,39989.625
21550.0,39991.293
21551.0,39992.96
21552.0,39994.628
21553.0,39996.295
21554.0,39997.963
21555.0,39999.63
21556.0,40001.297
21557.0,40002.965
21558.0,40004.632
21559.0,40006.3
21560.0,40007.967
21561.0,40009.633
21562.0,40011.3
21563.0,40012.966
21564.0,40014.633
21565.0,40016.299
21566.0,40017.965
21567.0,40019.632
21568.0,40021.298
21569.0,40022.965
21570.0,40024.631
21571.0,40026.297
21572.0,40027.962
21573.0,40029.628
21574.0,40031.293
21575.0,40032.959
21576.0,40034.624
21577.0,40036.29
21578.0,40037.955
21579.0,40039.621
21580.0,40041.286
21581.0,40042.951
21582.0,40044.615
21583.0,40046.28
21584.0,40047.944
21585.0,40049.609
21586.0,40051.273
21587.0,40052.938
21588.0,40054.602
21589.0,40056.267
21590.0,40057.931
21591.0,40059.595
21592.0,40061.258
21593.0,40062.922
21594.0,40064.585
21595.0,40066.249
21596.0,40067.912
21597.0,40069.576
21598.0,40071.239
21599.0,40072.903
21600.0,40074.566
21601.0,40076.229
21602.0,40077.891
21603.0,40079.554
21604.0,40081.217
21605.0,40082.88
21606.0,40084.542
21607.0,40086.205
21608.0,40087.868
21609.0,40089.53
21610.0,40091.193
21611.0,40092.855
21612.0,40094.516
21613.0,40096.178
21614.0,40097.839
21615.0,40099.501
21616.0,40101.163
21617.0,40102.824
21618.0,40104.486
21619.0,40106.147
21620.0,40107.809
21621.0,40109.47
21622.0,40111.13
21623.0,40112.791
21624.0,40114.451
21625.0,40116.112
21626.0,40117.773
21627.0,40119.433
21628.0,40121.094
21629.0,40122.754
21630.0,40124.415
21631.0,40126.075
21632.0,40127.735
21633.0,40129.394
21634.0,40131.054
21635.0,40132.714
21636.0,40134.374
21637.0,40136.034
21638.0,40137.693
21639.0,40139.353
21640.0,40141.013
21641.0,40142.672
21642.0,40144.331
21643.0,40145.989
21644.0,40147.648
21645.0,40149.307
21646.0,40150.966
21647.0,40152.625
21648.0,40154.283
21649.0,40155.942
21650.0,40157.601
21651.0,40159.259
21652.0,40160.917
21653.0,40162.575
21654.0,40164.233
21655.0,40165.891
21656.0,40167.548
21657.0,40169.206
21658.0,40170.864
21659.0,40172.522
21660.0,40174.18
21661.0,40175.837
21662.0,40177.494
21663.0,40179.15
21664.0,40180.807
21665.0,40182.464
21666.0,40184.121
21667.0,40185.778
21668.0,40187.434
21669.0,40189.091
21670.0,40190.748
21671.0,40192.404
21672.0,40194.06
21673.0,40195.716
21674.0,40197.372
21675.0,40199.028
21676.0,40200.683
21677.0,40202.339
21678.0,40203.995
21679.0,40205.651
21680.0,40207.307
21681.0,40208.962
21682.0,40210.617
21683.0,40212.272
21684.0,40213.927
21685.0,40215.582
21686.0,40217.237
21687.0,40218.892
21688.0,40220.547
21689.0,40222.202
21690.0,40223.857
21691.0,40225.511
21692.0,40227.165
21693.0,40228.819
21694.0,40230.473
21695.0,40232.127
21696.0,40233.78
21697.0,40235.434
21698.0,40237.088
21699.0,40238.742
21700.0,40240.396
21701.0,40242.049
21702.0,40243.702
21703.0,40245.355
21704.0,40247.008
21705.0,40248.662
21706.0,40250.315
21707.0,40251.968
21708.0,40253.621
21709.0,40255.274
21710.0,40256.927
21711.0,40258.579
21712.0,40260.231
21713.0,40261.883
21714.0,40263.535
21715.0,40265.188
21716.0,40266.84
21717.0,40268.492
21718.0,40270.144
21719.0,40271.796
21720.0,40273.448
21721.0,40275.099
21722.0,40276.75
21723.0,40278.402
21724.0,40280.053
21725.0,40281.704
21726.0,40283.355
21727.0,40285.006
21728.0,40286.658
21729.0,40288.309
21730.0,40289.96
21731.0,40291.61
21732.0,40293.26
21733.0,40294.91
21734.0,40296.56
21735.0,40298.211
21736.0,40299.861
21737.0,40301.511
21738.0,40303.161
21739.0,40304.811
21740.0,40306.461
21741.0,40308.11
21742.0,40309.759
21743.0,40311.409
21744.0,40313.058
21745.0,40314.707
21746.0,40316.356
21747.0,40318.005
21748.0,40319.655
21749.0,40321.304
21750.0,40322.953
21751.0,40324.601
21752.0,40326.25
21753.0,40327.898
21754.0,40329.546
21755.0,40331.195
21756.0,40332.843
21757.0,40334.491
21758.0,40336.139
21759.0,40337.788
21760.0,40339.436
21761.0,40341.083
21762.0,40342.731
21763.0,40344.378
21764.0,40346.025
21765.0,40347.673
21766.0,40349.32
21767.0,40350.967
21768.0,40352.614
21769.0,40354.262
21770.0,40355.909
21771.0,40357.555
21772.0,40359.202
21773.0,40360.848
21774.0,40362.494
21775.0,40364.141
21776.0,40365.787
21777.0,40367.433
21778.0,40369.079
21779.0,40370.726
21780.0,40372.372
21781.0,40374.018
21782.0,40375.663
21783.0,40377.309
21784.0,40378.954
21785.0,40380.6
21786.0,40382.245
21787.0,40383.891
21788.0,40385.536
21789.0,40387.182
21790.0,40388.827
21791.0,40390.471
21792.0,40392.116
21793.0,40393.76
21794.0,40395.404
21795.0,40397.049
21796.0,40398.693
21797.0,40400.337
21798.0,40401.981
21799.0,40403.626
21800.0,40405.27
21801.0,40406.914
21802.0,40408.557
21803.0,40410.201
21804.0,40411.844
21805.0,40413.488
21806.0,40415.131
21807.0,40416.775
21808.0,40418.418
21809.0,40420.062
21810.0,40421.705
21811.0,40423.348
21812.0,40424.99
21813.0,40426.633
21814.0,40428.275
21815.0,40429.918
21816.0,40431.561
21817.0,40433.203
21818.0,40434.846
21819.0,40436.488
21820.0,40438.131
21821.0,40439.773
21822.0,40441.414
21823.0,40443.056
21824.0,40444.697
21825.0,40446.339
21826.0,40447.981
21827.0,40449.622
21828.0,40451.264
21829.0,40452.905
21830.0,40454.547
21831.0,40456.188
21832.0,40457.828
21833.0,40459.469
21834.0,40461.109
21835.0,40462.75
21836.0,40464.39
21837.0,40466.031
21838.0,40467.671
21839.0,40469.312
21840.0,40470.952
21841.0,40472.592
21842.0,40474.231
21843.0,40475.871
21844.0,40477.511
21845.0,40479.151
21846.0,40480.79
21847.0,40482.43
21848.0,40484.07
21849.0,40485.709
21850.0,40487.349
21851.0,40488.988
21852.0,40490.627
21853.0,40492.265
21854.0,40493.904
21855.0,40495.543
21856.0,40497.182
21857.0,40498.821
21858.0,40500.459
21859.0,40502.098
21860.0,40503.737
21861.0,40505.375
21862.0,40507.012
21863.0,40508.65
21864.0,40510.287
21865.0,40511.925
21866.0,40513.563
21867.0,40515.2
21868.0,40516.838
21869.0,40518.475
21870.0,40520.113
21871.0,40521.75
21872.0,40523.387
21873.0,40525.023
21874.0,40526.66
21875.0,40528.297
21876.0,40529.934
21877.0,40531.571
21878.0,40533.207
21879.0,40534.844
21880.0,40536.481
21881.0,40538.117
21882.0,40539.753
21883.0,40541.389
21884.0,40543.025
21885.0,40544.661
21886.0,40546.296
21887.0,40547.932
21888.0,40549.568
21889.0,40551.204
21890.0,40552.84
21891.0,40554.475
21892.0,40556.11
21893.0,40557.744
21894.0,40559.379
21895.0,40561.014
21896.0,40562.649
21897.0,40564.284
21898.0,40565.918
21899.0,40567.553
21900.0,40569.188
21901.0,40570.822
21902.0,40572.456
21903.0,40574.09
21904.0,40575.724
21905.0,40577.358
21906.0,40578.992
21907.0,40580.626
21908.0,40582.26
21909.0,40583.894
21910.0,40585.528
21911.0,40587.161
21912.0,40588.794
21913.0,40590.427
21914.0,40592.06
21915.0,40593.693
21916.0,40595.326
21917.0,40596.959
21918.0,40598.592
21919.0,40600.225
21920.0,40601.858
21921.0,40603.49
21922.0,40605.122
21923.0,40606.754
21924.0,40608.386
21925.0,40610.018
21926.0,40611.65
21927.0,40613.282
21928.0,40614.914
21929.0,40616.546
21930.0,40618.178
21931.0,40619.809
21932.0,40621.44
21933.0,40623.071
21934.0,40624.702
21935.0,40626.333
21936.0,40627.964
21937.0,40629.595
21938.0,40631.226
21939.0,40632.857
21940.0,40634.488
21941.0,40636.118
21942.0,40637.748
21943.0,40639.378
21944.0,40641.008
21945.0,40642.639
21946.0,40644.269
21947.0,40645.899
21948.0,40647.529
21949.0,40649.159
21950.0,40650.789
21951.0,40652.418
21952.0,40654.047
21953.0,40655.677
21954.0,40657.306
21955.0,40658.935
21956.0,40660.564
21957.0,40662.193
21958.0,40663.823
21959.0,40665.452
21960.0,40667.081
21961.0,40668.709
21962.0,40670.337
21963.0,40671.965
21964.0,40673.593
21965.0,40675.222
21966.0,40676.85
21967.0,40678.478
21968.0,40680.106
21969.0,40681.734
21970.0,40683.362
21971.0,40684.989
21972.0,40686.616
21973.0,40688.244
21974.0,40689.871
21975.0,40691.498
21976.0,40693.125
21977.0,40694.752
21978.0,40696.38
21979.0,40698.007
21980.0,40699.634
21981.0,40701.26
21982.0,40702.887
21983.0,40704.513
21984.0,40706.139
21985.0,40707.766
21986.0,40709.392
21987.0,40711.018
21988.0,40712.644
21989.0,40714.271
21990.0,40715.897
21991.0,40717.522
21992.0,40719.148
21993.0,40720.773
21994.0,40722.399
21995.0,40724.024
21996.0,40725.649
21997.0,40727.275
21998.0,40728.9
21999.0,40730.526
22000.0,40732.151
22001.0,40733.775
22002.0,40735.4
22003.0,40737.024
22004.0,40738.648
22005.0,40740.273
22006.0,40741.897
22007.0,40743.521
22008.0,40745.145
22009.0,40746.77
22010.0,40748.394
22011.0,40750.017
22012.0,40751.641
22013.0,40753.264
22014.0,40754.888
22015.0,40756.511
22016.0,40758.134
22017.0,40759.758
22018.0,40761.381
22019.0,40763.005
22020.0,40764.628
22021.0,40766.251
22022.0,40767.873
22023.0,40769.496
22024.0,40771.118
22025.0,40772.741
22026.0,40774.363
22027.0,40775.986
22028.0,40777.608
22029.0,40779.231
22030.0,40780.853
22031.0,40782.474
22032.0,40784.096
22033.0,40785.717
22034.0,40787.339
22035.0,40788.96
22036.0,40790.581
22037.0,40792.203
22038.0,40793.824
22039.0,40795.446
22040.0,40797.067
22041.0,40798.688
22042.0,40800.308
22043.0,40801.929
22044.0,40803.549
22045.0,40805.17
22046.0,40806.79
22047.0,40808.411
22048.0,40810.031
22049.0,40811.652
22050.0,40813.272
22051.0,40814.892
22052.0,40816.511
22053.0,40818.131
22054.0,40819.751
22055.0,40821.371
22056.0,40822.99
22057.0,40824.61
22058.0,40826.23
22059.0,40827.849
22060.0,40829.469
22061.0,40831.088
22062.0,40832.706
22063.0,40834.325
22064.0,40835.943
22065.0,40837.562
22066.0,40839.18
22067.0,40840.799
22068.0,40842.417
22069.0,40844.036
22070.0,40845.654
22071.0,40847.272
22072.0,40848.889
22073.0,40850.507
22074.0,40852.125
22075.0,40853.743
22076.0,40855.36
22077.0,40856.978
22078.0,40858.596
22079.0,40860.213
22080.0,40861.831
22081.0,40863.448
22082.0,40865.064
22083.0,40866.681
22084.0,40868.298
22085.0,40869.915
22086.0,40871.531
22087.0,40873.148
22088.0,40874.765
22089.0,40876.381
22090.0,40877.998
22091.0,40879.614
22092.0,40881.23
22093.0,40882.845
22094.0,40884.461
22095.0,40886.077
22096.0,40887.693
22097.0,40889.309
22098.0,40890.924
22099.0,40892.54
22100.0,40894.156
22101.0,40895.771
22102.0,40897.385
22103.0,40899.0
22104.0,40900.615
22105.0,40902.23
22106.0,40903.844
22107.0,40905.459
22108.0,40907.074
22109.0,40908.688
22110.0,40910.303
22111.0,40911.917
22112.0,40913.531
22113.0,40915.145
22114.0,40916.759
22115.0,40918.373
22116.0,40919.986
22117.0,40921.6
22118.0,40923.214
22119.0,40924.828
22120.0,40926.442
22121.0,40928.055
22122.0,40929.668
22123.0,40931.281
22124.0,40932.894
22125.0,40934.507
22126.0,40936.119
22127.0,40937.732
22128.0,40939.345
22129.0,40940.958
22130.0,40942.571
22131.0,40944.183
22132.0,40945.795
22133.0,40947.407
22134.0,40949.019
22135.0,40950.631
22136.0,40952.242
22137.0,40953.854
22138.0,40955.466
22139.0,40957.078
22140.0,40958.69
22141.0,40960.301
22142.0,40961.912
22143.0,40963.523
22144.0,40965.134
22145.0,40966.745
22146.0,40968.356
22147.0,40969.967
22148.0,40971.578
22149.0,40973.189
22150.0,40974.8
22151.0,40976.41
22152.0,40978.02
22153.0,40979.63
22154.0,40981.24
22155.0,40982.85
22156.0,40984.46
22157.0,40986.07
22158.0,40987.68
22159.0,40989.29
22160.0,40990.9
22161.0,40992.509
22162.0,40994.118
22163.0,40995.727
22164.0,40997.336
22165.0,40998.945
22166.0,41000.554
22167.0,41002.163
22168.0,41003.772
22169.0,41005.381
22170.0,41006.99
22171.0,41008.598
22172.0,41010.206
22173.0,41011.814
22174.0,41013.422
22175.0,41015.031
22176.0,41016.639
22177.0,41018.247
22178.0,41019.855
22179.0,41021.463
22180.0,41023.071
22181.0,41024.678
22182.0,41026.285
22183.0,41027.893
22184.0,41029.5
22185.0,41031.107
22186.0,41032.714
22187.0,41034.321
22188.0,41035.929
22189.0,41037.536
22190.0,41039.143
22191.0,41040.749
22192.0,41042.356
22193.0,41043.962
22194.0,41045.568
22195.0,41047.175
22196.0,41048.781
22197.0,41050.387
22198.0,41051.993
22199.0,41053.6
22200.0,41055.206
22201.0,41056.811
22202.0,41058.416
22203.0,41060.021
22204.0,41061.626
22205.0,41063.232
22206.0,41064.837
22207.0,41066.442
22208.0,41068.047
22209.0,41069.652
22210.0,41071.257
22211.0,41072.861
22212.0,41074.466
22213.0,41076.07
22214.0,41077.674
22215.0,41079.279
22216.0,41080.883
22217.0,41082.487
22218.0,41084.091
22219.0,41085.696
22220.0,41087.3
22221.0,41088.903
22222.0,41090.507
22223.0,41092.11
22224.0,41093.714
22225.0,41095.317
22226.0,41096.92
22227.0,41098.524
22228.0,41100.127
22229.0,41101.731
22230.0,41103.334
22231.0,41104.936
22232.0,41106.538
22233.0,41108.141
22234.0,41109.743
22235.0,41111.345
22236.0,41112.947
22237.0,41114.549
22238.0,41116.152
22239.0,41117.754
22240.0,41119.356
22241.0,41120.958
22242.0,41122.559
22243.0,41124.161
22244.0,41125.762
22245.0,41127.364
22246.0,41128.965
22247.0,41130.567
22248.0,41132.168
22249.0,41133.77
22250.0,41135.371
22251.0,41136.972
22252.0,41138.572
22253.0,41140.173
22254.0,41141.773
22255.0,41143.374
22256.0,41144.974
22257.0,41146.575
22258.0,41148.175
22259.0,41149.776
22260.0,41151.376
22261.0,41152.976
22262.0,41154.575
22263.0,41156.175
22264.0,41157.774
22265.0,41159.374
22266.0,41160.973
22267.0,41162.573
22268.0,41164.172
22269.0,41165.772
22270.0,41167.371
22271.0,41168.97
22272.0,41170.568
22273.0,41172.167
22274.0,41173.765
22275.0,41175.364
22276.0,41176.962
22277.0,41178.561
22278.0,41180.159
22279.0,41181.758
22280.0,41183.356
22281.0,41184.954
22282.0,41186.551
22283.0,41188.149
22284.0,41189.746
22285.0,41191.344
22286.0,41192.942
22287.0,41194.539
22288.0,41196.137
22289.0,41197.734
22290.0,41199.332
22291.0,41200.929
22292.0,41202.525
22293.0,41204.122
22294.0,41205.719
22295.0,41207.316
22296.0,41208.912
22297.0,41210.509
22298.0,41212.106
22299.0,41213.702
22300.0,41215.299
22301.0,41216.895
22302.0,41218.49
22303.0,41220.086
22304.0,41221.681
22305.0,41223.277
22306.0,41224.872
22307.0,41226.468
22308.0,41228.063
22309.0,41229.659
22310.0,41231.254
22311.0,41232.849
22312.0,41234.444
22313.0,41236.038
22314.0,41237.633
22315.0,41239.228
22316.0,41240.823
22317.0,41242.418
22318.0,41244.012
22319.0,41245.607
22320.0,41247.202
22321.0,41248.796
22322.0,41250.39
22323.0,41251.983
22324.0,41253.577
22325.0,41255.171
22326.0,41256.765
22327.0,41258.359
22328.0,41259.952
22329.0,41261.546
22330.0,41263.14
22331.0,41264.733
22332.0,41266.325
22333.0,41267.918
22334.0,41269.511
22335.0,41271.104
22336.0,41272.696
22337.0,41274.289
22338.0,41275.882
22339.0,41277.474
22340.0,41279.067
22341.0,41280.659
22342.0,41282.251
22343.0,41283.843
22344.0,41285.435
22345.0,41287.027
22346.0,41288.618
22347.0,41290.21
22348.0,41291.802
22349.0,41293.394
22350.0,41294.986
22351.0,41296.577
22352.0,41298.168
22353.0,41299.759
22354.0,41301.35
22355.0,41302.941
22356.0,41304.531
22357.0,41306.122
22358.0,41307.713
22359.0,41309.304
22360.0,41310.895
22361.0,41312.485
22362.0,41314.075
22363.0,41315.665
22364.0,41317.255
22365.0,41318.845
22366.0,41320.435
22367.0,41322.025
22368.0,41323.615
22369.0,41325.205
22370.0,41326.795
22371.0,41328.384
22372.0,41329.973
22373.0,41331.562
22374.0,41333.151
22375.0,41334.74
22376.0,41336.328
22377.0,41337.917
22378.0,41339.506
22379.0,41341.095
22380.0,41342.684
22381.0,41344.272
22382.0,41345.86
22383.0,41347.448
22384.0,41349.036
22385.0,41350.624
22386.0,41352.212
22387.0,41353.8
22388.0,41355.388
22389.0,41356.976
22390.0,41358.564
22391.0,41360.151
22392.0,41361.738
22393.0,41363.325
22394.0,41364.912
22395.0,41366.5
22396.0,41368.087
22397.0,41369.674
22398.0,41371.261
22399.0,41372.848
22400.0,41374.435
22401.0,41376.021
22402.0,41377.607
22403.0,41379.193
22404.0,41380.779
22405.0,41382.365
22406.0,41383.951
22407.0,41385.537
22408.0,41387.123
22409.0,41388.709
22410.0,41390.295
22411.0,41391.88
22412.0,41393.465
22413.0,41395.051
22414.0,41396.636
22415.0,41398.221
22416.0,41399.806
22417.0,41401.391
22418.0,41402.977
22419.0,41404.562
22420.0,41406.147
22421.0,41407.731
22422.0,41409.316
22423.0,41410.9
22424.0,41412.484
22425.0,41414.069
22426.0,41415.653
22427.0,41417.237
22428.0,41418.821
22429.0,41420.406
22430.0,41421.99
22431.0,41423.573
22432.0,41425.156
22433.0,41426.739
22434.0,41428.322
22435.0,41429.906
22436.0,41431.489
22437.0,41433.072
22438.0,41434.655
22439.0,41436.238
22440.0,41437.821
22441.0,41439.403
22442.0,41440.986
22443.0,41442.568
22444.0,41444.15
22445.0,41445.733
22446.0,41447.315
22447.0,41448.897
22448.0,41450.479
22449.0,41452.062
22450.0,41453.644
22451.0,41455.225
22452.0,41456.807
22453.0,41458.388
22454.0,41459.97
22455.0,41461.551
22456.0,41463.132
22457.0,41464.714
22458.0,41466.295
22459.0,41467.877
22460.0,41469.458
22461.0,41471.038
22462.0,41472.619
22463.0,41474.199
22464.0,41475.78
22465.0,41477.36
22466.0,41478.94
22467.0,41480.521
22468.0,41482.101
22469.0,41483.682
22470.0,41485.262
22471.0,41486.841
22472.0,41488.421
22473.0,41490.0
22474.0,41491.579
22475.0,41493.159
22476.0,41494.738
22477.0,41496.317
22478.0,41497.896
22479.0,41499.476
22480.0,41501.055
22481.0,41502.634
22482.0,41504.212
22483.0,41505.791
22484.0,41507.369
22485.0,41508.948
22486.0,41510.527
22487.0,41512.105
22488.0,41513.684
22489.0,41515.262
22490.0,41516.841
22491.0,41518.419
22492.0,41519.996
22493.0,41521.574
22494.0,41523.151
22495.0,41524.729
22496.0,41526.306
22497.0,41527.884
22498.0,41529.461
22499.0,41531.039
22500.0,41532.616
22501.0,41534.192
22502.0,41535.769
22503.0,41537.345
22504.0,41538.922
22505.0,41540.498
22506.0,41542.074
22507.0,41543.651
22508.0,41545.227
22509.0,41546.804
22510.0,41548.38
22511.0,41549.956
22512.0,41551.531
22513.0,41553.107
22514.0,41554.683
22515.0,41556.259
22516.0,41557.834
22517.0,41559.41
22518.0,41560.986
22519.0,41562.561
22520.0,41564.137
22521.0,41565.712
22522.0,41567.286
22523.0,41568.861
22524.0,41570.436
22525.0,41572.011
22526.0,41573.585
22527.0,41575.16
22528.0,41576.735
22529.0,41578.309
22530.0,41579.884
22531.0,41581.458
22532.0,41583.031
22533.0,41584.605
22534.0,41586.179
22535.0,41587.753
22536.0,41589.326
22537.0,41590.9
22538.0,41592.474
22539.0,41594.047
22540.0,41595.621
22541.0,41597.194
22542.0,41598.766
22543.0,41600.339
22544.0,41601.911
22545.0,41603.484
22546.0,41605.057
22547.0,41606.629
22548.0,41608.202
22549.0,41609.774
22550.0,41611.347
22551.0,41612.919
22552.0,41614.491
22553.0,41616.062
22554.0,41617.634
22555.0,41619.206
22556.0,41620.778
22557.0,41622.35
22558.0,41623.921
22559.0,41625.493
22560.0,41627.065
22561.0,41628.636
22562.0,41630.207
22563.0,41631.778
22564.0,41633.349
22565.0,41634.92
22566.0,41636.49
22567.0,41638.061
22568.0,41639.632
22569.0,41641.203
22570.0,41642.774
22571.0,41644.344
22572.0,41645.913
22573.0,41647.483
22574.0,41649.053
22575.0,41650.623
22576.0,41652.192
22577.0,41653.762
22578.0,41655.332
22579.0,41656.901
22580.0,41658.471
22581.0,41660.04
22582.0,41661.609
22583.0,41663.178
22584.0,41664.747
22585.0,41666.316
22586.0,41667.885
22587.0,41669.454
22588.0,41671.023
22589.0,41672.592
22590.0,41674.161
22591.0,41675.729
22592.0,41677.297
22593.0,41678.865
22594.0,41680.433
22595.0,41682.001
22596.0,41683.568
22597.0,41685.136
22598.0,41686.704
22599.0,41688.272
22600.0,41689.84
22601.0,41691.407
22602.0,41692.974
22603.0,41694.541
22604.0,41696.108
22605.0,41697.675
22606.0,41699.241
22607.0,41700.808
22608.0,41702.375
22609.0,41703.942
22610.0,41705.509
22611.0,41707.075
22612.0,41708.641
22613.0,41710.207
22614.0,41711.773
22615.0,41713.34
22616.0,41714.906
22617.0,41716.472
22618.0,41718.038
22619.0,41719.604
22620.0,41721.17
22621.0,41722.735
22622.0,41724.3
22623.0,41725.865
22624.0,41727.43
22625.0,41728.996
22626.0,41730.561
22627.0,41732.126
22628.0,41733.691
22629.0,41735.256
22630.0,41736.821
22631.0,41738.385
22632.0,41739.949
22633.0,41741.514
22634.0,41743.078
22635.0,41744.642
22636.0,41746.206
22637.0,41747.77
22638.0,41749.335
22639.0,41750.899
22640.0,41752.463
22641.0,41754.026
22642.0,41755.589
22643.0,41757.152
22644.0,41758.715
22645.0,41760.278
22646.0,41761.841
22647.0,41763.404
22648.0,41764.967
22649.0,41766.53
22650.0,41768.093
22651.0,41769.655
22652.0,41771.218
22653.0,41772.78
22654.0,41774.342
22655.0,41775.905
22656.0,41777.467
22657.0,41779.029
22658.0,41780.591
22659.0,41782.154
22660.0,41783.716
22661.0,41785.277
22662.0,41786.839
22663.0,41788.4
22664.0,41789.961
22665.0,41791.523
22666.0,41793.084
22667.0,41794.645
22668.0,41796.206
22669.0,41797.768
22670.0,41799.329
22671.0,41800.889
22672.0,41802.449
22673.0,41804.01
22674.0,41805.57
22675.0,41807.13
22676.0,41808.69
22677.0,41810.25
22678.0,41811.811
22679.0,41813.371
22680.0,41814.931
22681.0,41816.49
22682.0,41818.05
22683.0,41819.609
22684.0,41821.168
22685.0,41822.728
22686.0,41824.287
22687.0,41825.846
22688.0,41827.405
22689.0,41828.965
22690.0,41830.524
22691.0,41832.083
22692.0,41833.641
22693.0,41835.2
22694.0,41836.758
22695.0,41838.317
22696.0,41839.875
22697.0,41841.434
22698.0,41842.992
22699.0,41844.551
22700.0,41846.109
22701.0,41847.666
22702.0,41849.224
22703.0,41850.781
22704.0,41852.338
22705.0,41853.896
22706.0,41855.453
22707.0,41857.01
22708.0,41858.567
22709.0,41860.125
22710.0,41861.682
22711.0,41863.239
22712.0,41864.795
22713.0,41866.352
22714.0,41867.908
22715.0,41869.465
22716.0,41871.021
22717.0,41872.578
22718.0,41874.134
22719.0,41875.691
22720.0,41877.247
22721.0,41878.803
22722.0,41880.358
22723.0,41881.914
22724.0,41883.469
22725.0,41885.025
22726.0,41886.581
22727.0,41888.136
22728.0,41889.692
22729.0,41891.247
22730.0,41892.803
22731.0,41894.358
22732.0,41895.912
22733.0,41897.467
22734.0,41899.021
22735.0,41900.576
22736.0,41902.131
22737.0,41903.685
22738.0,41905.24
22739.0,41906.794
22740.0,41908.349
22741.0,41909.902
22742.0,41911.456
22743.0,41913.009
22744.0,41914.563
22745.0,41916.116
22746.0,41917.669
22747.0,41919.223
22748.0,41920.776
22749.0,41922.33
22750.0,41923.883
22751.0,41925.436
22752.0,41926.988
22753.0,41928.541
22754.0,41930.094
22755.0,41931.647
22756.0,41933.199
22757.0,41934.752
22758.0,41936.305
22759.0,41937.857
22760.0,41939.41
22761.0,41940.962
22762.0,41942.514
22763.0,41944.065
22764.0,41945.617
22765.0,41947.169
22766.0,41948.721
22767.0,41950.273
22768.0,41951.824
22769.0,41953.376
22770.0,41954.928
22771.0,41956.479
22772.0,41958.029
22773.0,41959.58
22774.0,41961.13
22775.0,41962.681
22776.0,41964.232
22777.0,41965.782
22778.0,41967.333
22779.0,41968.883
22780.0,41970.434
22781.0,41971.984
22782.0,41973.534
22783.0,41975.083
22784.0,41976.633
22785.0,41978.183
22786.0,41979.733
22787.0,41981.283
22788.0,41982.832
22789.0,41984.382
22790.0,41985.932
22791.0,41987.481
22792.0,41989.03
22793.0,41990.579
22794.0,41992.128
22795.0,41993.677
22796.0,41995.225
22797.0,41996.774
22798.0,41998.323
22799.0,41999.872
22800.0,42001.421
22801.0,42002.969
22802.0,42004.517
22803.0,42006.065
22804.0,42007.613
22805.0,42009.161
22806.0,42010.708
22807.0,42012.256
22808.0,42013.804
22809.0,42015.352
22810.0,42016.9
22811.0,42018.447
22812.0,42019.994
22813.0,42021.54
22814.0,42023.087
22815.0,42024.634
22816.0,42026.181
22817.0,42027.728
22818.0,42029.274
22819.0,42030.821
22820.0,42032.368
22821.0,42033.914
22822.0,42035.46
22823.0,42037.006
22824.0,42038.552
22825.0,42040.098
22826.0,42041.644
22827.0,42043.19
22828.0,42044.736
22829.0,42046.282
22830.0,42047.828
22831.0,42049.373
22832.0,42050.918
22833.0,42052.463
22834.0,42054.008
22835.0,42055.553
22836.0,42057.098
22837.0,42058.643
22838.0,42060.188
22839.0,42061.733
22840.0,42063.278
22841.0,42064.822
22842.0,42066.366
22843.0,42067.91
22844.0,42069.454
22845.0,42070.998
22846.0,42072.541
22847.0,42074.085
22848.0,42075.629
22849.0,42077.173
22850.0,42078.717
22851.0,42080.26
22852.0,42081.803
22853.0,42083.347
22854.0,42084.89
22855.0,42086.433
22856.0,42087.976
22857.0,42089.519
22858.0,42091.063
22859.0,42092.606
22860.0,42094.149
22861.0,42095.691
22862.0,42097.233
22863.0,42098.775
22864.0,42100.317
22865.0,42101.86
22866.0,42103.402
22867.0,42104.944
22868.0,42106.486
22869.0,42108.028
22870.0,42109.57
22871.0,42111.111
22872.0,42112.652
22873.0,42114.193
22874.0,42115.734
22875.0,42117.276
22876.0,42118.817
22877.0,42120.358
22878.0,42121.899
22879.0,42123.44
22880.0,42124.981
22881.0,42126.521
22882.0,42128.062
22883.0,42129.602
22884.0,42131.142
22885.0,42132.683
22886.0,42134.223
22887.0,42135.763
22888.0,42137.303
22889.0,42138.844
22890.0,42140.384
22891.0,42141.923
22892.0,42143.463
22893.0,42145.002
22894.0,42146.541
22895.0,42148.081
22896.0,42149.62
22897.0,42151.159
22898.0,42152.698
22899.0,42154.238
22900.0,42155.777
22901.0,42157.315
22902.0,42158.854
22903.0,42160.392
22904.0,42161.93
22905.0,42163.469
22906.0,42165.007
22907.0,42166.545
22908.0,42168.083
22909.0,42169.622
22910.0,42171.16
22911.0,42172.697
22912.0,42174.234
22913.0,42175.772
22914.0,42177.309
22915.0,42178.846
22916.0,42180.383
22917.0,42181.92
22918.0,42183.458
22919.0,42184.995
22920.0,42186.532
22921.0,42188.069
22922.0,42189.605
22923.0,42191.142
22924.0,42192.678
22925.0,42194.215
22926.0,42195.751
22927.0,42197.288
22928.0,42198.824
22929.0,42200.361
22930.0,42201.897
22931.0,42203.433
22932.0,42204.968
22933.0,42206.504
22934.0,42208.039
22935.0,42209.575
22936.0,42211.11
22937.0,42212.646
22938.0,42214.181
22939.0,42215.717
22940.0,42217.252
22941.0,42218.786
22942.0,42220.321
22943.0,42221.855
22944.0,42223.389
22945.0,42224.924
22946.0,42226.458
22947.0,42227.992
22948.0,42229.526
22949.0,42231.061
22950.0,42232.595
22951.0,42234.129
22952.0,42235.662
22953.0,42237.196
22954.0,42238.729
22955.0,42240.263
22956.0,42241.797
22957.0,42243.33
22958.0,42244.864
22959.0,42246.397
22960.0,42247.931
22961.0,42249.464
22962.0,42250.996
22963.0,42252.529
22964.0,42254.061
22965.0,42255.594
22966.0,42257.127
22967.0,42258.659
22968.0,42260.192
22969.0,42261.724
22970.0,42263.257
22971.0,42264.789
22972.0,42266.32
22973.0,42267.852
22974.0,42269.383
22975.0,42270.915
22976.0,42272.446
22977.0,42273.978
22978.0,42275.509
22979.0,42277.041
22980.0,42278.572
22981.0,42280.103
22982.0,42281.633
22983.0,42283.164
22984.0,42284.695
22985.0,42286.226
22986.0,42287.756
22987.0,42289.287
22988.0,42290.818
22989.0,42292.348
22990.0,42293.879
22991.0,42295.409
22992.0,42296.938
22993.0,42298.468
22994.0,42299.998
22995.0,42301.528
22996.0,42303.057
22997.0,42304.587
22998.0,42306.117
22999.0,42307.646
23000.0,42309.176
23001.0,42310.705
23002.0,42312.234
23003.0,42313.762
23004.0,42315.291
23005.0,42316.82
23006.0,42318.349
23007.0,42319.878
23008.0,42321.406
23009.0,42322.935
23010.0,42324.464
23011.0,42325.992
23012.0,42327.519
23013.0,42329.047
23014.0,42330.575
23015.0,42332.103
23016.0,42333.63
23017.0,42335.158
23018.0,42336.686
23019.0,42338.213
23020.0,42339.741
23021.0,42341.268
23022.0,42342.795
23023.0,42344.322
23024.0,42345.849
23025.0,42347.376
23026.0,42348.902
23027.0,42350.429
23028.0,42351.956
23029.0,42353.483
23030.0,42355.01
23031.0,42356.536
23032.0,42358.062
23033.0,42359.588
23034.0,42361.114
23035.0,42362.64
23036.0,42364.165
23037.0,42365.691
23038.0,42367.217
23039.0,42368.743
23040.0,42370.269
23041.0,42371.794
23042.0,42373.319
23043.0,42374.843
23044.0,42376.368
23045.0,42377.893
23046.0,42379.418
23047.0,42380.943
23048.0,42382.467
23049.0,42383.992
23050.0,42385.517
23051.0,42387.041
23052.0,42388.565
23053.0,42390.089
23054.0,42391.613
23055.0,42393.137
23056.0,42394.661
23057.0,42396.185
23058.0,42397.709
23059.0,42399.233
23060.0,42400.757
23061.0,42402.28
23062.0,42403.803
23063.0,42405.326
23064.0,42406.849
23065.0,42408.372
23066.0,42409.895
23067.0,42411.418
23068.0,42412.941
23069.0,42414.464
23070.0,42415.987
23071.0,42417.509
23072.0,42419.031
23073.0,42420.553
23074.0,42422.075
23075.0,42423.598
23076.0,42425.12
23077.0,42426.642
23078.0,42428.164
23079.0,42429.686
23080.0,42431.208
23081.0,42432.729
23082.0,42434.25
23083.0,42435.771
23084.0,42437.292
23085.0,42438.813
23086.0,42440.334
23087.0,42441.855
23088.0,42443.376
23089.0,42444.897
23090.0,42446.418
23091.0,42447.938
23092.0,42449.458
23093.0,42450.979
23094.0,42452.499
23095.0,42454.019
23096.0,42455.539
23097.0,42457.059
23098.0,42458.58
23099.0,42460.1
23100.0,42461.62
23101.0,42463.139
23102.0,42464.658
23103.0,42466.178
23104.0,42467.697
23105.0,42469.216
23106.0,42470.735
23107.0,42472.254
23108.0,42473.774
23109.0,42475.293
23110.0,42476.812
23111.0,42478.33
23112.0,42479.848
23113.0,42481.366
23114.0,42482.884
23115.0,42484.403
23116.0,42485.921
23117.0,42487.439
23118.0,42488.957
23119.0,42490.475
23120.0,42491.993
23121.0,42493.51
23122.0,42495.028
23123.0,42496.545
23124.0,42498.062
23125.0,42499.58
23126.0,42501.097
23127.0,42502.614
23128.0,42504.131
23129.0,42505.649
23130.0,42507.166
23131.0,42508.682
23132.0,42510.199
23133.0,42511.715
23134.0,42513.232
23135.0,42514.748
23136.0,42516.264
23137.0,42517.781
23138.0,42519.297
23139.0,42520.814
23140.0,42522.33
23141.0,42523.845
23142.0,42525.36
23143.0,42526.876
23144.0,42528.391
23145.0,42529.906
23146.0,42531.421
23147.0,42532.936
23148.0,42534.452
23149.0,42535.967
23150.0,42537.482
23151.0,42538.996
23152.0,42540.511
23153.0,42542.025
23154.0,42543.54
23155.0,42545.054
23156.0,42546.568
23157.0,42548.083
23158.0,42549.597
23159.0,42551.112
23160.0,42552.626
23161.0,42554.14
23162.0,42555.653
23163.0,42557.167
23164.0,42558.68
23165.0,42560.194
23166.0,42561.707
23167.0,42563.221
23168.0,42564.734
23169.0,42566.248
23170.0,42567.761
23171.0,42569.274
23172.0,42570.786
23173.0,42572.299
23174.0,42573.811
23175.0,42575.324
23176.0,42576.837
23177.0,42578.349
23178.0,42579.862
23179.0,42581.374
23180.0,42582.887
23181.0,42584.398
23182.0,42585.91
23183.0,42587.421
23184.0,42588.933
23185.0,42590.444
23186.0,42591.955
23187.0,42593.467
23188.0,42594.978
23189.0,42596.49
23190.0,42598.001
23191.0,42599.512
23192.0,42601.022
23193.0,42602.533
23194.0,42604.043
23195.0,42605.554
23196.0,42607.065
23197.0,42608.575
23198.0,42610.086
23199.0,42611.596
23200.0,42613.107
23201.0,42614.617
23202.0,42616.126
23203.0,42617.636
23204.0,42619.146
23205.0,42620.656
23206.0,42622.165
23207.0,42623.675
23208.0,42625.185
23209.0,42626.694
23210.0,42628.204
23211.0,42629.713
23212.0,42631.221
23213.0,42632.73
23214.0,42634.238
23215.0,42635.747
23216.0,42637.255
23217.0,42638.764
23218.0,42640.272
23219.0,42641.781
23220.0,42643.289
23221.0,42644.797
23222.0,42646.305
23223.0,42647.812
23224.0,42649.32
23225.0,42650.828
23226.0,42652.336
23227.0,42653.844
23228.0,42655.351
23229.0,42656.859
23230.0,42658.367
23231.0,42659.874
23232.0,42661.381
23233.0,42662.887
23234.0,42664.394
23235.0,42665.901
23236.0,42667.408
23237.0,42668.915
23238.0,42670.421
23239.0,42671.928
23240.0,42673.435
23241.0,42674.941
23242.0,42676.446
23243.0,42677.952
23244.0,42679.457
23245.0,42680.963
23246.0,42682.469
23247.0,42683.974
23248.0,42685.48
23249.0,42686.985
23250.0,42688.491
23251.0,42689.996
23252.0,42691.501
23253.0,42693.006
23254.0,42694.511
23255.0,42696.016
23256.0,42697.52
23257.0,42699.025
23258.0,42700.53
23259.0,42702.035
23260.0,42703.54
23261.0,42705.044
23262.0,42706.548
23263.0,42708.052
23264.0,42709.556
23265.0,42711.06
23266.0,42712.563
23267.0,42714.067
23268.0,42715.571
23269.0,42717.075
23270.0,42718.579
23271.0,42720.082
23272.0,42721.585
23273.0,42723.088
23274.0,42724.591
23275.0,42726.094
23276.0,42727.597
23277.0,42729.1
23278.0,42730.603
23279.0,42732.106
23280.0,42733.609
23281.0,42735.111
23282.0,42736.613
23283.0,42738.114
23284.0,42739.616
23285.0,42741.118
23286.0,42742.62
23287.0,42744.122
23288.0,42745.623
23289.0,42747.125
23290.0,42748.627
23291.0,42750.128
23292.0,42751.629
23293.0,42753.13
23294.0,42754.631
23295.0,42756.133
23296.0,42757.634
23297.0,42759.135
23298.0,42760.636
23299.0,42762.137
23300.0,42763.638
23301.0,42765.138
23302.0,42766.638
23303.0,42768.138
23304.0,42769.638
23305.0,42771.139
23306.0,42772.639
23307.0,42774.139
23308.0,42775.639
23309.0,42777.139
23310.0,42778.639
23311.0,42780.138
23312.0,42781.637
23313.0,42783.136
23314.0,42784.635
23315.0,42786.134
23316.0,42787.633
23317.0,42789.132
23318.0,42790.631
23319.0,42792.13
23320.0,42793.629
23321.0,42795.127
23322.0,42796.625
23323.0,42798.124
23324.0,42799.622
23325.0,42801.12
23326.0,42802.618
23327.0,42804.116
23328.0,42805.615
23329.0,42807.113
23330.0,42808.611
23331.0,42810.108
23332.0,42811.605
23333.0,42813.103
23334.0,42814.6
23335.0,42816.097
23336.0,42817.594
23337.0,42819.091
23338.0,42820.589
23339.0,42822.086
23340.0,42823.583
23341.0,42825.079
23342.0,42826.576
23343.0,42828.072
23344.0,42829.568
23345.0,42831.065
23346.0,42832.561
23347.0,42834.057
23348.0,42835.553
23349.0,42837.05
23350.0,42838.546
23351.0,42840.041
23352.0,42841.536
23353.0,42843.031
23354.0,42844.526
23355.0,42846.022
23356.0,42847.517
23357.0,42849.012
23358.0,42850.507
23359.0,42852.002
23360.0,42853.497
23361.0,42854.991
23362.0,42856.486
23363.0,42857.98
23364.0,42859.475
23365.0,42860.969
23366.0,42862.463
23367.0,42863.958
23368.0,42865.452
23369.0,42866.947
23370.0,42868.441
23371.0,42869.934
23372.0,42871.428
23373.0,42872.921
23374.0,42874.415
23375.0,42875.908
23376.0,42877.401
23377.0,42878.895
23378.0,42880.388
23379.0,42881.882
23380.0,42883.375
23381.0,42884.867
23382.0,42886.36
23383.0,42887.852
23384.0,42889.344
23385.0,42890.837
23386.0,42892.329
23387.0,42893.821
23388.0,42895.313
23389.0,42896.806
23390.0,42898.298
23391.0,42899.79
23392.0,42901.281
23393.0,42902.773
23394.0,42904.264
23395.0,42905.756
23396.0,42907.247
23397.0,42908.739
23398.0,42910.23
23399.0,42911.722
23400.0,42913.213
23401.0,42914.704
23402.0,42916.194
23403.0,42917.685
23404.0,42919.175
23405.0,42920.666
23406.0,42922.157
23407.0,42923.647
23408.0,42925.138
23409.0,42926.628
23410.0,42928.119
23411.0,42929.608
23412.0,42931.098
23413.0,42932.587
23414.0,42934.076
23415.0,42935.566
23416.0,42937.055
23417.0,42938.544
23418.0,42940.033
23419.0,42941.523
23420.0,42943.012
23421.0,42944.501
23422.0,42945.989
23423.0,42947.478
23424.0,42948.967
23425.0,42950.456
23426.0,42951.944
23427.0,42953.433
23428.0,42954.922
23429.0,42956.41
23430.0,42957.899
23431.0,42959.387
23432.0,42960.874
23433.0,42962.362
23434.0,42963.85
23435.0,42965.338
23436.0,42966.825
23437.0,42968.313
23438.0,42969.801
23439.0,42971.288
23440.0,42972.776
23441.0,42974.263
23442.0,42975.749
23443.0,42977.236
23444.0,42978.723
23445.0,42980.21
23446.0,42981.696
23447.0,42983.183
23448.0,42984.67
23449.0,42986.156
23450.0,42987.643
23451.0,42989.129
23452.0,42990.614
23453.0,42992.1
23454.0,42993.585
23455.0,42995.071
23456.0,42996.557
23457.0,42998.042
23458.0,42999.528
23459.0,43001.013
23460.0,43002.499
23461.0,43003.984
23462.0,43005.469
23463.0,43006.953
23464.0,43008.438
23465.0,43009.923
23466.0,43011.408
23467.0,43012.893
23468.0,43014.377
23469.0,43015.862
23470.0,43017.347
23471.0,43018.831
23472.0,43020.315
23473.0,43021.798
23474.0,43023.282
23475.0,43024.766
23476.0,43026.25
23477.0,43027.734
23478.0,43029.217
23479.0,43030.701
23480.0,43032.185
23481.0,43033.668
23482.0,43035.15
23483.0,43036.633
23484.0,43038.116
23485.0,43039.599
23486.0,43041.081
23487.0,43042.564
23488.0,43044.047
23489.0,43045.529
23490.0,43047.012
23491.0,43048.494
23492.0,43049.976
23493.0,43051.458
23494.0,43052.94
23495.0,43054.422
23496.0,43055.904
23497.0,43057.386
23498.0,43058.868
23499.0,43060.35
23500.0,43061.832
23501.0,43063.313
23502.0,43064.794
23503.0,43066.275
23504.0,43067.756
23505.0,43069.237
23506.0,43070.718
23507.0,43072.199
23508.0,43073.68
23509.0,43075.161
23510.0,43076.642
23511.0,43078.122
23512.0,43079.602
23513.0,43081.081
23514.0,43082.561
23515.0,43084.041
23516.0,43085.521
23517.0,43087.001
23518.0,43088.48
23519.0,43089.96
23520.0,43091.44
23521.0,43092.919
23522.0,43094.398
23523.0,43095.877
23524.0,43097.356
23525.0,43098.836
23526.0,43100.315
23527.0,43101.794
23528.0,43103.273
23529.0,43104.752
23530.0,43106.231
23531.0,43107.709
23532.0,43109.187
23533.0,43110.665
23534.0,43112.143
23535.0,43113.622
23536.0,43115.1
23537.0,43116.578
23538.0,43118.056
23539.0,43119.534
23540.0,43121.012
23541.0,43122.489
23542.0,43123.966
23543.0,43125.444
23544.0,43126.921
23545.0,43128.398
23546.0,43129.875
23547.0,43131.352
23548.0,43132.83
23549.0,43134.307
23550.0,43135.784
23551.0,43137.26
23552.0,43138.736
23553.0,43140.212
23554.0,43141.688
23555.0,43143.164
23556.0,43144.64
23557.0,43146.116
23558.0,43147.592
23559.0,43149.068
23560.0,43150.544
23561.0,43152.019
23562.0,43153.494
23563.0,43154.97
23564.0,43156.445
23565.0,43157.92
23566.0,43159.395
23567.0,43160.87
23568.0,43162.346
23569.0,43163.821
23570.0,43165.296
23571.0,43166.77
23572.0,43168.245
23573.0,43169.719
23574.0,43171.193
23575.0,43172.668
23576.0,43174.142
23577.0,43175.616
23578.0,43177.09
23579.0,43178.565
23580.0,43180.039
23581.0,43181.512
23582.0,43182.985
23583.0,43184.458
23584.0,43185.931
23585.0,43187.405
23586.0,43188.878
23587.0,43190.351
23588.0,43191.824
23589.0,43193.297
23590.0,43194.77
23591.0,43196.242
23592.0,43197.715
23593.0,43199.187
23594.0,43200.66
23595.0,43202.132
23596.0,43203.604
23597.0,43205.077
23598.0,43206.549
23599.0,43208.022
23600.0,43209.494
23601.0,43210.965
23602.0,43212.437
23603.0,43213.908
23604.0,43215.38
23605.0,43216.851
23606.0,43218.322
23607.0,43219.794
23608.0,43221.265
23609.0,43222.737
23610.0,43224.208
23611.0,43225.679
23612.0,43227.149
23613.0,43228.62
23614.0,43230.09
23615.0,43231.561
23616.0,43233.031
23617.0,43234.502
23618.0,43235.972
23619.0,43237.443
23620.0,43238.913
23621.0,43240.382
23622.0,43241.852
23623.0,43243.321
23624.0,43244.79
23625.0,43246.26
23626.0,43247.729
23627.0,43249.198
23628.0,43250.667
23629.0,43252.137
23630.0,43253.606
23631.0,43255.075
23632.0,43256.543
23633.0,43258.012
23634.0,43259.48
23635.0,43260.949
23636.0,43262.418
23637.0,43263.886
23638.0,43265.355
23639.0,43266.823
23640.0,43268.292
23641.0,43269.76
23642.0,43271.227
23643.0,43272.695
23644.0,43274.162
23645.0,43275.63
23646.0,43277.098
23647.0,43278.565
23648.0,43280.033
23649.0,43281.5
23650.0,43282.968
23651.0,43284.434
23652.0,43285.901
23653.0,43287.367
23654.0,43288.834
23655.0,43290.3
23656.0,43291.766
23657.0,43293.233
23658.0,43294.699
23659.0,43296.166
23660.0,43297.632
23661.0,43299.098
23662.0,43300.563
23663.0,43302.029
23664.0,43303.495
23665.0,43304.961
23666.0,43306.426
23667.0,43307.892
23668.0,43309.358
23669.0,43310.823
23670.0,43312.289
23671.0,43313.754
23672.0,43315.219
23673.0,43316.683
23674.0,43318.148
23675.0,43319.613
23676.0,43321.078
23677.0,43322.543
23678.0,43324.007
23679.0,43325.472
23680.0,43326.937
23681.0,43328.401
23682.0,43329.864
23683.0,43331.328
23684.0,43332.791
23685.0,43334.255
23686.0,43335.718
23687.0,43337.182
23688.0,43338.645
23689.0,43340.109
23690.0,43341.572
23691.0,43343.035
23692.0,43344.498
23693.0,43345.961
23694.0,43347.424
23695.0,43348.887
23696.0,43350.349
23697.0,43351.812
23698.0,43353.275
23699.0,43354.738
23700.0,43356.201
23701.0,43357.663
23702.0,43359.125
23703.0,43360.586
23704.0,43362.048
23705.0,43363.51
23706.0,43364.972
23707.0,43366.434
23708.0,43367.895
23709.0,43369.357
23710.0,43370.819
23711.0,43372.28
23712.0,43373.741
23713.0,43375.202
23714.0,43376.663
23715.0,43378.124
23716.0,43379.584
23717.0,43381.045
23718.0,43382.506
23719.0,43383.967
23720.0,43385.428
23721.0,43386.888
23722.0,43388.348
23723.0,43389.807
23724.0,43391.267
23725.0,43392.727
23726.0,43394.187
23727.0,43395.647
23728.0,43397.106
23729.0,43398.566
23730.0,43400.026
23731.0,43401.485
23732.0,43402.944
23733.0,43404.403
23734.0,43405.862
23735.0,43407.321
23736.0,43408.78
23737.0,43410.239
23738.0,43411.698
23739.0,43413.157
23740.0,43414.616
23741.0,43416.074
23742.0,43417.532
23743.0,43418.99
23744.0,43420.448
23745.0,43421.906
23746.0,43423.364
23747.0,43424.822
23748.0,43426.28
23749.0,43427.738
23750.0,43429.196
23751.0,43430.653
23752.0,43432.11
23753.0,43433.567
23754.0,43435.024
23755.0,43436.481
23756.0,43437.937
23757.0,43439.394
23758.0,43440.851
23759.0,43442.308
23760.0,43443.765
23761.0,43445.221
23762.0,43446.677
23763.0,43448.133
23764.0,43449.589
23765.0,43451.046
23766.0,43452.502
23767.0,43453.958
23768.0,43455.414
23769.0,43456.87
23770.0,43458.326
23771.0,43459.781
23772.0,43461.236
23773.0,43462.692
23774.0,43464.147
23775.0,43465.602
23776.0,43467.057
23777.0,43468.512
23778.0,43469.968
23779.0,43471.423
23780.0,43472.878
23781.0,43474.332
23782.0,43475.786
23783.0,43477.24
23784.0,43478.694
23785.0,43480.148
23786.0,43481.602
23787.0,43483.056
23788.0,43484.51
23789.0,43485.964
23790.0,43487.418
23791.0,43488.871
23792.0,43490.325
23793.0,43491.778
23794.0,43493.231
23795.0,43494.685
23796.0,43496.138
23797.0,43497.591
23798.0,43499.044
23799.0,43500.498
23800.0,43501.951
23801.0,43503.403
23802.0,43504.856
23803.0,43506.308
23804.0,43507.76
23805.0,43509.213
23806.0,43510.665
23807.0,43512.117
23808.0,43513.569
23809.0,43515.022
23810.0,43516.474
23811.0,43517.925
23812.0,43519.377
23813.0,43520.828
23814.0,43522.279
23815.0,43523.731
23816.0,43525.182
23817.0,43526.633
23818.0,43528.084
23819.0,43529.536
23820.0,43530.987
23821.0,43532.437
23822.0,43533.887
23823.0,43535.338
23824.0,43536.788
23825.0,43538.238
23826.0,43539.688
23827.0,43541.138
23828.0,43542.589
23829.0,43544.039
23830.0,43545.489
23831.0,43546.938
23832.0,43548.388
23833.0,43549.837
23834.0,43551.287
23835.0,43552.736
23836.0,43554.185
23837.0,43555.635
23838.0,43557.084
23839.0,43558.534
23840.0,43559.983
23841.0,43561.432
23842.0,43562.88
23843.0,43564.329
23844.0,43565.777
23845.0,43567.226
23846.0,43568.674
23847.0,43570.123
23848.0,43571.571
23849.0,43573.02
23850.0,43574.468
23851.0,43575.915
23852.0,43577.363
23853.0,43578.81
23854.0,43580.257
23855.0,43581.705
23856.0,43583.152
23857.0,43584.599
23858.0,43586.046
23859.0,43587.494
23860.0,43588.941
23861.0,43590.388
23862.0,43591.834
23863.0,43593.281
23864.0,43594.727
23865.0,43596.174
23866.0,43597.621
23867.0,43599.067
23868.0,43600.514
23869.0,43601.96
23870.0,43603.407
23871.0,43604.853
23872.0,43606.298
23873.0,43607.744
23874.0,43609.189
23875.0,43610.635
23876.0,43612.081
23877.0,43613.526
23878.0,43614.972
23879.0,43616.417
23880.0,43617.863
23881.0,43619.308
23882.0,43620.752
23883.0,43622.197
23884.0,43623.642
23885.0,43625.087
23886.0,43626.531
23887.0,43627.976
23888.0,43629.421
23889.0,43630.865
23890.0,43632.31
23891.0,43633.754
23892.0,43635.197
23893.0,43636.641
23894.0,43638.084
23895.0,43639.528
23896.0,43640.971
23897.0,43642.415
23898.0,43643.858
23899.0,43645.302
23900.0,43646.745
23901.0,43648.188
23902.0,43649.63
23903.0,43651.073
23904.0,43652.516
23905.0,43653.959
23906.0,43655.401
23907.0,43656.844
23908.0,43658.287
23909.0,43659.729
23910.0,43661.172
23911.0,43662.614
23912.0,43664.056
23913.0,43665.497
23914.0,43666.939
23915.0,43668.381
23916.0,43669.823
23917.0,43671.265
23918.0,43672.706
23919.0,43674.148
23920.0,43675.59
23921.0,43677.031
23922.0,43678.471
23923.0,43679.912
23924.0,43681.352
23925.0,43682.793
23926.0,43684.234
23927.0,43685.674
23928.0,43687.115
23929.0,43688.555
23930.0,43689.996
23931.0,43691.436
23932.0,43692.876
23933.0,43694.316
23934.0,43695.756
23935.0,43697.196
23936.0,43698.635
23937.0,43700.075
23938.0,43701.515
23939.0,43702.955
23940.0,43704.395
23941.0,43705.834
23942.0,43707.273
23943.0,43708.712
23944.0,43710.151
23945.0,43711.59
23946.0,43713.028
23947.0,43714.467
23948.0,43715.906
23949.0,43717.345
23950.0,43718.784
23951.0,43720.222
23952.0,43721.659
23953.0,43723.097
23954.0,43724.535
23955.0,43725.973
23956.0,43727.41
23957.0,43728.848
23958.0,43730.286
23959.0,43731.723
23960.0,43733.161
23961.0,43734.598
23962.0,43736.035
23963.0,43737.472
23964.0,43738.909
23965.0,43740.347
23966.0,43741.784
23967.0,43743.221
23968.0,43744.658
23969.0,43746.095
23970.0,43747.532
23971.0,43748.968
23972.0,43750.404
23973.0,43751.84
23974.0,43753.276
23975.0,43754.712
23976.0,43756.148
23977.0,43757.584
23978.0,43759.02
23979.0,43760.456
23980.0,43761.892
23981.0,43763.327
23982.0,43764.762
23983.0,43766.197
23984.0,43767.632
23985.0,43769.068
23986.0,43770.503
23987.0,43771.938
23988.0,43773.373
23989.0,43774.808
23990.0,43776.243
23991.0,43777.677
23992.0,43779.111
23993.0,43780.545
23994.0,43781.979
23995.0,43783.413
23996.0,43784.846
23997.0,43786.28
23998.0,43787.714
23999.0,43789.148
24000.0,43790.582
24001.0,43792.015
24002.0,43793.448
24003.0,43794.882
24004.0,43796.315
24005.0,43797.748
24006.0,43799.181
24007.0,43800.614
24008.0,43802.048
24009.0,43803.481
24010.0,43804.914
24011.0,43806.346
24012.0,43807.778
24013.0,43809.211
24014.0,43810.643
24015.0,43812.075
24016.0,43813.507
24017.0,43814.939
24018.0,43816.372
24019.0,43817.804
24020.0,43819.236
24021.0,43820.667
24022.0,43822.098
24023.0,43823.529
24024.0,43824.96
24025.0,43826.392
24026.0,43827.823
24027.0,43829.254
24028.0,43830.685
24029.0,43832.116
24030.0,43833.547
24031.0,43834.977
24032.0,43836.408
24033.0,43837.838
24034.0,43839.268
24035.0,43840.699
24036.0,43842.129
24037.0,43843.559
24038.0,43844.989
24039.0,43846.42
24040.0,43847.85
24041.0,43849.279
24042.0,43850.709
24043.0,43852.138
24044.0,43853.568
24045.0,43854.997
24046.0,43856.426
24047.0,43857.856
24048.0,43859.285
24049.0,43860.715
24050.0,43862.144
24051.0,43863.572
24052.0,43865.0
24053.0,43866.428
24054.0,43867.856
24055.0,43869.285
24056.0,43870.713
24057.0,43872.141
24058.0,43873.569
24059.0,43874.997
24060.0,43876.425
24061.0,43877.853
24062.0,43879.28
24063.0,43880.708
24064.0,43882.135
24065.0,43883.563
24066.0,43884.99
24067.0,43886.418
24068.0,43887.845
24069.0,43889.273
24070.0,43890.7
24071.0,43892.127
24072.0,43893.553
24073.0,43894.98
24074.0,43896.406
24075.0,43897.833
24076.0,43899.259
24077.0,43900.686
24078.0,43902.112
24079.0,43903.539
24080.0,43904.965
24081.0,43906.391
24082.0,43907.816
24083.0,43909.242
24084.0,43910.667
24085.0,43912.093
24086.0,43913.518
24087.0,43914.944
24088.0,43916.369
24089.0,43917.795
24090.0,43919.22
24091.0,43920.644
24092.0,43922.069
24093.0,43923.493
24094.0,43924.918
24095.0,43926.342
24096.0,43927.766
24097.0,43929.191
24098.0,43930.615
24099.0,43932.04
24100.0,43933.464
24101.0,43934.888
24102.0,43936.311
24103.0,43937.735
24104.0,43939.158
24105.0,43940.582
24106.0,43942.006
24107.0,43943.429
24108.0,43944.853
24109.0,43946.276
24110.0,43947.7
24111.0,43949.123
24112.0,43950.545
24113.0,43951.968
24114.0,43953.391
24115.0,43954.814
24116.0,43956.236
24117.0,43957.659
24118.0,43959.082
24119.0,43960.504
24120.0,43961.927
24121.0,43963.349
24122.0,43964.77
24123.0,43966.192
24124.0,43967.613
24125.0,43969.035
24126.0,43970.456
24127.0,43971.878
24128.0,43973.299
24129.0,43974.721
24130.0,43976.142
24131.0,43977.563
24132.0,43978.983
24133.0,43980.404
24134.0,43981.825
24135.0,43983.246
24136.0,43984.666
24137.0,43986.087
24138.0,43987.508
24139.0,43988.928
24140.0,43990.349
24141.0,43991.769
24142.0,43993.189
24143.0,43994.608
24144.0,43996.028
24145.0,43997.448
24146.0,43998.868
24147.0,44000.288
24148.0,44001.707
24149.0,44003.127
24150.0,44004.547
24151.0,44005.966
24152.0,44007.385
24153.0,44008.804
24154.0,44010.223
24155.0,44011.642
24156.0,44013.06
24157.0,44014.479
24158.0,44015.898
24159.0,44017.317
24160.0,44018.736
24161.0,44020.154
24162.0,44021.571
24163.0,44022.989
24164.0,44024.406
24165.0,44025.824
24166.0,44027.242
24167.0,44028.659
24168.0,44030.077
24169.0,44031.494
24170.0,44032.912
24171.0,44034.329
24172.0,44035.746
24173.0,44037.163
24174.0,44038.58
24175.0,44039.997
24176.0,44041.414
24177.0,44042.831
24178.0,44044.248
24179.0,44045.665
24180.0,44047.082
24181.0,44048.498
24182.0,44049.914
24183.0,44051.33
24184.0,44052.746
24185.0,44054.162
24186.0,44055.577
24187.0,44056.993
24188.0,44058.409
24189.0,44059.825
24190.0,44061.241
24191.0,44062.656
24192.0,44064.071
24193.0,44065.485
24194.0,44066.9
24195.0,44068.315
24196.0,44069.73
24197.0,44071.145
24198.0,44072.559
24199.0,44073.974
24200.0,44075.389
24201.0,44076.803
24202.0,44078.217
24203.0,44079.631
24204.0,44081.045
24205.0,44082.46
24206.0,44083.874
24207.0,44085.288
24208.0,44086.702
24209.0,44088.116
24210.0,44089.53
24211.0,44090.943
24212.0,44092.356
24213.0,44093.769
24214.0,44095.182
24215.0,44096.596
24216.0,44098.009
24217.0,44099.422
24218.0,44100.835
24219.0,44102.248
24220.0,44103.661
24221.0,44105.073
24222.0,44106.485
24223.0,44107.897
24224.0,44109.309
24225.0,44110.721
24226.0,44112.132
24227.0,44113.544
24228.0,44114.956
24229.0,44116.368
24230.0,44117.78
24231.0,44119.191
24232.0,44120.602
24233.0,44122.014
24234.0,44123.425
24235.0,44124.836
24236.0,44126.247
24237.0,44127.658
24238.0,44129.07
24239.0,44130.481
24240.0,44131.892
24241.0,44133.302
24242.0,44134.712
24243.0,44136.123
24244.0,44137.533
24245.0,44138.943
24246.0,44140.353
24247.0,44141.763
24248.0,44143.174
24249.0,44144.584
24250.0,44145.994
24251.0,44147.403
24252.0,44148.813
24253.0,44150.222
24254.0,44151.631
24255.0,44153.041
24256.0,44154.45
24257.0,44155.859
24258.0,44157.268
24259.0,44158.678
24260.0,44160.087
24261.0,44161.495
24262.0,44162.903
24263.0,44164.311
24264.0,44165.719
24265.0,44167.128
24266.0,44168.536
24267.0,44169.944
24268.0,44171.352
24269.0,44172.76
24270.0,44174.168
24271.0,44175.575
24272.0,44176.983
24273.0,44178.39
24274.0,44179.798
24275.0,44181.205
24276.0,44182.612
24277.0,44184.02
24278.0,44185.427
24279.0,44186.835
24280.0,44188.242
24281.0,44189.648
24282.0,44191.055
24283.0,44192.461
24284.0,44193.868
24285.0,44195.274
24286.0,44196.68
24287.0,44198.087
24288.0,44199.493
24289.0,44200.9
24290.0,44202.306
24291.0,44203.711
24292.0,44205.116
24293.0,44206.522
24294.0,44207.927
24295.0,44209.332
24296.0,44210.737
24297.0,44212.142
24298.0,44213.548
24299.0,44214.953
24300.0,44216.358
24301.0,44217.763
24302.0,44219.167
24303.0,44220.572
24304.0,44221.976
24305.0,44223.381
24306.0,44224.785
24307.0,44226.19
24308.0,44227.594
24309.0,44228.999
24310.0,44230.403
24311.0,44231.807
24312.0,44233.21
24313.0,44234.614
24314.0,44236.017
24315.0,44237.421
24316.0,44238.825
24317.0,44240.228
24318.0,44241.632
24319.0,44243.035
24320.0,44244.439
24321.0,44245.841
24322.0,44247.244
24323.0,44248.646
24324.0,44250.048
24325.0,44251.451
24326.0,44252.853
24327.0,44254.255
24328.0,44255.657
24329.0,44257.06
24330.0,44258.462
24331.0,44259.864
24332.0,44261.265
24333.0,44262.667
24334.0,44264.069
24335.0,44265.471
24336.0,44266.872
24337.0,44268.274
24338.0,44269.676
24339.0,44271.077
24340.0,44272.479
24341.0,44273.88
24342.0,44275.28
24343.0,44276.681
24344.0,44278.082
24345.0,44279.483
24346.0,44280.883
24347.0,44282.284
24348.0,44283.685
24349.0,44285.085
24350.0,44286.486
24351.0,44287.886
24352.0,44289.285
24353.0,44290.685
24354.0,44292.085
24355.0,44293.485
24356.0,44294.884
24357.0,44296.284
24358.0,44297.684
24359.0,44299.083
24360.0,44300.483
24361.0,44301.882
24362.0,44303.28
24363.0,44304.679
24364.0,44306.077
24365.0,44307.476
24366.0,44308.874
24367.0,44310.273
24368.0,44311.671
24369.0,44313.07
24370.0,44314.468
24371.0,44315.866
24372.0,44317.264
24373.0,44318.661
24374.0,44320.059
24375.0,44321.457
24376.0,44322.855
24377.0,44324.253
24378.0,44325.65
24379.0,44327.048
24380.0,44328.446
24381.0,44329.843
24382.0,44331.24
24383.0,44332.637
24384.0,44334.034
24385.0,44335.431
24386.0,44336.827
24387.0,44338.224
24388.0,44339.621
24389.0,44341.018
24390.0,44342.415
24391.0,44343.811
24392.0,44345.206
24393.0,44346.602
24394.0,44347.997
24395.0,44349.393
24396.0,44350.789
24397.0,44352.184
24398.0,44353.58
24399.0,44354.975
24400.0,44356.371
24401.0,44357.766
24402.0,44359.161
24403.0,44360.556
24404.0,44361.951
24405.0,44363.346
24406.0,44364.741
24407.0,44366.136
24408.0,44367.531
24409.0,44368.926
24410.0,44370.321
24411.0,44371.715
24412.0,44373.109
24413.0,44374.503
24414.0,44375.897
24415.0,44377.291
24416.0,44378.685
24417.0,44380.079
24418.0,44381.473
24419.0,44382.867
24420.0,44384.261
24421.0,44385.654
24422.0,44387.047
24423.0,44388.44
24424.0,44389.833
24425.0,44391.226
24426.0,44392.619
24427.0,44394.012
24428.0,44395.405
24429.0,44396.798
24430.0,44398.191
24431.0,44399.583
24432.0,44400.975
24433.0,44402.366
24434.0,44403.758
24435.0,44405.15
24436.0,44406.542
24437.0,44407.934
24438.0,44409.325
24439.0,44410.717
24440.0,44412.109
24441.0,44413.5
24442.0,44414.891
24443.0,44416.282
24444.0,44417.673
24445.0,44419.065
24446.0,44420.456
24447.0,44421.847
24448.0,44423.238
24449.0,44424.629
24450.0,44426.02
24451.0,44427.41
24452.0,44428.8
24453.0,44430.191
24454.0,44431.581
24455.0,44432.971
24456.0,44434.361
24457.0,44435.751
24458.0,44437.142
24459.0,44438.532
24460.0,44439.922
24461.0,44441.311
24462.0,44442.7
24463.0,44444.089
24464.0,44445.478
24465.0,44446.867
24466.0,44448.256
24467.0,44449.645
24468.0,44451.034
24469.0,44452.423
24470.0,44453.812
24471.0,44455.2
24472.0,44456.588
24473.0,44457.977
24474.0,44459.365
24475.0,44460.753
24476.0,44462.141
24477.0,44463.529
24478.0,44464.918
24479.0,44466.306
24480.0,44467.694
24481.0,44469.081
24482.0,44470.469
24483.0,44471.856
24484.0,44473.243
24485.0,44474.631
24486.0,44476.018
24487.0,44477.405
24488.0,44478.792
24489.0,44480.18
24490.0,44481.567
24491.0,44482.953
24492.0,44484.339
24493.0,44485.725
24494.0,44487.111
24495.0,44488.498
24496.0,44489.884
24497.0,44491.27
24498.0,44492.656
24499.0,44494.042
24500.0,44495.428
24501.0,44496.813
24502.0,44498.199
24503.0,44499.584
24504.0,44500.97
24505.0,44502.355
24506.0,44503.74
24507.0,44505.126
24508.0,44506.511
24509.0,44507.897
24510.0,44509.282
24511.0,44510.666
24512.0,44512.051
24513.0,44513.435
24514.0,44514.82
24515.0,44516.204
24516.0,44517.588
24517.0,44518.973
24518.0,44520.357
24519.0,44521.742
24520.0,44523.126
24521.0,44524.51
24522.0,44525.893
24523.0,44527.277
24524.0,44528.66
24525.0,44530.044
24526.0,44531.427
24527.0,44532.811
24528.0,44534.194
24529.0,44535.578
24530.0,44536.961
24531.0,44538.343
24532.0,44539.725
24533.0,44541.108
24534.0,44542.49
24535.0,44543.872
24536.0,44545.254
24537.0,44546.636
24538.0,44548.019
24539.0,44549.401
24540.0,44550.783
24541.0,44552.165
24542.0,44553.546
24543.0,44554.928
24544.0,44556.309
24545.0,44557.691
24546.0,44559.073
24547.0,44560.454
24548.0,44561.836
24549.0,44563.217
24550.0,44564.599
24551.0,44565.98
24552.0,44567.36
24553.0,44568.741
24554.0,44570.121
24555.0,44571.502
24556.0,44572.883
24557.0,44574.263
24558.0,44575.644
24559.0,44577.024
24560.0,44578.405
24561.0,44579.784
24562.0,44581.164
24563.0,44582.543
24564.0,44583.923
24565.0,44585.302
24566.0,44586.681
24567.0,44588.061
24568.0,44589.44
24569.0,44590.82
24570.0,44592.199
24571.0,44593.578
24572.0,44594.956
24573.0,44596.335
24574.0,44597.714
24575.0,44599.093
24576.0,44600.471
24577.0,44601.85
24578.0,44603.229
24579.0,44604.607
24580.0,44605.986
24581.0,44607.364
24582.0,44608.741
24583.0,44610.119
24584.0,44611.497
24585.0,44612.875
24586.0,44614.252
24587.0,44615.63
24588.0,44617.008
24589.0,44618.385
24590.0,44619.763
24591.0,44621.14
24592.0,44622.516
24593.0,44623.893
24594.0,44625.269
24595.0,44626.646
24596.0,44628.023
24597.0,44629.399
24598.0,44630.776
24599.0,44632.152
24600.0,44633.529
24601.0,44634.905
24602.0,44636.281
24603.0,44637.656
24604.0,44639.032
24605.0,44640.408
24606.0,44641.784
24607.0,44643.16
24608.0,44644.535
24609.0,44645.911
24610.0,44647.287
24611.0,44648.662
24612.0,44650.037
24613.0,44651.411
24614.0,44652.786
24615.0,44654.161
24616.0,44655.536
24617.0,44656.911
24618.0,44658.285
24619.0,44659.66
24620.0,44661.035
24621.0,44662.409
24622.0,44663.783
24623.0,44665.157
24624.0,44666.531
24625.0,44667.905
24626.0,44669.279
24627.0,44670.653
24628.0,44672.027
24629.0,44673.401
24630.0,44674.775
24631.0,44676.148
24632.0,44677.52
24633.0,44678.893
24634.0,44680.266
24635.0,44681.639
24636.0,44683.011
24637.0,44684.384
24638.0,44685.757
24639.0,44687.129
24640.0,44688.502
24641.0,44689.874
24642.0,44691.246
24643.0,44692.618
24644.0,44693.99
24645.0,44695.362
24646.0,44696.734
24647.0,44698.106
24648.0,44699.478
24649.0,44700.85
24650.0,44702.222
24651.0,44703.593
24652.0,44704.964
24653.0,44706.335
24654.0,44707.706
24655.0,44709.077
24656.0,44710.448
24657.0,44711.819
24658.0,44713.19
24659.0,44714.561
24660.0,44715.932
24661.0,44717.302
24662.0,44718.672
24663.0,44720.041
24664.0,44721.411
24665.0,44722.781
24666.0,44724.151
24667.0,44725.521
24668.0,44726.89
24669.0,44728.26
24670.0,44729.63
24671.0,44730.999
24672.0,44732.368
24673.0,44733.738
24674.0,44735.107
24675.0,44736.476
24676.0,44737.845
24677.0,44739.214
24678.0,44740.584
24679.0,44741.953
24680.0,44743.322
24681.0,44744.69
24682.0,44746.058
24683.0,44747.426
24684.0,44748.794
24685.0,44750.163
24686.0,44751.531
24687.0,44752.899
24688.0,44754.267
24689.0,44755.635
24690.0,44757.003
24691.0,44758.37
24692.0,44759.737
24693.0,44761.104
24694.0,44762.471
24695.0,44763.838
24696.0,44765.205
24697.0,44766.572
24698.0,44767.939
24699.0,44769.306
24700.0,44770.673
24701.0,44772.039
24702.0,44773.406
24703.0,44774.772
24704.0,44776.138
24705.0,44777.505
24706.0,44778.871
24707.0,44780.237
24708.0,44781.603
24709.0,44782.97
24710.0,44784.336
24711.0,44785.701
24712.0,44787.067
24713.0,44788.432
24714.0,44789.797
24715.0,44791.163
24716.0,44792.528
24717.0,44793.893
24718.0,44795.258
24719.0,44796.624
24720.0,44797.989
24721.0,44799.353
24722.0,44800.718
24723.0,44802.082
24724.0,44803.446
24725.0,44804.811
24726.0,44806.175
24727.0,44807.539
24728.0,44808.903
24729.0,44810.268
24730.0,44811.632
24731.0,44812.995
24732.0,44814.358
24733.0,44815.721
24734.0,44817.084
24735.0,44818.448
24736.0,44819.811
24737.0,44821.174
24738.0,44822.537
24739.0,44823.9
24740.0,44825.263
24741.0,44826.626
24742.0,44827.988
24743.0,44829.351
24744.0,44830.713
24745.0,44832.076
24746.0,44833.438
24747.0,44834.801
24748.0,44836.163
24749.0,44837.526
24750.0,44838.888
24751.0,44840.25
24752.0,44841.611
24753.0,44842.973
24754.0,44844.334
24755.0,44845.696
24756.0,44847.057
24757.0,44848.419
24758.0,44849.78
24759.0,44851.142
24760.0,44852.503
24761.0,44853.863
24762.0,44855.223
24763.0,44856.584
24764.0,44857.944
24765.0,44859.304
24766.0,44860.664
24767.0,44862.024
24768.0,44863.385
24769.0,44864.745
24770.0,44866.105
24771.0,44867.465
24772.0,44868.824
24773.0,44870.184
24774.0,44871.543
24775.0,44872.903
24776.0,44874.263
24777.0,44875.622
24778.0,44876.982
24779.0,44878.341
24780.0,44879.701
24781.0,44881.06
24782.0,44882.418
24783.0,44883.777
24784.0,44885.135
24785.0,44886.494
24786.0,44887.853
24787.0,44889.211
24788.0,44890.57
24789.0,44891.928
24790.0,44893.287
24791.0,44894.645
24792.0,44896.002
24793.0,44897.36
24794.0,44898.718
24795.0,44900.076
24796.0,44901.433
24797.0,44902.791
24798.0,44904.149
24799.0,44905.506
24800.0,44906.864
24801.0,44908.22
24802.0,44909.577
24803.0,44910.933
24804.0,44912.29
24805.0,44913.646
24806.0,44915.002
24807.0,44916.359
24808.0,44917.715
24809.0,44919.072
24810.0,44920.428
24811.0,44921.784
24812.0,44923.14
24813.0,44924.495
24814.0,44925.851
24815.0,44927.207
24816.0,44928.563
24817.0,44929.919
24818.0,44931.274
24819.0,44932.63
24820.0,44933.986
24821.0,44935.341
24822.0,44936.695
24823.0,44938.05
24824.0,44939.405
24825.0,44940.76
24826.0,44942.114
24827.0,44943.469
24828.0,44944.824
24829.0,44946.178
24830.0,44947.533
24831.0,44948.887
24832.0,44950.24
24833.0,44951.594
24834.0,44952.947
24835.0,44954.301
24836.0,44955.655
24837.0,44957.008
24838.0,44958.362
24839.0,44959.715
24840.0,44961.069
24841.0,44962.422
24842.0,44963.775
24843.0,44965.128
24844.0,44966.481
24845.0,44967.834
24846.0,44969.186
24847.0,44970.539
24848.0,44971.892
24849.0,44973.245
24850.0,44974.598
24851.0,44975.95
24852.0,44977.302
24853.0,44978.654
24854.0,44980.006
24855.0,44981.358
24856.0,44982.709
24857.0,44984.061
24858.0,44985.413
24859.0,44986.765
24860.0,44988.117
24861.0,44989.468
24862.0,44990.818
24863.0,44992.169
24864.0,44993.52
24865.0,44994.871
24866.0,44996.221
24867.0,44997.572
24868.0,44998.923
24869.0,45000.273
24870.0,45001.624
24871.0,45002.974
24872.0,45004.324
24873.0,45005.674
24874.0,45007.024
24875.0,45008.374
24876.0,45009.724
24877.0,45011.074
24878.0,45012.424
24879.0,45013.774
24880.0,45015.124
24881.0,45016.473
24882.0,45017.822
24883.0,45019.171
24884.0,45020.52
24885.0,45021.87
24886.0,45023.219
24887.0,45024.568
24888.0,45025.917
24889.0,45027.266
24890.0,45028.615
24891.0,45029.963
24892.0,45031.311
24893.0,45032.659
24894.0,45034.007
24895.0,45035.356
24896.0,45036.704
24897.0,45038.052
24898.0,45039.4
24899.0,45040.748
24900.0,45042.096
24901.0,45043.443
24902.0,45044.79
24903.0,45046.136
24904.0,45047.483
24905.0,45048.83
24906.0,45050.177
24907.0,45051.524
24908.0,45052.87
24909.0,45054.217
24910.0,45055.564
24911.0,45056.91
24912.0,45058.256
24913.0,45059.603
24914.0,45060.949
24915.0,45062.295
24916.0,45063.641
24917.0,45064.987
24918.0,45066.334
24919.0,45067.68
24920.0,45069.026
24921.0,45070.371
24922.0,45071.717
24923.0,45073.062
24924.0,45074.407
24925.0,45075.753
24926.0,45077.098
24927.0,45078.443
24928.0,45079.788
24929.0,45081.134
24930.0,45082.479
24931.0,45083.823
24932.0,45085.167
24933.0,45086.511
24934.0,45087.855
24935.0,45089.199
24936.0,45090.543
24937.0,45091.887
24938.0,45093.231
24939.0,45094.575
24940.0,45095.919
24941.0,45097.262
24942.0,45098.606
24943.0,45099.949
24944.0,45101.292
24945.0,45102.636
24946.0,45103.979
24947.0,45105.322
24948.0,45106.665
24949.0,45108.009
24950.0,45109.352
24951.0,45110.694
24952.0,45112.037
24953.0,45113.379
24954.0,45114.721
24955.0,45116.064
24956.0,45117.406
24957.0,45118.748
24958.0,45120.09
24959.0,45121.433
24960.0,45122.775
24961.0,45124.116
24962.0,45125.457
24963.0,45126.799
24964.0,45128.14
24965.0,45129.481
24966.0,45130.822
24967.0,45132.163
24968.0,45133.505
24969.0,45134.846
24970.0,45136.187
24971.0,45137.527
24972.0,45138.868
24973.0,45140.208
24974.0,45141.549
24975.0,45142.889
24976.0,45144.229
24977.0,45145.57
24978.0,45146.91
24979.0,45148.251
24980.0,45149.591
24981.0,45150.931
24982.0,45152.27
24983.0,45153.61
24984.0,45154.949
24985.0,45156.289
24986.0,45157.628
24987.0,45158.968
24988.0,45160.307
24989.0,45161.647
24990.0,45162.986
24991.0,45164.325
24992.0,45165.663
24993.0,45167.002
24994.0,45168.34
24995.0,45169.679
24996.0,45171.018
24997.0,45172.356
24998.0,45173.695
24999.0,45175.033
25000.0,45176.372
25001.0,45177.709
25002.0,45179.047
25003.0,45180.384
25004.0,45181.721
25005.0,45183.059
25006.0,45184.396
25007.0,45185.733
25008.0,45187.07
25009.0,45188.408
25010.0,45189.745
25011.0,45191.082
25012.0,45192.418
25013.0,45193.755
25014.0,45195.091
25015.0,45196.428
25016.0,45197.765
25017.0,45199.101
25018.0,45200.438
25019.0,45201.774
25020.0,45203.111
25021.0,45204.447
25022.0,45205.782
25023.0,45207.118
25024.0,45208.454
25025.0,45209.79
25026.0,45211.125
25027.0,45212.461
25028.0,45213.797
25029.0,45215.132
25030.0,45216.468
25031.0,45217.802
25032.0,45219.137
25033.0,45220.471
25034.0,45221.806
25035.0,45223.14
25036.0,45224.474
25037.0,45225.809
25038.0,45227.143
25039.0,45228.478
25040.0,45229.812
25041.0,45231.146
25042.0,45232.48
25043.0,45233.813
25044.0,45235.147
25045.0,45236.481
25046.0,45237.815
25047.0,45239.149
25048.0,45240.482
25049.0,45241.816
25050.0,45243.15
25051.0,45244.483
25052.0,45245.816
25053.0,45247.148
25054.0,45248.481
25055.0,45249.814
25056.0,45251.147
25057.0,45252.48
25058.0,45253.812
25059.0,45255.145
25060.0,45256.478
25061.0,45257.81
25062.0,45259.142
25063.0,45260.473
25064.0,45261.805
25065.0,45263.137
25066.0,45264.469
25067.0,45265.801
25068.0,45267.132
25069.0,45268.464
25070.0,45269.796
25071.0,45271.127
25072.0,45272.457
25073.0,45273.788
25074.0,45275.118
25075.0,45276.449
25076.0,45277.78
25077.0,45279.11
25078.0,45280.441
25079.0,45281.771
25080.0,45283.102
25081.0,45284.432
25082.0,45285.762
25083.0,45287.092
25084.0,45288.422
25085.0,45289.752
25086.0,45291.081
25087.0,45292.411
25088.0,45293.741
25089.0,45295.071
25090.0,45296.401
25091.0,45297.73
25092.0,45299.059
25093.0,45300.388
25094.0,45301.717
25095.0,45303.046
25096.0,45304.375
25097.0,45305.704
25098.0,45307.033
25099.0,45308.362
25100.0,45309.691
25101.0,45311.019
25102.0,45312.347
25103.0,45313.674
25104.0,45315.002
25105.0,45316.33
25106.0,45317.658
25107.0,45318.986
25108.0,45320.313
25109.0,45321.641
25110.0,45322.969
25111.0,45324.296
25112.0,45325.623
25113.0,45326.95
25114.0,45328.277
25115.0,45329.604
25116.0,45330.931
25117.0,45332.258
25118.0,45333.585
25119.0,45334.912
25120.0,45336.239
25121.0,45337.565
25122.0,45338.891
25123.0,45340.217
25124.0,45341.543
25125.0,45342.87
25126.0,45344.196
25127.0,45345.522
25128.0,45346.848
25129.0,45348.174
25130.0,45349.5
25131.0,45350.825
25132.0,45352.15
25133.0,45353.475
25134.0,45354.8
25135.0,45356.125
25136.0,45357.449
25137.0,45358.774
25138.0,45360.099
25139.0,45361.424
25140.0,45362.749
25141.0,45364.073
25142.0,45365.397
25143.0,45366.722
25144.0,45368.046
25145.0,45369.37
25146.0,45370.694
25147.0,45372.018
25148.0,45373.343
25149.0,45374.667
25150.0,45375.991
25151.0,45377.314
25152.0,45378.637
25153.0,45379.961
25154.0,45381.284
25155.0,45382.607
25156.0,45383.93
25157.0,45385.253
25158.0,45386.577
25159.0,45387.9
25160.0,45389.223
25161.0,45390.545
25162.0,45391.868
25163.0,45393.19
25164.0,45394.512
25165.0,45395.835
25166.0,45397.157
25167.0,45398.479
25168.0,45399.801
25169.0,45401.124
25170.0,45402.446
25171.0,45403.767
25172.0,45405.088
25173.0,45406.409
25174.0,45407.73
25175.0,45409.052
25176.0,45410.373
25177.0,45411.694
25178.0,45413.015
25179.0,45414.336
25180.0,45415.657
25181.0,45416.977
25182.0,45418.298
25183.0,45419.618
25184.0,45420.939
25185.0,45422.259
25186.0,45423.579
25187.0,45424.9
25188.0,45426.22
25189.0,45427.541
25190.0,45428.861
25191.0,45430.18
25192.0,45431.5
25193.0,45432.819
25194.0,45434.139
25195.0,45435.458
25196.0,45436.777
25197.0,45438.097
25198.0,45439.416
25199.0,45440.736
25200.0,45442.055
25201.0,45443.373
25202.0,45444.691
25203.0,45446.009
25204.0,45447.327
25205.0,45448.646
25206.0,45449.964
25207.0,45451.282
25208.0,45452.6
25209.0,45453.918
25210.0,45455.236
25211.0,45456.554
25212.0,45457.871
25213.0,45459.189
25214.0,45460.506
25215.0,45461.824
25216.0,45463.141
25217.0,45464.459
25218.0,45465.776
25219.0,45467.094
25220.0,45468.411
25221.0,45469.728
25222.0,45471.044
25223.0,45472.361
25224.0,45473.677
25225.0,45474.994
25226.0,45476.311
25227.0,45477.627
25228.0,45478.944
25229.0,45480.26
25230.0,45481.577
25231.0,45482.892
25232.0,45484.208
25233.0,45485.523
25234.0,45486.838
25235.0,45488.154
25236.0,45489.469
25237.0,45490.784
25238.0,45492.099
25239.0,45493.415
25240.0,45494.73
25241.0,45496.045
25242.0,45497.359
25243.0,45498.674
25244.0,45499.988
25245.0,45501.303
25246.0,45502.618
25247.0,45503.932
25248.0,45505.247
25249.0,45506.561
25250.0,45507.876
25251.0,45509.19
25252.0,45510.503
25253.0,45511.817
25254.0,45513.131
25255.0,45514.445
25256.0,45515.758
25257.0,45517.072
25258.0,45518.386
25259.0,45519.699
25260.0,45521.013
25261.0,45522.326
25262.0,45523.638
25263.0,45524.951
25264.0,45526.264
25265.0,45527.577
25266.0,45528.889
25267.0,45530.202
25268.0,45531.515
25269.0,45532.827
25270.0,45534.14
25271.0,45535.452
25272.0,45536.763
25273.0,45538.075
25274.0,45539.386
25275.0,45540.698
25276.0,45542.009
25277.0,45543.321
25278.0,45544.632
25279.0,45545.944
25280.0,45547.255
25281.0,45548.566
25282.0,45549.877
25283.0,45551.187
25284.0,45552.498
25285.0,45553.809
25286.0,45555.12
25287.0,45556.431
25288.0,45557.741
25289.0,45559.052
25290.0,45560.363
25291.0,45561.673
25292.0,45562.983
25293.0,45564.293
25294.0,45565.603
25295.0,45566.913
25296.0,45568.222
25297.0,45569.532
25298.0,45570.842
25299.0,45572.152
25300.0,45573.462
25301.0,45574.771
25302.0,45576.079
25303.0,45577.388
25304.0,45578.696
25305.0,45580.005
25306.0,45581.314
25307.0,45582.622
25308.0,45583.931
25309.0,45585.239
25310.0,45586.548
25311.0,45587.856
25312.0,45589.164
25313.0,45590.472
25314.0,45591.78
25315.0,45593.088
25316.0,45594.395
25317.0,45595.703
25318.0,45597.011
25319.0,45598.319
25320.0,45599.627
25321.0,45600.934
25322.0,45602.241
25323.0,45603.548
25324.0,45604.855
25325.0,45606.162
25326.0,45607.469
25327.0,45608.776
25328.0,45610.083
25329.0,45611.39
25330.0,45612.697
25331.0,45614.003
25332.0,45615.309
25333.0,45616.615
25334.0,45617.921
25335.0,45619.228
25336.0,45620.534
25337.0,45621.84
25338.0,45623.146
25339.0,45624.452
25340.0,45625.758
25341.0,45627.063
25342.0,45628.368
25343.0,45629.672
25344.0,45630.977
25345.0,45632.282
25346.0,45633.587
25347.0,45634.892
25348.0,45636.196
25349.0,45637.501
25350.0,45638.806
25351.0,45640.11
25352.0,45641.414
25353.0,45642.718
25354.0,45644.022
25355.0,45645.327
25356.0,45646.631
25357.0,45647.935
25358.0,45649.239
25359.0,45650.543
25360.0,45651.847
25361.0,45653.15
25362.0,45654.453
25363.0,45655.756
25364.0,45657.059
25365.0,45658.363
25366.0,45659.666
25367.0,45660.969
25368.0,45662.272
25369.0,45663.575
25370.0,45664.878
25371.0,45666.18
25372.0,45667.482
25373.0,45668.784
25374.0,45670.086
25375.0,45671.388
25376.0,45672.689
25377.0,45673.991
25378.0,45675.293
25379.0,45676.595
25380.0,45677.897
25381.0,45679.198
25382.0,45680.5
25383.0,45681.801
25384.0,45683.102
25385.0,45684.404
25386.0,45685.705
25387.0,45687.006
25388.0,45688.307
25389.0,45689.609
25390.0,45690.91
25391.0,45692.21
25392.0,45693.511
25393.0,45694.811
25394.0,45696.111
25395.0,45697.412
25396.0,45698.712
25397.0,45700.012
25398.0,45701.312
25399.0,45702.613
25400.0,45703.913
25401.0,45705.212
25402.0,45706.511
25403.0,45707.81
25404.0,45709.109
25405.0,45710.408
25406.0,45711.707
25407.0,45713.006
25408.0,45714.305
25409.0,45715.604
25410.0,45716.903
25411.0,45718.201
25412.0,45719.5
25413.0,45720.798
25414.0,45722.097
25415.0,45723.395
25416.0,45724.693
25417.0,45725.992
25418.0,45727.29
25419.0,45728.589
25420.0,45729.887
25421.0,45731.185
25422.0,45732.482
25423.0,45733.78
25424.0,45735.077
25425.0,45736.375
25426.0,45737.672
25427.0,45738.97
25428.0,45740.267
25429.0,45741.565
25430.0,45742.862
25431.0,45744.158
25432.0,45745.455
25433.0,45746.751
25434.0,45748.048
25435.0,45749.344
25436.0,45750.64
25437.0,45751.937
25438.0,45753.233
25439.0,45754.53
25440.0,45755.826
25441.0,45757.121
25442.0,45758.416
25443.0,45759.712
25444.0,45761.007
25445.0,45762.302
25446.0,45763.597
25447.0,45764.892
25448.0,45766.188
25449.0,45767.483
25450.0,45768.778
25451.0,45770.073
25452.0,45771.367
25453.0,45772.662
25454.0,45773.956
25455.0,45775.251
25456.0,45776.546
25457.0,45777.84
25458.0,45779.135
25459.0,45780.429
25460.0,45781.724
25461.0,45783.018
25462.0,45784.311
25463.0,45785.605
25464.0,45786.898
25465.0,45788.192
25466.0,45789.486
25467.0,45790.779
25468.0,45792.073
25469.0,45793.366
25470.0,45794.66
25471.0,45795.952
25472.0,45797.245
25473.0,45798.537
25474.0,45799.83
25475.0,45801.122
25476.0,45802.414
25477.0,45803.707
25478.0,45804.999
25479.0,45806.292
25480.0,45807.584
25481.0,45808.876
25482.0,45810.167
25483.0,45811.459
25484.0,45812.75
25485.0,45814.042
25486.0,45815.334
25487.0,45816.625
25488.0,45817.917
25489.0,45819.208
25490.0,45820.5
25491.0,45821.791
25492.0,45823.082
25493.0,45824.372
25494.0,45825.663
25495.0,45826.954
25496.0,45828.245
25497.0,45829.536
25498.0,45830.826
25499.0,45832.117
25500.0,45833.408
25501.0,45834.698
25502.0,45835.987
25503.0,45837.277
25504.0,45838.566
25505.0,45839.856
25506.0,45841.145
25507.0,45842.435
25508.0,45843.724
25509.0,45845.014
25510.0,45846.303
25511.0,45847.592
25512.0,45848.881
25513.0,45850.169
25514.0,45851.458
25515.0,45852.747
25516.0,45854.036
25517.0,45855.325
25518.0,45856.613
25519.0,45857.902
25520.0,45859.191
25521.0,45860.479
25522.0,45861.767
25523.0,45863.055
25524.0,45864.343
25525.0,45865.631
25526.0,45866.918
25527.0,45868.206
25528.0,45869.494
25529.0,45870.782
25530.0,45872.07
25531.0,45873.357
25532.0,45874.644
25533.0,45875.931
25534.0,45877.218
25535.0,45878.505
25536.0,45879.791
25537.0,45881.078
25538.0,45882.365
25539.0,45883.652
25540.0,45884.939
25541.0,45886.225
25542.0,45887.51
25543.0,45888.796
25544.0,45890.081
25545.0,45891.367
25546.0,45892.653
25547.0,45893.938
25548.0,45895.224
25549.0,45896.509
25550.0,45897.795
25551.0,45899.08
25552.0,45900.365
25553.0,45901.65
25554.0,45902.935
25555.0,45904.22
25556.0,45905.505
25557.0,45906.79
25558.0,45908.075
25559.0,45909.36
25560.0,45910.645
25561.0,45911.929
25562.0,45913.213
25563.0,45914.497
25564.0,45915.781
25565.0,45917.066
25566.0,45918.35
25567.0,45919.634
25568.0,45920.918
25569.0,45922.202
25570.0,45923.486
25571.0,45924.769
25572.0,45926.052
25573.0,45927.334
25574.0,45928.617
25575.0,45929.9
25576.0,45931.183
25577.0,45932.466
25578.0,45933.748
25579.0,45935.031
25580.0,45936.314
25581.0,45937.596
25582.0,45938.878
25583.0,45940.16
25584.0,45941.442
25585.0,45942.725
25586.0,45944.007
25587.0,45945.289
25588.0,45946.571
25589.0,45947.853
25590.0,45949.135
25591.0,45950.416
25592.0,45951.697
25593.0,45952.979
25594.0,45954.26
25595.0,45955.541
25596.0,45956.822
25597.0,45958.103
25598.0,45959.385
25599.0,45960.666
25600.0,45961.947
25601.0,45963.227
25602.0,45964.507
25603.0,45965.788
25604.0,45967.068
25605.0,45968.348
25606.0,45969.628
25607.0,45970.908
25608.0,45972.189
25609.0,45973.469
25610.0,45974.749
25611.0,45976.028
25612.0,45977.307
25613.0,45978.586
25614.0,45979.865
25615.0,45981.144
25616.0,45982.423
25617.0,45983.702
25618.0,45984.981
25619.0,45986.26
25620.0,45987.539
25621.0,45988.817
25622.0,45990.096
25623.0,45991.374
25624.0,45992.652
25625.0,45993.931
25626.0,45995.209
25627.0,45996.487
25628.0,45997.765
25629.0,45999.044
25630.0,46000.322
25631.0,46001.599
25632.0,46002.877
25633.0,46004.154
25634.0,46005.432
25635.0,46006.709
25636.0,46007.986
25637.0,46009.264
25638.0,46010.541
25639.0,46011.819
25640.0,46013.096
25641.0,46014.372
25642.0,46015.648
25643.0,46016.924
25644.0,46018.2
25645.0,46019.477
25646.0,46020.753
25647.0,46022.029
25648.0,46023.305
25649.0,46024.581
25650.0,46025.857
25651.0,46027.132
25652.0,46028.408
25653.0,46029.683
25654.0,46030.959
25655.0,46032.234
25656.0,46033.509
25657.0,46034.785
25658.0,46036.06
25659.0,46037.336
25660.0,46038.611
25661.0,46039.886
25662.0,46041.16
25663.0,46042.435
25664.0,46043.709
25665.0,46044.984
25666.0,46046.258
25667.0,46047.533
25668.0,46048.807
25669.0,46050.082
25670.0,46051.356
25671.0,46052.629
25672.0,46053.903
25673.0,46055.176
25674.0,46056.449
25675.0,46057.723
25676.0,46058.996
25677.0,46060.269
25678.0,46061.542
25679.0,46062.816
25680.0,46064.089
25681.0,46065.362
25682.0,46066.634
25683.0,46067.907
25684.0,46069.179
25685.0,46070.452
25686.0,46071.724
25687.0,46072.997
25688.0,46074.269
25689.0,46075.542
25690.0,46076.814
25691.0,46078.086
25692.0,46079.357
25693.0,46080.629
25694.0,46081.901
25695.0,46083.173
25696.0,46084.444
25697.0,46085.716
25698.0,46086.988
25699.0,46088.259
25700.0,46089.531
25701.0,46090.802
25702.0,46092.072
25703.0,46093.343
25704.0,46094.613
25705.0,46095.884
25706.0,46097.155
25707.0,46098.425
25708.0,46099.696
25709.0,46100.966
25710.0,46102.237
25711.0,46103.506
25712.0,46104.776
25713.0,46106.045
25714.0,46107.315
25715.0,46108.584
25716.0,46109.853
25717.0,46111.123
25718.0,46112.392
25719.0,46113.662
25720.0,46114.931
25721.0,46116.2
25722.0,46117.469
25723.0,46118.737
25724.0,46120.006
25725.0,46121.275
25726.0,46122.544
25727.0,46123.813
25728.0,46125.081
25729.0,46126.35
25730.0,46127.619
25731.0,46128.887
25732.0,46130.155
25733.0,46131.422
25734.0,46132.69
25735.0,46133.958
25736.0,46135.226
25737.0,46136.494
25738.0,46137.761
25739.0,46139.029
25740.0,46140.297
25741.0,46141.564
25742.0,46142.83
25743.0,46144.097
25744.0,46145.363
25745.0,46146.63
25746.0,46147.896
25747.0,46149.163
25748.0,46150.429
25749.0,46151.696
25750.0,46152.962
25751.0,46154.228
25752.0,46155.494
25753.0,46156.76
25754.0,46158.026
25755.0,46159.292
25756.0,46160.557
25757.0,46161.823
25758.0,46163.089
25759.0,46164.355
25760.0,46165.621
25761.0,46166.886
25762.0,46168.151
25763.0,46169.416
25764.0,46170.681
25765.0,46171.946
25766.0,46173.211
25767.0,46174.476
25768.0,46175.741
25769.0,46177.006
25770.0,46178.271
25771.0,46179.535
25772.0,46180.798
25773.0,46182.062
25774.0,46183.325
25775.0,46184.589
25776.0,46185.853
25777.0,46187.116
25778.0,46188.38
25779.0,46189.643
25780.0,46190.907
25781.0,46192.17
25782.0,46193.433
25783.0,46194.696
25784.0,46195.959
25785.0,46197.222
25786.0,46198.485
25787.0,46199.748
25788.0,46201.011
25789.0,46202.274
25790.0,46203.537
25791.0,46204.799
25792.0,46206.061
25793.0,46207.323
25794.0,46208.585
25795.0,46209.848
25796.0,46211.11
25797.0,46212.372
25798.0,46213.634
25799.0,46214.896
25800.0,46216.158
25801.0,46217.419
25802.0,46218.68
25803.0,46219.941
25804.0,46221.202
25805.0,46222.464
25806.0,46223.725
25807.0,46224.986
25808.0,46226.247
25809.0,46227.508
25810.0,46228.769
25811.0,46230.029
25812.0,46231.289
25813.0,46232.548
25814.0,46233.808
25815.0,46235.068
25816.0,46236.328
25817.0,46237.588
25818.0,46238.847
25819.0,46240.107
25820.0,46241.367
25821.0,46242.626
25822.0,46243.885
25823.0,46245.145
25824.0,46246.404
25825.0,46247.663
25826.0,46248.922
25827.0,46250.181
25828.0,46251.441
25829.0,46252.7
25830.0,46253.959
25831.0,46255.217
25832.0,46256.476
25833.0,46257.734
25834.0,46258.992
25835.0,46260.251
25836.0,46261.509
25837.0,46262.767
25838.0,46264.025
25839.0,46265.284
25840.0,46266.542
25841.0,46267.799
25842.0,46269.056
25843.0,46270.313
25844.0,46271.57
25845.0,46272.827
25846.0,46274.084
25847.0,46275.341
25848.0,46276.598
25849.0,46277.855
25850.0,46279.112
25851.0,46280.368
25852.0,46281.625
25853.0,46282.881
25854.0,46284.137
25855.0,46285.394
25856.0,46286.65
25857.0,46287.906
25858.0,46289.162
25859.0,46290.419
25860.0,46291.675
25861.0,46292.93
25862.0,46294.186
25863.0,46295.441
25864.0,46296.697
25865.0,46297.952
25866.0,46299.207
25867.0,46300.463
25868.0,46301.718
25869.0,46302.974
25870.0,46304.229
25871.0,46305.483
25872.0,46306.738
25873.0,46307.992
25874.0,46309.247
25875.0,46310.501
25876.0,46311.755
25877.0,46313.01
25878.0,46314.264
25879.0,46315.519
25880.0,46316.773
25881.0,46318.026
25882.0,46319.279
25883.0,46320.532
25884.0,46321.785
25885.0,46323.039
25886.0,46324.292
25887.0,46325.545
25888.0,46326.798
25889.0,46328.051
25890.0,46329.304
25891.0,46330.557
25892.0,46331.809
25893.0,46333.062
25894.0,46334.314
25895.0,46335.567
25896.0,46336.819
25897.0,46338.072
25898.0,46339.324
25899.0,46340.577
25900.0,46341.829
25901.0,46343.081
25902.0,46344.332
25903.0,46345.584
25904.0,46346.835
25905.0,46348.087
25906.0,46349.339
25907.0,46350.59
25908.0,46351.842
25909.0,46353.093
25910.0,46354.345
25911.0,46355.595
25912.0,46356.845
25913.0,46358.096
25914.0,46359.346
25915.0,46360.596
25916.0,46361.846
25917.0,46363.096
25918.0,46364.347
25919.0,46365.597
25920.0,46366.847
25921.0,46368.097
25922.0,46369.346
25923.0,46370.596
25924.0,46371.846
25925.0,46373.096
25926.0,46374.345
25927.0,46375.595
25928.0,46376.845
25929.0,46378.094
25930.0,46379.344
25931.0,46380.593
25932.0,46381.841
25933.0,46383.09
25934.0,46384.339
25935.0,46385.588
25936.0,46386.836
25937.0,46388.085
25938.0,46389.334
25939.0,46390.582
25940.0,46391.831
25941.0,46393.078
25942.0,46394.326
25943.0,46395.573
25944.0,46396.821
25945.0,46398.068
25946.0,46399.315
25947.0,46400.563
25948.0,46401.81
25949.0,46403.058
25950.0,46404.305
25951.0,46405.552
25952.0,46406.798
25953.0,46408.045
25954.0,46409.292
25955.0,46410.539
25956.0,46411.785
25957.0,46413.032
25958.0,46414.279
25959.0,46415.525
25960.0,46416.772
25961.0,46418.018
25962.0,46419.264
25963.0,46420.509
25964.0,46421.755
25965.0,46423.001
25966.0,46424.247
25967.0,46425.493
25968.0,46426.738
25969.0,46427.984
25970.0,46429.23
25971.0,46430.475
25972.0,46431.72
25973.0,46432.965
25974.0,46434.21
25975.0,46435.455
25976.0,46436.699
25977.0,46437.944
25978.0,46439.189
25979.0,46440.434
25980.0,46441.679
25981.0,46442.923
25982.0,46444.166
25983.0,46445.41
25984.0,46446.653
25985.0,46447.897
25986.0,46449.141
25987.0,46450.384
25988.0,46451.628
25989.0,46452.871
25990.0,46454.115
25991.0,46455.358
25992.0,46456.601
25993.0,46457.844
25994.0,46459.087
25995.0,46460.33
25996.0,46461.572
25997.0,46462.815
25998.0,46464.058
25999.0,46465.301
26000.0,46466.544
26001.0,46467.786
26002.0,46469.028
26003.0,46470.27
26004.0,46471.512
26005.0,46472.754
26006.0,46473.996
26007.0,46475.238
26008.0,46476.48
26009.0,46477.722
26010.0,46478.964
26011.0,46480.205
26012.0,46481.445
26013.0,46482.686
26014.0,46483.927
26015.0,46485.168
26016.0,46486.408
26017.0,46487.649
26018.0,46488.89
26019.0,46490.13
26020.0,46491.371
26021.0,46492.611
26022.0,46493.851
26023.0,46495.091
26024.0,46496.331
26025.0,46497.572
26026.0,46498.812
26027.0,46500.052
26028.0,46501.292
26029.0,46502.532
26030.0,46503.772
26031.0,46505.011
26032.0,46506.25
26033.0,46507.489
26034.0,46508.728
26035.0,46509.968
26036.0,46511.207
26037.0,46512.446
26038.0,46513.685
26039.0,46514.924
26040.0,46516.163
26041.0,46517.401
26042.0,46518.639
26043.0,46519.877
26044.0,46521.115
26045.0,46522.353
26046.0,46523.59
26047.0,46524.828
26048.0,46526.066
26049.0,46527.304
26050.0,46528.542
26051.0,46529.779
26052.0,46531.016
26053.0,46532.254
26054.0,46533.491
26055.0,46534.728
26056.0,46535.965
26057.0,46537.202
26058.0,46538.44
26059.0,46539.677
26060.0,46540.914
26061.0,46542.15
26062.0,46543.386
26063.0,46544.623
26064.0,46545.859
26065.0,46547.095
26066.0,46548.331
26067.0,46549.567
26068.0,46550.804
26069.0,46552.04
26070.0,46553.276
26071.0,46554.511
26072.0,46555.747
26073.0,46556.982
26074.0,46558.217
26075.0,46559.453
26076.0,46560.688
26077.0,46561.923
26078.0,46563.158
26079.0,46564.394
26080.0,46565.629
26081.0,46566.863
26082.0,46568.097
26083.0,46569.331
26084.0,46570.565
26085.0,46571.799
26086.0,46573.033
26087.0,46574.267
26088.0,46575.501
26089.0,46576.735
26090.0,46577.969
26091.0,46579.202
26092.0,46580.436
26093.0,46581.669
26094.0,46582.903
26095.0,46584.136
26096.0,46585.369
26097.0,46586.603
26098.0,46587.836
26099.0,46589.07
26100.0,46590.303
26101.0,46591.535
26102.0,46592.768
26103.0,46594.0
26104.0,46595.233
26105.0,46596.465
26106.0,46597.697
26107.0,46598.93
26108.0,46600.162
26109.0,46601.395
26110.0,46602.627
26111.0,46603.858
26112.0,46605.089
26113.0,46606.321
26114.0,46607.552
26115.0,46608.783
26116.0,46610.014
26117.0,46611.245
26118.0,46612.477
26119.0,46613.708
26120.0,46614.939
26121.0,46616.17
26122.0,46617.4
26123.0,46618.631
26124.0,46619.861
26125.0,46621.092
26126.0,46622.322
26127.0,46623.553
26128.0,46624.783
26129.0,46626.014
26130.0,46627.244
26131.0,46628.474
26132.0,46629.703
26133.0,46630.933
26134.0,46632.162
26135.0,46633.392
26136.0,46634.622
26137.0,46635.851
26138.0,46637.081
26139.0,46638.31
26140.0,46639.54
26141.0,46640.769
26142.0,46641.997
26143.0,46643.226
26144.0,46644.454
26145.0,46645.683
26146.0,46646.912
26147.0,46648.14
26148.0,46649.369
26149.0,46650.597
26150.0,46651.826
26151.0,46653.053
26152.0,46654.281
26153.0,46655.508
26154.0,46656.735
26155.0,46657.963
26156.0,46659.19
26157.0,46660.417
26158.0,46661.644
26159.0,46662.872
26160.0,46664.099
26161.0,46665.326
26162.0,46666.552
26163.0,46667.779
26164.0,46669.006
26165.0,46670.233
26166.0,46671.459
26167.0,46672.686
26168.0,46673.913
26169.0,46675.139
26170.0,46676.366
26171.0,46677.592
26172.0,46678.817
26173.0,46680.043
26174.0,46681.269
26175.0,46682.495
26176.0,46683.72
26177.0,46684.946
26178.0,46686.172
26179.0,46687.397
26180.0,46688.623
26181.0,46689.847
26182.0,46691.072
26183.0,46692.296
26184.0,46693.521
26185.0,46694.745
26186.0,46695.969
26187.0,46697.194
26188.0,46698.418
26189.0,46699.643
26190.0,46700.867
26191.0,46702.091
26192.0,46703.315
26193.0,46704.539
26194.0,46705.763
26195.0,46706.987
26196.0,46708.21
26197.0,46709.434
26198.0,46710.658
26199.0,46711.882
26200.0,46713.106
26201.0,46714.329
26202.0,46715.552
26203.0,46716.774
26204.0,46717.997
26205.0,46719.22
26206.0,46720.443
26207.0,46721.666
26208.0,46722.888
26209.0,46724.111
26210.0,46725.334
26211.0,46726.556
26212.0,46727.777
26213.0,46728.999
26214.0,46730.22
26215.0,46731.442
26216.0,46732.664
26217.0,46733.885
26218.0,46735.107
26219.0,46736.328
26220.0,46737.55
26221.0,46738.771
26222.0,46739.992
26223.0,46741.213
26224.0,46742.434
26225.0,46743.655
26226.0,46744.876
26227.0,46746.097
26228.0,46747.318
26229.0,46748.539
26230.0,46749.76
26231.0,46750.98
26232.0,46752.2
26233.0,46753.42
26234.0,46754.64
26235.0,46755.86
26236.0,46757.08
26237.0,46758.3
26238.0,46759.52
26239.0,46760.74
26240.0,46761.96
26241.0,46763.179
26242.0,46764.398
26243.0,46765.617
26244.0,46766.836
26245.0,46768.055
26246.0,46769.274
26247.0,46770.493
26248.0,46771.712
26249.0,46772.931
26250.0,46774.15
26251.0,46775.368
26252.0,46776.586
26253.0,46777.803
26254.0,46779.021
26255.0,46780.239
26256.0,46781.457
26257.0,46782.675
26258.0,46783.892
26259.0,46785.11
26260.0,46786.328
26261.0,46787.545
26262.0,46788.762
26263.0,46789.979
26264.0,46791.196
26265.0,46792.414
26266.0,46793.631
26267.0,46794.848
26268.0,46796.065
26269.0,46797.282
26270.0,46798.499
26271.0,46799.715
26272.0,46800.931
26273.0,46802.148
26274.0,46803.364
26275.0,46804.58
26276.0,46805.796
26277.0,46807.012
26278.0,46808.229
26279.0,46809.445
26280.0,46810.661
26281.0,46811.876
26282.0,46813.091
26283.0,46814.305
26284.0,46815.52
26285.0,46816.735
26286.0,46817.95
26287.0,46819.165
26288.0,46820.379
26289.0,46821.594
26290.0,46822.809
26291.0,46824.023
26292.0,46825.238
26293.0,46826.452
26294.0,46827.666
26295.0,46828.881
26296.0,46830.095
26297.0,46831.309
26298.0,46832.523
26299.0,46833.738
26300.0,46834.952
26301.0,46836.165
26302.0,46837.379
26303.0,46838.592
26304.0,46839.805
26305.0,46841.019
26306.0,46842.232
26307.0,46843.445
26308.0,46844.658
26309.0,46845.872
26310.0,46847.085
26311.0,46848.297
26312.0,46849.509
26313.0,46850.721
26314.0,46851.933
26315.0,46853.145
26316.0,46854.357
26317.0,46855.569
26318.0,46856.781
26319.0,46857.993
26320.0,46859.205
26321.0,46860.416
26322.0,46861.628
26323.0,46862.839
26324.0,46864.051
26325.0,46865.262
26326.0,46866.473
26327.0,46867.685
26328.0,46868.896
26329.0,46870.108
26330.0,46871.319
26331.0,46872.53
26332.0,46873.74
26333.0,46874.951
26334.0,46876.161
26335.0,46877.372
26336.0,46878.582
26337.0,46879.793
26338.0,46881.003
26339.0,46882.214
26340.0,46883.424
26341.0,46884.633
26342.0,46885.843
26343.0,46887.052
26344.0,46888.262
26345.0,46889.471
26346.0,46890.68
26347.0,46891.89
26348.0,46893.099
26349.0,46894.309
26350.0,46895.518
26351.0,46896.726
26352.0,46897.934
26353.0,46899.143
26354.0,46900.351
26355.0,46901.559
26356.0,46902.767
26357.0,46903.975
26358.0,46905.184
26359.0,46906.392
26360.0,46907.6
26361.0,46908.808
26362.0,46910.015
26363.0,46911.223
26364.0,46912.43
26365.0,46913.638
26366.0,46914.846
26367.0,46916.053
26368.0,46917.261
26369.0,46918.468
26370.0,46919.676
26371.0,46920.883
26372.0,46922.089
26373.0,46923.296
26374.0,46924.502
26375.0,46925.709
26376.0,46926.916
26377.0,46928.122
26378.0,46929.329
26379.0,46930.535
26380.0,46931.742
26381.0,46932.947
26382.0,46934.153
26383.0,46935.358
26384.0,46936.563
26385.0,46937.769
26386.0,46938.974
26387.0,46940.179
26388.0,46941.384
26389.0,46942.59
26390.0,46943.795
26391.0,46945.0
26392.0,46946.204
26393.0,46947.409
26394.0,46948.614
26395.0,46949.819
26396.0,46951.023
26397.0,46952.228
26398.0,46953.433
26399.0,46954.637
26400.0,46955.842
26401.0,46957.046
26402.0,46958.25
26403.0,46959.453
26404.0,46960.657
26405.0,46961.861
26406.0,46963.065
26407.0,46964.269
26408.0,46965.472
26409.0,46966.676
26410.0,46967.88
26411.0,46969.083
26412.0,46970.286
26413.0,46971.488
26414.0,46972.691
26415.0,46973.894
26416.0,46975.097
26417.0,46976.3
26418.0,46977.502
26419.0,46978.705
26420.0,46979.908
26421.0,46981.11
26422.0,46982.311
26423.0,46983.513
26424.0,46984.714
26425.0,46985.916
26426.0,46987.117
26427.0,46988.319
26428.0,46989.52
26429.0,46990.722
26430.0,46991.923
26431.0,46993.124
26432.0,46994.325
26433.0,46995.525
26434.0,46996.726
26435.0,46997.927
26436.0,46999.128
26437.0,47000.329
26438.0,47001.529
26439.0,47002.73
26440.0,47003.931
26441.0,47005.131
26442.0,47006.331
26443.0,47007.531
26444.0,47008.731
26445.0,47009.931
26446.0,47011.131
26447.0,47012.331
26448.0,47013.531
26449.0,47014.731
26450.0,47015.931
26451.0,47017.13
26452.0,47018.328
26453.0,47019.527
26454.0,47020.725
26455.0,47021.924
26456.0,47023.123
26457.0,47024.321
26458.0,47025.52
26459.0,47026.718
26460.0,47027.917
26461.0,47029.115
26462.0,47030.313
26463.0,47031.511
26464.0,47032.709
26465.0,47033.907
26466.0,47035.105
26467.0,47036.303
26468.0,47037.501
26469.0,47038.699
26470.0,47039.897
26471.0,47041.094
26472.0,47042.291
26473.0,47043.488
26474.0,47044.685
26475.0,47045.882
26476.0,47047.079
26477.0,47048.276
26478.0,47049.473
26479.0,47050.67
26480.0,47051.867
26481.0,47053.063
26482.0,47054.259
26483.0,47055.454
26484.0,47056.65
26485.0,47057.846
26486.0,47059.042
26487.0,47060.238
26488.0,47061.433
26489.0,47062.629
26490.0,47063.825
26491.0,47065.02
26492.0,47066.215
26493.0,47067.41
26494.0,47068.605
26495.0,47069.801
26496.0,47070.996
26497.0,47072.191
26498.0,47073.386
26499.0,47074.581
26500.0,47075.776
26501.0,47076.97
26502.0,47078.164
26503.0,47079.359
26504.0,47080.553
26505.0,47081.747
26506.0,47082.941
26507.0,47084.135
26508.0,47085.33
26509.0,47086.524
26510.0,47087.718
26511.0,47088.911
26512.0,47090.105
26513.0,47091.298
26514.0,47092.491
26515.0,47093.685
26516.0,47094.878
26517.0,47096.071
26518.0,47097.264
26519.0,47098.458
26520.0,47099.651
26521.0,47100.843
26522.0,47102.035
26523.0,47103.227
26524.0,47104.419
26525.0,47105.611
26526.0,47106.802
26527.0,47107.994
26528.0,47109.186
26529.0,47110.378
26530.0,47111.57
26531.0,47112.761
26532.0,47113.953
26533.0,47115.144
26534.0,47116.335
26535.0,47117.527
26536.0,47118.718
26537.0,47119.909
26538.0,47121.1
26539.0,47122.292
26540.0,47123.483
26541.0,47124.673
26542.0,47125.864
26543.0,47127.054
26544.0,47128.245
26545.0,47129.435
26546.0,47130.625
26547.0,47131.816
26548.0,47133.006
26549.0,47134.197
26550.0,47135.387
26551.0,47136.576
26552.0,47137.765
26553.0,47138.954
26554.0,47140.143
26555.0,47141.332
26556.0,47142.521
26557.0,47143.71
26558.0,47144.899
26559.0,47146.088
26560.0,47147.277
26561.0,47148.466
26562.0,47149.654
26563.0,47150.843
26564.0,47152.031
26565.0,47153.22
26566.0,47154.408
26567.0,47155.597
26568.0,47156.785
26569.0,47157.974
26570.0,47159.162
26571.0,47160.35
26572.0,47161.537
26573.0,47162.725
26574.0,47163.912
26575.0,47165.1
26576.0,47166.287
26577.0,47167.475
26578.0,47168.662
26579.0,47169.85
26580.0,47171.037
26581.0,47172.223
26582.0,47173.409
26583.0,47174.595
26584.0,47175.781
26585.0,47176.968
26586.0,47178.154
26587.0,47179.34
26588.0,47180.526
26589.0,47181.712
26590.0,47182.898
26591.0,47184.084
26592.0,47185.269
26593.0,47186.455
26594.0,47187.64
26595.0,47188.826
26596.0,47190.012
26597.0,47191.197
26598.0,47192.383
26599.0,47193.568
26600.0,47194.754
26601.0,47195.939
26602.0,47197.123
26603.0,47198.308
26604.0,47199.492
26605.0,47200.677
26606.0,47201.862
26607.0,47203.046
26608.0,47204.231
26609.0,47205.415
26610.0,47206.6
26611.0,47207.784
26612.0,47208.967
26613.0,47210.151
26614.0,47211.335
26615.0,47212.519
26616.0,47213.702
26617.0,47214.886
26618.0,47216.07
26619.0,47217.253
26620.0,47218.437
26621.0,47219.619
26622.0,47220.802
26623.0,47221.984
26624.0,47223.167
26625.0,47224.349
26626.0,47225.531
26627.0,47226.714
26628.0,47227.896
26629.0,47229.079
26630.0,47230.261
26631.0,47231.443
26632.0,47232.624
26633.0,47233.806
26634.0,47234.988
26635.0,47236.17
26636.0,47237.351
26637.0,47238.533
26638.0,47239.715
26639.0,47240.896
26640.0,47242.078
26641.0,47243.259
26642.0,47244.44
26643.0,47245.62
26644.0,47246.801
26645.0,47247.982
26646.0,47249.163
26647.0,47250.344
26648.0,47251.524
26649.0,47252.705
26650.0,47253.886
26651.0,47255.066
26652.0,47256.245
26653.0,47257.425
26654.0,47258.604
26655.0,47259.784
26656.0,47260.963
26657.0,47262.143
26658.0,47263.322
26659.0,47264.502
26660.0,47265.681
26661.0,47266.86
26662.0,47268.039
26663.0,47269.218
26664.0,47270.397
26665.0,47271.576
26666.0,47272.754
26667.0,47273.933
26668.0,47275.112
26669.0,47276.291
26670.0,47277.47
26671.0,47278.648
26672.0,47279.826
26673.0,47281.004
26674.0,47282.182
26675.0,47283.36
26676.0,47284.537
26677.0,47285.715
26678.0,47286.893
26679.0,47288.071
26680.0,47289.249
26681.0,47290.426
26682.0,47291.603
26683.0,47292.78
26684.0,47293.957
26685.0,47295.134
26686.0,47296.311
26687.0,47297.488
26688.0,47298.665
26689.0,47299.842
26690.0,47301.019
26691.0,47302.195
26692.0,47303.37
26693.0,47304.546
26694.0,47305.722
26695.0,47306.898
26696.0,47308.073
26697.0,47309.249
26698.0,47310.425
26699.0,47311.6
26700.0,47312.776
26701.0,47313.951
26702.0,47315.126
26703.0,47316.301
26704.0,47317.476
26705.0,47318.651
26706.0,47319.826
26707.0,47321.001
26708.0,47322.176
26709.0,47323.351
26710.0,47324.526
26711.0,47325.7
26712.0,47326.874
26713.0,47328.049
26714.0,47329.223
26715.0,47330.397
26716.0,47331.571
26717.0,47332.745
26718.0,47333.92
26719.0,47335.094
26720.0,47336.268
26721.0,47337.441
26722.0,47338.614
26723.0,47339.786
26724.0,47340.959
26725.0,47342.132
26726.0,47343.305
26727.0,47344.478
26728.0,47345.65
26729.0,47346.823
26730.0,47347.996
26731.0,47349.168
26732.0,47350.34
26733.0,47351.512
26734.0,47352.684
26735.0,47353.857
26736.0,47355.029
26737.0,47356.201
26738.0,47357.373
26739.0,47358.545
26740.0,47359.717
26741.0,47360.888
26742.0,47362.06
26743.0,47363.231
26744.0,47364.402
26745.0,47365.574
26746.0,47366.745
26747.0,47367.916
26748.0,47369.087
26749.0,47370.259
26750.0,47371.43
26751.0,47372.6
26752.0,47373.77
26753.0,47374.94
26754.0,47376.11
26755.0,47377.28
26756.0,47378.449
26757.0,47379.619
26758.0,47380.789
26759.0,47381.959
26760.0,47383.129
26761.0,47384.298
26762.0,47385.468
26763.0,47386.637
26764.0,47387.806
26765.0,47388.976
26766.0,47390.145
26767.0,47391.314
26768.0,47392.483
26769.0,47393.653
26770.0,47394.822
26771.0,47395.99
26772.0,47397.159
26773.0,47398.327
26774.0,47399.496
26775.0,47400.664
26776.0,47401.832
26777.0,47403.001
26778.0,47404.169
26779.0,47405.338
26780.0,47406.506
26781.0,47407.673
26782.0,47408.841
26783.0,47410.008
26784.0,47411.176
26785.0,47412.343
26786.0,47413.51
26787.0,47414.678
26788.0,47415.845
26789.0,47417.013
26790.0,47418.18
26791.0,47419.346
26792.0,47420.512
26793.0,47421.678
26794.0,47422.844
26795.0,47424.011
26796.0,47425.177
26797.0,47426.343
26798.0,47427.509
26799.0,47428.675
26800.0,47429.841
26801.0,47431.007
26802.0,47432.172
26803.0,47433.338
26804.0,47434.503
26805.0,47435.669
26806.0,47436.834
26807.0,47438.0
26808.0,47439.165
26809.0,47440.331
26810.0,47441.496
26811.0,47442.661
26812.0,47443.825
26813.0,47444.99
26814.0,47446.154
26815.0,47447.319
26816.0,47448.484
26817.0,47449.648
26818.0,47450.813
26819.0,47451.977
26820.0,47453.142
26821.0,47454.305
26822.0,47455.468
26823.0,47456.632
26824.0,47457.795
26825.0,47458.958
26826.0,47460.121
26827.0,47461.284
26828.0,47462.448
26829.0,47463.611
26830.0,47464.774
26831.0,47465.937
26832.0,47467.099
26833.0,47468.262
26834.0,47469.424
26835.0,47470.587
26836.0,47471.75
26837.0,47472.912
26838.0,47474.075
26839.0,47475.237
26840.0,47476.4
26841.0,47477.562
26842.0,47478.723
26843.0,47479.885
26844.0,47481.047
26845.0,47482.209
26846.0,47483.37
26847.0,47484.532
26848.0,47485.694
26849.0,47486.855
26850.0,47488.017
26851.0,47489.177
26852.0,47490.338
26853.0,47491.498
26854.0,47492.659
26855.0,47493.819
26856.0,47494.979
26857.0,47496.14
26858.0,47497.3
26859.0,47498.461
26860.0,47499.621
26861.0,47500.781
26862.0,47501.941
26863.0,47503.1
26864.0,47504.26
26865.0,47505.42
26866.0,47506.58
26867.0,47507.74
26868.0,47508.899
26869.0,47510.059
26870.0,47511.219
26871.0,47512.378
26872.0,47513.537
26873.0,47514.695
26874.0,47515.854
26875.0,47517.013
26876.0,47518.172
26877.0,47519.331
26878.0,47520.489
26879.0,47521.648
26880.0,47522.807
26881.0,47523.965
26882.0,47525.123
26883.0,47526.28
26884.0,47527.438
26885.0,47528.596
26886.0,47529.754
26887.0,47530.912
26888.0,47532.069
26889.0,47533.227
26890.0,47534.385
26891.0,47535.542
26892.0,47536.698
26893.0,47537.855
26894.0,47539.011
26895.0,47540.168
26896.0,47541.325
26897.0,47542.481
26898.0,47543.638
26899.0,47544.794
26900.0,47545.951
26901.0,47547.107
26902.0,47548.263
26903.0,47549.419
26904.0,47550.575
26905.0,47551.731
26906.0,47552.886
26907.0,47554.042
26908.0,47555.198
26909.0,47556.354
26910.0,47557.51
26911.0,47558.665
26912.0,47559.82
26913.0,47560.975
26914.0,47562.13
26915.0,47563.285
26916.0,47564.44
26917.0,47565.595
26918.0,47566.75
26919.0,47567.905
26920.0,47569.06
26921.0,47570.214
26922.0,47571.367
26923.0,47572.521
26924.0,47573.675
26925.0,47574.829
26926.0,47575.982
26927.0,47577.136
26928.0,47578.29
26929.0,47579.443
26930.0,47580.597
26931.0,47581.75
26932.0,47582.903
26933.0,47584.056
26934.0,47585.209
26935.0,47586.362
26936.0,47587.515
26937.0,47588.668
26938.0,47589.821
26939.0,47590.974
26940.0,47592.127
26941.0,47593.279
26942.0,47594.431
26943.0,47595.583
26944.0,47596.735
26945.0,47597.888
26946.0,47599.04
26947.0,47600.192
26948.0,47601.344
26949.0,47602.496
26950.0,47603.648
26951.0,47604.799
26952.0,47605.95
26953.0,47607.102
26954.0,47608.253
26955.0,47609.404
26956.0,47610.555
26957.0,47611.706
26958.0,47612.858
26959.0,47614.009
26960.0,47615.16
26961.0,47616.31
26962.0,47617.46
26963.0,47618.609
26964.0,47619.759
26965.0,47620.909
26966.0,47622.059
26967.0,47623.209
26968.0,47624.358
26969.0,47625.508
26970.0,47626.658
26971.0,47627.807
26972.0,47628.957
26973.0,47630.106
26974.0,47631.255
26975.0,47632.405
26976.0,47633.554
26977.0,47634.703
26978.0,47635.852
26979.0,47637.002
26980.0,47638.151
26981.0,47639.299
26982.0,47640.448
26983.0,47641.596
26984.0,47642.744
26985.0,47643.893
26986.0,47645.041
26987.0,47646.189
26988.0,47647.337
26989.0,47648.486
26990.0,47649.634
26991.0,47650.781
26992.0,47651.928
26993.0,47653.075
26994.0,47654.222
26995.0,47655.369
26996.0,47656.516
26997.0,47657.663
26998.0,47658.81
26999.0,47659.957
27000.0,47661.104
27001.0,47662.25
27002.0,47663.397
27003.0,47664.543
27004.0,47665.689
27005.0,47666.836
27006.0,47667.982
27007.0,47669.128
27008.0,47670.274
27009.0,47671.421
27010.0,47672.567
27011.0,47673.713
27012.0,47674.858
27013.0,47676.004
27014.0,47677.149
27015.0,47678.295
27016.0,47679.44
27017.0,47680.586
27018.0,47681.731
27019.0,47682.877
27020.0,47684.022
27021.0,47685.166
27022.0,47686.31
27023.0,47687.454
27024.0,47688.598
27025.0,47689.743
27026.0,47690.887
27027.0,47692.031
27028.0,47693.175
27029.0,47694.319
27030.0,47695.463
27031.0,47696.607
27032.0,47697.75
27033.0,47698.894
27034.0,47700.037
27035.0,47701.181
27036.0,47702.324
27037.0,47703.468
27038.0,47704.611
27039.0,47705.755
27040.0,47706.898
27041.0,47708.041
27042.0,47709.183
27043.0,47710.326
27044.0,47711.468
27045.0,47712.611
27046.0,47713.753
27047.0,47714.896
27048.0,47716.038
27049.0,47717.181
27050.0,47718.323
27051.0,47719.465
27052.0,47720.606
27053.0,47721.748
27054.0,47722.89
27055.0,47724.032
27056.0,47725.173
27057.0,47726.315
27058.0,47727.457
27059.0,47728.598
27060.0,47729.74
27061.0,47730.88
27062.0,47732.02
27063.0,47733.161
27064.0,47734.301
27065.0,47735.441
27066.0,47736.581
27067.0,47737.721
27068.0,47738.862
27069.0,47740.002
27070.0,47741.142
27071.0,47742.282
27072.0,47743.421
27073.0,47744.561
27074.0,47745.701
27075.0,47746.841
27076.0,47747.98
27077.0,47749.12
27078.0,47750.26
27079.0,47751.399
27080.0,47752.539
27081.0,47753.678
27082.0,47754.816
27083.0,47755.955
27084.0,47757.094
27085.0,47758.233
27086.0,47759.371
27087.0,47760.51
27088.0,47761.649
27089.0,47762.787
27090.0,47763.926
27091.0,47765.063
27092.0,47766.201
27093.0,47767.338
27094.0,47768.476
27095.0,47769.613
27096.0,47770.75
27097.0,47771.888
27098.0,47773.025
27099.0,47774.163
27100.0,47775.3
27101.0,47776.437
27102.0,47777.574
27103.0,47778.711
27104.0,47779.848
27105.0,47780.985
27106.0,47782.121
27107.0,47783.258
27108.0,47784.395
27109.0,47785.532
27110.0,47786.669
27111.0,47787.805
27112.0,47788.941
27113.0,47790.076
27114.0,47791.212
27115.0,47792.348
27116.0,47793.484
27117.0,47794.62
27118.0,47795.755
27119.0,47796.891
27120.0,47798.027
27121.0,47799.162
27122.0,47800.296
27123.0,47801.431
27124.0,47802.565
27125.0,47803.7
27126.0,47804.835
27127.0,47805.969
27128.0,47807.104
27129.0,47808.238
27130.0,47809.373
27131.0,47810.507
27132.0,47811.641
27133.0,47812.775
27134.0,47813.909
27135.0,47815.043
27136.0,47816.176
27137.0,47817.31
27138.0,47818.444
27139.0,47819.578
27140.0,47820.712
27141.0,47821.845
27142.0,47822.978
27143.0,47824.111
27144.0,47825.244
27145.0,47826.377
27146.0,47827.51
27147.0,47828.643
27148.0,47829.776
27149.0,47830.909
27150.0,47832.042
27151.0,47833.174
27152.0,47834.306
27153.0,47835.438
27154.0,47836.57
27155.0,47837.703
27156.0,47838.835
27157.0,47839.967
27158.0,47841.099
27159.0,47842.231
27160.0,47843.363
27161.0,47844.494
27162.0,47845.624
27163.0,47846.755
27164.0,47847.886
27165.0,47849.017
27166.0,47850.147
27167.0,47851.278
27168.0,47852.409
27169.0,47853.539
27170.0,47854.67
27171.0,47855.8
27172.0,47856.93
27173.0,47858.06
27174.0,47859.19
27175.0,47860.321
27176.0,47861.451
27177.0,47862.581
27178.0,47863.711
27179.0,47864.841
27180.0,47865.971
27181.0,47867.1
27182.0,47868.229
27183.0,47869.359
27184.0,47870.488
27185.0,47871.617
27186.0,47872.746
27187.0,47873.875
27188.0,47875.005
27189.0,47876.134
27190.0,47877.263
27191.0,47878.391
27192.0,47879.519
27193.0,47880.646
27194.0,47881.774
27195.0,47882.902
27196.0,47884.03
27197.0,47885.158
27198.0,47886.285
27199.0,47887.413
27200.0,47888.541
27201.0,47889.668
27202.0,47890.796
27203.0,47891.923
27204.0,47893.05
27205.0,47894.178
27206.0,47895.305
27207.0,47896.432
27208.0,47897.559
27209.0,47898.687
27210.0,47899.814
27211.0,47900.94
27212.0,47902.067
27213.0,47903.193
27214.0,47904.319
27215.0,47905.446
27216.0,47906.572
27217.0,47907.698
27218.0,47908.824
27219.0,47909.951
27220.0,47911.077
27221.0,47912.202
27222.0,47913.328
27223.0,47914.453
27224.0,47915.578
27225.0,47916.704
27226.0,47917.829
27227.0,47918.954
27228.0,47920.079
27229.0,47921.205
27230.0,47922.33
27231.0,47923.454
27232.0,47924.578
27233.0,47925.702
27234.0,47926.826
27235.0,47927.95
27236.0,47929.074
27237.0,47930.198
27238.0,47931.322
27239.0,47932.446
27240.0,47933.57
27241.0,47934.694
27242.0,47935.817
27243.0,47936.941
27244.0,47938.064
27245.0,47939.188
27246.0,47940.311
27247.0,47941.435
27248.0,47942.558
27249.0,47943.682
27250.0,47944.805
27251.0,47945.928
27252.0,47947.05
27253.0,47948.173
27254.0,47949.295
27255.0,47950.418
27256.0,47951.54
27257.0,47952.663
27258.0,47953.785
27259.0,47954.908
27260.0,47956.03
27261.0,47957.151
27262.0,47958.272
27263.0,47959.393
27264.0,47960.514
27265.0,47961.636
27266.0,47962.757
27267.0,47963.878
27268.0,47964.999
27269.0,47966.12
27270.0,47967.241
27271.0,47968.362
27272.0,47969.482
27273.0,47970.603
27274.0,47971.723
27275.0,47972.844
27276.0,47973.965
27277.0,47975.085
27278.0,47976.206
27279.0,47977.326
27280.0,47978.447
27281.0,47979.567
27282.0,47980.686
27283.0,47981.806
27284.0,47982.925
27285.0,47984.045
27286.0,47985.165
27287.0,47986.284
27288.0,47987.404
27289.0,47988.523
27290.0,47989.643
27291.0,47990.761
27292.0,47991.88
27293.0,47992.998
27294.0,47994.116
27295.0,47995.235
27296.0,47996.353
27297.0,47997.471
27298.0,47998.589
27299.0,47999.708
27300.0,48000.826
27301.0,48001.944
27302.0,48003.061
27303.0,48004.179
27304.0,48005.297
27305.0,48006.415
27306.0,48007.532
27307.0,48008.65
27308.0,48009.768
27309.0,48010.885
27310.0,48012.003
27311.0,48013.12
27312.0,48014.236
27313.0,48015.353
27314.0,48016.47
27315.0,48017.587
27316.0,48018.703
27317.0,48019.82
27318.0,48020.937
27319.0,48022.053
27320.0,48023.17
27321.0,48024.286
27322.0,48025.402
27323.0,48026.517
27324.0,48027.633
27325.0,48028.749
27326.0,48029.865
27327.0,48030.981
27328.0,48032.096
27329.0,48033.212
27330.0,48034.328
27331.0,48035.442
27332.0,48036.557
27333.0,48037.671
27334.0,48038.786
27335.0,48039.9
27336.0,48041.014
27337.0,48042.129
27338.0,48043.243
27339.0,48044.358
27340.0,48045.472
27341.0,48046.586
27342.0,48047.7
27343.0,48048.814
27344.0,48049.928
27345.0,48051.042
27346.0,48052.155
27347.0,48053.269
27348.0,48054.383
27349.0,48055.497
27350.0,48056.611
27351.0,48057.724
27352.0,48058.837
27353.0,48059.95
27354.0,48061.063
27355.0,48062.176
27356.0,48063.289
27357.0,48064.402
27358.0,48065.515
27359.0,48066.628
27360.0,48067.741
27361.0,48068.853
27362.0,48069.964
27363.0,48071.076
27364.0,48072.187
27365.0,48073.299
27366.0,48074.41
27367.0,48075.522
27368.0,48076.633
27369.0,48077.745
27370.0,48078.856
27371.0,48079.967
27372.0,48081.078
27373.0,48082.189
27374.0,48083.3
27375.0,48084.411
27376.0,48085.522
27377.0,48086.633
27378.0,48087.744
27379.0,48088.855
27380.0,48089.966
27381.0,48091.076
27382.0,48092.186
27383.0,48093.296
27384.0,48094.406
27385.0,48095.517
27386.0,48096.627
27387.0,48097.737
27388.0,48098.847
27389.0,48099.957
27390.0,48101.067
27391.0,48102.176
27392.0,48103.284
27393.0,48104.393
27394.0,48105.502
27395.0,48106.611
27396.0,48107.719
27397.0,48108.828
27398.0,48109.937
27399.0,48111.045
27400.0,48112.154
27401.0,48113.262
27402.0,48114.37
27403.0,48115.478
27404.0,48116.586
27405.0,48117.695
27406.0,48118.803
27407.0,48119.911
27408.0,48121.019
27409.0,48122.127
27410.0,48123.235
27411.0,48124.342
27412.0,48125.449
27413.0,48126.557
27414.0,48127.664
27415.0,48128.771
27416.0,48129.878
27417.0,48130.985
27418.0,48132.093
27419.0,48133.2
27420.0,48134.307
27421.0,48135.413
27422.0,48136.52
27423.0,48137.626
27424.0,48138.732
27425.0,48139.839
27426.0,48140.945
27427.0,48142.051
27428.0,48143.157
27429.0,48144.264
27430.0,48145.37
27431.0,48146.475
27432.0,48147.58
27433.0,48148.684
27434.0,48149.789
27435.0,48150.894
27436.0,48151.999
27437.0,48153.104
27438.0,48154.208
27439.0,48155.313
27440.0,48156.418
27441.0,48157.522
27442.0,48158.627
27443.0,48159.731
27444.0,48160.835
27445.0,48161.94
27446.0,48163.044
27447.0,48164.148
27448.0,48165.252
27449.0,48166.357
27450.0,48167.461
27451.0,48168.564
27452.0,48169.668
27453.0,48170.771
27454.0,48171.875
27455.0,48172.978
27456.0,48174.081
27457.0,48175.185
27458.0,48176.288
27459.0,48177.392
27460.0,48178.495
27461.0,48179.597
27462.0,48180.699
27463.0,48181.801
27464.0,48182.903
27465.0,48184.005
27466.0,48185.107
27467.0,48186.209
27468.0,48187.311
27469.0,48188.413
27470.0,48189.515
27471.0,48190.617
27472.0,48191.718
27473.0,48192.82
27474.0,48193.921
27475.0,48195.023
27476.0,48196.124
27477.0,48197.226
27478.0,48198.327
27479.0,48199.429
27480.0,48200.53
27481.0,48201.631
27482.0,48202.731
27483.0,48203.832
27484.0,48204.932
27485.0,48206.033
27486.0,48207.133
27487.0,48208.234
27488.0,48209.334
27489.0,48210.435
27490.0,48211.535
27491.0,48212.635
27492.0,48213.734
27493.0,48214.834
27494.0,48215.933
27495.0,48217.033
27496.0,48218.132
27497.0,48219.232
27498.0,48220.331
27499.0,48221.431
27500.0,48222.53
27501.0,48223.628
27502.0,48224.726
27503.0,48225.825
27504.0,48226.923
27505.0,48228.021
27506.0,48229.119
27507.0,48230.217
27508.0,48231.316
27509.0,48232.414
27510.0,48233.512
27511.0,48234.61
27512.0,48235.707
27513.0,48236.805
27514.0,48237.902
27515.0,48239.0
27516.0,48240.098
27517.0,48241.195
27518.0,48242.293
27519.0,48243.39
27520.0,48244.488
27521.0,48245.585
27522.0,48246.681
27523.0,48247.778
27524.0,48248.875
27525.0,48249.972
27526.0,48251.068
27527.0,48252.165
27528.0,48253.262
27529.0,48254.358
27530.0,48255.455
27531.0,48256.55
27532.0,48257.646
27533.0,48258.741
27534.0,48259.836
27535.0,48260.932
27536.0,48262.027
27537.0,48263.122
27538.0,48264.217
27539.0,48265.313
27540.0,48266.408
27541.0,48267.503
27542.0,48268.598
27543.0,48269.692
27544.0,48270.787
27545.0,48271.882
27546.0,48272.977
27547.0,48274.072
27548.0,48275.166
27549.0,48276.261
27550.0,48277.356
27551.0,48278.45
27552.0,48279.544
27553.0,48280.637
27554.0,48281.731
27555.0,48282.825
27556.0,48283.919
27557.0,48285.013
27558.0,48286.106
27559.0,48287.2
27560.0,48288.294
27561.0,48289.386
27562.0,48290.479
27563.0,48291.571
27564.0,48292.664
27565.0,48293.756
27566.0,48294.848
27567.0,48295.941
27568.0,48297.033
27569.0,48298.126
27570.0,48299.218
27571.0,48300.31
27572.0,48301.402
27573.0,48302.494
27574.0,48303.586
27575.0,48304.678
27576.0,48305.769
27577.0,48306.861
27578.0,48307.953
27579.0,48309.045
27580.0,48310.137
27581.0,48311.228
27582.0,48312.319
27583.0,48313.41
27584.0,48314.501
27585.0,48315.592
27586.0,48316.682
27587.0,48317.773
27588.0,48318.864
27589.0,48319.955
27590.0,48321.046
27591.0,48322.136
27592.0,48323.226
27593.0,48324.316
27594.0,48325.406
27595.0,48326.496
27596.0,48327.586
27597.0,48328.676
27598.0,48329.766
27599.0,48330.856
27600.0,48331.946
27601.0,48333.035
27602.0,48334.123
27603.0,48335.212
27604.0,48336.3
27605.0,48337.389
27606.0,48338.478
27607.0,48339.566
27608.0,48340.655
27609.0,48341.743
27610.0,48342.832
27611.0,48343.92
27612.0,48345.008
27613.0,48346.096
27614.0,48347.184
27615.0,48348.273
27616.0,48349.361
27617.0,48350.449
27618.0,48351.537
27619.0,48352.625
27620.0,48353.713
27621.0,48354.8
27622.0,48355.887
27623.0,48356.974
27624.0,48358.061
27625.0,48359.149
27626.0,48360.236
27627.0,48361.323
27628.0,48362.41
27629.0,48363.497
27630.0,48364.584
27631.0,48365.67
27632.0,48366.755
27633.0,48367.841
27634.0,48368.927
27635.0,48370.013
27636.0,48371.098
27637.0,48372.184
27638.0,48373.27
27639.0,48374.355
27640.0,48375.441
27641.0,48376.526
27642.0,48377.611
27643.0,48378.697
27644.0,48379.782
27645.0,48380.867
27646.0,48381.952
27647.0,48383.037
27648.0,48384.123
27649.0,48385.208
27650.0,48386.293
27651.0,48387.377
27652.0,48388.462
27653.0,48389.546
27654.0,48390.63
27655.0,48391.715
27656.0,48392.799
27657.0,48393.883
27658.0,48394.967
27659.0,48396.052
27660.0,48397.136
27661.0,48398.219
27662.0,48399.302
27663.0,48400.385
27664.0,48401.468
27665.0,48402.551
27666.0,48403.633
27667.0,48404.716
27668.0,48405.799
27669.0,48406.882
27670.0,48407.965
27671.0,48409.047
27672.0,48410.13
27673.0,48411.212
27674.0,48412.294
27675.0,48413.377
27676.0,48414.459
27677.0,48415.541
27678.0,48416.623
27679.0,48417.706
27680.0,48418.788
27681.0,48419.869
27682.0,48420.951
27683.0,48422.032
27684.0,48423.114
27685.0,48424.195
27686.0,48425.276
27687.0,48426.358
27688.0,48427.439
27689.0,48428.521
27690.0,48429.602
27691.0,48430.682
27692.0,48431.763
27693.0,48432.843
27694.0,48433.924
27695.0,48435.004
27696.0,48436.084
27697.0,48437.165
27698.0,48438.245
27699.0,48439.326
27700.0,48440.406
27701.0,48441.484
27702.0,48442.562
27703.0,48443.639
27704.0,48444.717
27705.0,48445.795
27706.0,48446.873
27707.0,48447.951
27708.0,48449.028
27709.0,48450.106
27710.0,48451.184
27711.0,48452.259
27712.0,48453.333
27713.0,48454.408
27714.0,48455.482
27715.0,48456.557
27716.0,48457.632
27717.0,48458.706
27718.0,48459.781
27719.0,48460.855
27720.0,48461.93
27721.0,48463.004
27722.0,48464.077
27723.0,48465.151
27724.0,48466.224
27725.0,48467.298
27726.0,48468.371
27727.0,48469.445
