Gauge[mm],Volume[m3]
0.0,0.0
1.0,0.746
2.0,1.492
3.0,2.238
4.0,2.984
5.0,3.73
6.0,4.475
7.0,5.221
8.0,5.967
9.0,6.713
10.0,7.459
11.0,8.206
12.0,8.952
13.0,9.699
14.0,10.445
15.0,11.192
16.0,11.939
17.0,12.685
18.0,13.432
19.0,14.178
20.0,14.925
21.0,15.675
22.0,16.425
23.0,17.175
24.0,17.925
25.0,18.675
26.0,19.424
27.0,20.174
28.0,20.924
29.0,21.674
30.0,22.424
31.0,23.175
32.0,23.925
33.0,24.676
34.0,25.426
35.0,26.177
36.0,26.927
37.0,27.678
38.0,28.428
39.0,29.179
40.0,29.929
41.0,30.68
42.0,31.431
43.0,32.183
44.0,32.934
45.0,33.685
46.0,34.436
47.0,35.187
48.0,35.939
49.0,36.69
50.0,37.441
51.0,38.193
52.0,38.945
53.0,39.696
54.0,40.448
55.0,41.2
56.0,41.952
57.0,42.704
58.0,43.455
59.0,44.207
60.0,44.959
61.0,45.712
62.0,46.464
63.0,47.217
64.0,47.969
65.0,48.722
66.0,49.474
67.0,50.227
68.0,50.979
69.0,51.732
70.0,52.484
71.0,53.237
72.0,53.99
73.0,54.742
74.0,55.495
75.0,56.248
76.0,57.001
77.0,57.754
78.0,58.506
79.0,59.259
80.0,60.012
81.0,60.766
82.0,61.519
83.0,62.273
84.0,63.026
85.0,63.78
86.0,64.533
87.0,65.287
88.0,66.04
89.0,66.794
90.0,67.547
91.0,68.3
92.0,69.054
93.0,69.807
94.0,70.56
95.0,71.314
96.0,72.067
97.0,72.82
98.0,73.573
99.0,74.327
100.0,75.08
101.0,75.834
102.0,76.588
103.0,77.342
104.0,78.096
105.0,78.851
106.0,79.605
107.0,80.359
108.0,81.113
109.0,81.867
110.0,82.621
111.0,83.376
112.0,84.13
113.0,84.885
114.0,85.639
115.0,86.394
116.0,87.149
117.0,87.903
118.0,88.658
119.0,89.412
120.0,90.167
121.0,90.922
122.0,91.678
123.0,92.433
124.0,93.189
125.0,93.944
126.0,94.699
127.0,95.455
128.0,96.21
129.0,96.966
130.0,97.721
131.0,98.477
132.0,99.233
133.0,99.989
134.0,100.745
135.0,101.501
136.0,102.257
137.0,103.013
138.0,103.769
139.0,104.525
140.0,105.281
141.0,106.038
142.0,106.794
143.0,107.551
144.0,108.307
145.0,109.064
146.0,109.821
147.0,110.577
148.0,111.334
149.0,112.09
150.0,112.847
151.0,113.604
152.0,114.362
153.0,115.119
154.0,115.876
155.0,116.634
156.0,117.391
157.0,118.148
158.0,118.905
159.0,119.663
160.0,120.42
161.0,121.178
162.0,121.936
163.0,122.694
164.0,123.452
165.0,124.21
166.0,124.967
167.0,125.725
168.0,126.483
169.0,127.241
170.0,127.999
171.0,128.758
172.0,129.516
173.0,130.275
174.0,131.033
175.0,131.792
176.0,132.551
177.0,133.309
178.0,134.068
179.0,134.826
180.0,135.585
181.0,136.344
182.0,137.103
183.0,137.863
184.0,138.622
185.0,139.381
186.0,140.14
187.0,140.899
188.0,141.659
189.0,142.418
190.0,143.177
191.0,143.937
192.0,144.697
193.0,145.457
194.0,146.217
195.0,146.977
196.0,147.736
197.0,148.496
198.0,149.256
199.0,150.016
200.0,150.776
201.0,151.537
202.0,152.297
203.0,153.058
204.0,153.818
205.0,154.579
206.0,155.339
207.0,156.1
208.0,156.86
209.0,157.621
210.0,158.381
211.0,159.142
212.0,159.903
213.0,160.665
214.0,161.426
215.0,162.187
216.0,162.948
217.0,163.709
218.0,164.471
219.0,165.232
220.0,165.993
221.0,166.755
222.0,167.517
223.0,168.278
224.0,169.04
225.0,169.802
226.0,170.564
227.0,171.326
228.0,172.087
229.0,172.849
230.0,173.611
231.0,174.374
232.0,175.136
233.0,175.899
234.0,176.661
235.0,177.424
236.0,178.186
237.0,178.949
238.0,179.711
239.0,180.474
240.0,181.236
241.0,181.999
242.0,182.762
243.0,183.525
244.0,184.288
245.0,185.052
246.0,185.815
247.0,186.578
248.0,187.341
249.0,188.104
250.0,188.867
251.0,189.631
252.0,190.395
253.0,191.158
254.0,191.922
255.0,192.686
256.0,193.45
257.0,194.214
258.0,194.977
259.0,195.741
260.0,196.505
261.0,197.269
262.0,198.034
263.0,198.798
264.0,199.563
265.0,200.327
266.0,201.091
267.0,201.856
268.0,202.62
269.0,203.385
270.0,204.149
271.0,204.914
272.0,205.679
273.0,206.444
274.0,207.209
275.0,207.975
276.0,208.74
277.0,209.505
278.0,210.27
279.0,211.035
280.0,211.8
281.0,212.566
282.0,213.331
283.0,214.097
284.0,214.863
285.0,215.629
286.0,216.394
287.0,217.16
288.0,217.926
289.0,218.691
290.0,219.457
291.0,220.223
292.0,220.99
293.0,221.756
294.0,222.523
295.0,223.289
296.0,224.055
297.0,224.822
298.0,225.588
299.0,226.355
300.0,227.121
301.0,227.888
302.0,228.655
303.0,229.422
304.0,230.189
305.0,230.956
306.0,231.723
307.0,232.49
308.0,233.257
309.0,234.024
310.0,234.791
311.0,235.559
312.0,236.326
313.0,237.094
314.0,237.862
315.0,238.63
316.0,239.397
317.0,240.165
318.0,240.933
319.0,241.7
320.0,242.468
321.0,243.236
322.0,244.005
323.0,244.773
324.0,245.541
325.0,246.31
326.0,247.078
327.0,247.846
328.0,248.614
329.0,249.383
330.0,250.151
331.0,250.92
332.0,251.689
333.0,252.458
334.0,253.227
335.0,253.996
336.0,254.765
337.0,255.534
338.0,256.303
339.0,257.072
340.0,257.841
341.0,258.611
342.0,259.38
343.0,260.15
344.0,260.919
345.0,261.689
346.0,262.459
347.0,263.228
348.0,263.998
349.0,264.767
350.0,265.537
351.0,266.307
352.0,267.078
353.0,267.848
354.0,268.618
355.0,269.389
356.0,270.159
357.0,270.929
358.0,271.699
359.0,272.47
360.0,273.24
361.0,274.011
362.0,274.782
363.0,275.553
364.0,276.324
365.0,277.095
366.0,277.866
367.0,278.637
368.0,279.408
369.0,280.179
370.0,280.95
371.0,281.722
372.0,282.493
373.0,283.265
374.0,284.036
375.0,284.808
376.0,285.579
377.0,286.351
378.0,287.122
379.0,287.894
380.0,288.665
381.0,289.437
382.0,290.21
383.0,290.982
384.0,291.754
385.0,292.527
386.0,293.299
387.0,294.071
388.0,294.843
389.0,295.616
390.0,296.388
391.0,297.161
392.0,297.934
393.0,298.706
394.0,299.479
395.0,300.252
396.0,301.025
397.0,301.798
398.0,302.57
399.0,303.343
400.0,304.116
401.0,304.89
402.0,305.663
403.0,306.437
404.0,307.21
405.0,307.984
406.0,308.758
407.0,309.531
408.0,310.305
409.0,311.078
410.0,311.852
411.0,312.626
412.0,313.4
413.0,314.175
414.0,314.949
415.0,315.723
416.0,316.497
417.0,317.271
418.0,318.046
419.0,318.82
420.0,319.594
421.0,320.369
422.0,321.144
423.0,321.918
424.0,322.693
425.0,323.468
426.0,324.243
427.0,325.018
428.0,325.792
429.0,326.567
430.0,327.342
431.0,328.118
432.0,328.893
433.0,329.669
434.0,330.444
435.0,331.22
436.0,331.995
437.0,332.771
438.0,333.546
439.0,334.322
440.0,335.097
441.0,335.873
442.0,336.649
443.0,337.425
444.0,338.201
445.0,338.978
446.0,339.754
447.0,340.53
448.0,341.306
449.0,342.082
450.0,342.858
451.0,343.635
452.0,344.412
453.0,345.188
454.0,345.965
455.0,346.742
456.0,347.519
457.0,348.296
458.0,349.072
459.0,349.849
460.0,350.626
461.0,351.403
462.0,352.181
463.0,352.958
464.0,353.736
465.0,354.513
466.0,355.29
467.0,356.068
468.0,356.845
469.0,357.623
470.0,358.4
471.0,359.178
472.0,359.956
473.0,360.734
474.0,361.512
475.0,362.291
476.0,363.069
477.0,363.847
478.0,364.625
479.0,365.403
480.0,366.181
481.0,366.96
482.0,367.738
483.0,368.517
484.0,369.296
485.0,370.075
486.0,370.853
487.0,371.632
488.0,372.411
489.0,373.189
490.0,373.968
491.0,374.747
492.0,375.527
493.0,376.306
494.0,377.086
495.0,377.865
496.0,378.644
497.0,379.424
498.0,380.203
499.0,380.983
500.0,381.762
501.0,382.542
502.0,383.322
503.0,384.102
504.0,384.882
505.0,385.662
506.0,386.442
507.0,387.222
508.0,388.002
509.0,388.782
510.0,389.562
511.0,390.343
512.0,391.123
513.0,391.904
514.0,392.685
515.0,393.466
516.0,394.246
517.0,395.027
518.0,395.808
519.0,396.588
520.0,397.369
521.0,398.15
522.0,398.932
523.0,399.713
524.0,400.494
525.0,401.276
526.0,402.057
527.0,402.838
528.0,403.619
529.0,404.401
530.0,405.182
531.0,405.964
532.0,406.746
533.0,407.528
534.0,408.31
535.0,409.092
536.0,409.874
537.0,410.656
538.0,411.438
539.0,412.22
540.0,413.002
541.0,413.785
542.0,414.567
543.0,415.35
544.0,416.132
545.0,416.915
546.0,417.698
547.0,418.48
548.0,419.263
549.0,420.045
550.0,420.828
551.0,421.611
552.0,422.395
553.0,423.178
554.0,423.961
555.0,424.745
556.0,425.528
557.0,426.311
558.0,427.094
559.0,427.878
560.0,428.661
561.0,429.445
562.0,430.229
563.0,431.013
564.0,431.797
565.0,432.581
566.0,433.365
567.0,434.149
568.0,434.933
569.0,435.717
570.0,436.501
571.0,437.286
572.0,438.07
573.0,438.855
574.0,439.639
575.0,440.424
576.0,441.208
577.0,441.993
578.0,442.777
579.0,443.562
580.0,444.346
581.0,445.131
582.0,445.917
583.0,446.702
584.0,447.487
585.0,448.273
586.0,449.058
587.0,449.843
588.0,450.628
589.0,451.414
590.0,452.199
591.0,452.985
592.0,453.771
593.0,454.556
594.0,455.342
595.0,456.128
596.0,456.914
597.0,457.7
598.0,458.485
599.0,459.271
600.0,460.057
601.0,460.844
602.0,461.63
603.0,462.417
604.0,463.203
605.0,463.99
606.0,464.777
607.0,465.563
608.0,466.35
609.0,467.136
610.0,467.923
611.0,468.71
612.0,469.497
613.0,470.285
614.0,471.072
615.0,471.859
616.0,472.646
617.0,473.433
618.0,474.221
619.0,475.008
620.0,475.795
621.0,476.583
622.0,477.371
623.0,478.158
624.0,478.946
625.0,479.734
626.0,480.522
627.0,481.31
628.0,482.097
629.0,482.885
630.0,483.673
631.0,484.462
632.0,485.25
633.0,486.039
634.0,486.827
635.0,487.616
636.0,488.404
637.0,489.193
638.0,489.981
639.0,490.77
640.0,491.558
641.0,492.347
642.0,493.136
643.0,493.925
644.0,494.714
645.0,495.504
646.0,496.293
647.0,497.082
648.0,497.871
649.0,498.66
650.0,499.449
651.0,500.239
652.0,501.029
653.0,501.818
654.0,502.608
655.0,503.398
656.0,504.188
657.0,504.978
658.0,505.767
659.0,506.557
660.0,507.347
661.0,508.137
662.0,508.928
663.0,509.718
664.0,510.509
665.0,511.299
666.0,512.089
667.0,512.88
668.0,513.67
669.0,514.461
670.0,515.251
671.0,516.042
672.0,516.833
673.0,517.624
674.0,518.415
675.0,519.207
676.0,519.998
677.0,520.789
678.0,521.58
679.0,522.371
680.0,523.162
681.0,523.954
682.0,524.745
683.0,525.537
684.0,526.329
685.0,527.121
686.0,527.912
687.0,528.704
688.0,529.496
689.0,530.287
690.0,531.079
691.0,531.871
692.0,532.664
693.0,533.456
694.0,534.249
695.0,535.041
696.0,535.833
697.0,536.626
698.0,537.418
699.0,538.211
700.0,539.003
701.0,539.796
702.0,540.589
703.0,541.382
704.0,542.175
705.0,542.968
706.0,543.761
707.0,544.554
708.0,545.347
709.0,546.14
710.0,546.933
711.0,547.727
712.0,548.52
713.0,549.314
714.0,550.108
715.0,550.902
716.0,551.695
717.0,552.489
718.0,553.283
719.0,554.076
720.0,554.87
721.0,555.664
722.0,556.459
723.0,557.253
724.0,558.048
725.0,558.842
726.0,559.636
727.0,560.431
728.0,561.225
729.0,562.02
730.0,562.814
731.0,563.609
732.0,564.404
733.0,565.199
734.0,565.994
735.0,566.789
736.0,567.583
737.0,568.378
738.0,569.173
739.0,569.968
740.0,570.763
741.0,571.559
742.0,572.354
743.0,573.15
744.0,573.946
745.0,574.742
746.0,575.537
747.0,576.333
748.0,577.129
749.0,577.924
750.0,578.72
751.0,579.516
752.0,580.313
753.0,581.109
754.0,581.905
755.0,582.702
756.0,583.498
757.0,584.294
758.0,585.09
759.0,585.887
760.0,586.683
761.0,587.48
762.0,588.277
763.0,589.074
764.0,589.871
765.0,590.668
766.0,591.464
767.0,592.261
768.0,593.058
769.0,593.855
770.0,594.652
771.0,595.45
772.0,596.247
773.0,597.045
774.0,597.842
775.0,598.64
776.0,599.438
777.0,600.235
778.0,601.033
779.0,601.83
780.0,602.628
781.0,603.426
782.0,604.224
783.0,605.023
784.0,605.821
785.0,606.619
786.0,607.417
787.0,608.215
788.0,609.014
789.0,609.812
790.0,610.61
791.0,611.409
792.0,612.208
793.0,613.007
794.0,613.806
795.0,614.605
796.0,615.403
797.0,616.202
798.0,617.001
799.0,617.8
800.0,618.599
801.0,619.399
802.0,620.198
803.0,620.998
804.0,621.797
805.0,622.597
806.0,623.396
807.0,624.196
808.0,624.995
809.0,625.795
810.0,626.594
811.0,627.394
812.0,628.194
813.0,628.995
814.0,629.795
815.0,630.595
816.0,631.395
817.0,632.195
818.0,632.996
819.0,633.796
820.0,634.596
821.0,635.397
822.0,636.198
823.0,636.998
824.0,637.799
825.0,638.6
826.0,639.401
827.0,640.202
828.0,641.002
829.0,641.803
830.0,642.604
831.0,643.406
832.0,644.207
833.0,645.009
834.0,645.81
835.0,646.612
836.0,647.413
837.0,648.215
838.0,649.016
839.0,649.818
840.0,650.619
841.0,651.421
842.0,652.223
843.0,653.025
844.0,653.827
845.0,654.63
846.0,655.432
847.0,656.234
848.0,657.036
849.0,657.838
850.0,658.64
851.0,659.443
852.0,660.246
853.0,661.048
854.0,661.851
855.0,662.654
856.0,663.457
857.0,664.26
858.0,665.062
859.0,665.865
860.0,666.668
861.0,667.472
862.0,668.275
863.0,669.079
864.0,669.882
865.0,670.686
866.0,671.489
867.0,672.293
868.0,673.096
869.0,673.9
870.0,674.703
871.0,675.507
872.0,676.311
873.0,677.115
874.0,677.919
875.0,678.723
876.0,679.527
877.0,680.331
878.0,681.135
879.0,681.939
880.0,682.743
881.0,683.548
882.0,684.353
883.0,685.157
884.0,685.962
885.0,686.767
886.0,687.572
887.0,688.377
888.0,689.181
889.0,689.986
890.0,690.791
891.0,691.596
892.0,692.402
893.0,693.207
894.0,694.013
895.0,694.818
896.0,695.623
897.0,696.429
898.0,697.234
899.0,698.04
900.0,698.845
901.0,699.651
902.0,700.457
903.0,701.263
904.0,702.069
905.0,702.875
906.0,703.681
907.0,704.487
908.0,705.293
909.0,706.099
910.0,706.905
911.0,707.712
912.0,708.518
913.0,709.325
914.0,710.132
915.0,710.939
916.0,711.745
917.0,712.552
918.0,713.359
919.0,714.165
920.0,714.972
921.0,715.779
922.0,716.587
923.0,717.394
924.0,718.201
925.0,719.009
926.0,719.816
927.0,720.623
928.0,721.43
929.0,722.238
930.0,723.045
931.0,723.853
932.0,724.661
933.0,725.469
934.0,726.277
935.0,727.085
936.0,727.893
937.0,728.701
938.0,729.509
939.0,730.317
940.0,731.125
941.0,731.934
942.0,732.742
943.0,733.551
944.0,734.359
945.0,735.168
946.0,735.977
947.0,736.785
948.0,737.594
949.0,738.402
950.0,739.211
951.0,740.02
952.0,740.83
953.0,741.639
954.0,742.448
955.0,743.258
956.0,744.067
957.0,744.876
958.0,745.685
959.0,746.495
960.0,747.304
961.0,748.114
962.0,748.924
963.0,749.734
964.0,750.544
965.0,751.354
966.0,752.164
967.0,752.974
968.0,753.784
969.0,754.594
970.0,755.404
971.0,756.215
972.0,757.025
973.0,757.836
974.0,758.647
975.0,759.458
976.0,760.268
977.0,761.079
978.0,761.89
979.0,762.7
980.0,763.511
981.0,764.322
982.0,765.134
983.0,765.945
984.0,766.757
985.0,767.568
986.0,768.379
987.0,769.191
988.0,770.002
989.0,770.814
990.0,771.625
991.0,772.437
992.0,773.249
993.0,774.061
994.0,774.873
995.0,775.685
996.0,776.496
997.0,777.308
998.0,778.12
999.0,778.932
1000.0,779.744
1001.0,780.557
1002.0,781.369
1003.0,782.182
1004.0,782.995
1005.0,783.808
1006.0,784.62
1007.0,785.433
1008.0,786.246
1009.0,787.058
1010.0,787.871
1011.0,788.684
1012.0,789.498
1013.0,790.311
1014.0,791.124
1015.0,791.938
1016.0,792.751
1017.0,793.564
1018.0,794.377
1019.0,795.191
1020.0,796.004
1021.0,796.818
1022.0,797.632
1023.0,798.446
1024.0,799.26
1025.0,800.074
1026.0,800.887
1027.0,801.701
1028.0,802.515
1029.0,803.329
1030.0,804.143
1031.0,804.958
1032.0,805.772
1033.0,806.587
1034.0,807.401
1035.0,808.216
1036.0,809.03
1037.0,809.845
1038.0,810.659
1039.0,811.474
1040.0,812.288
1041.0,813.103
1042.0,813.918
1043.0,814.734
1044.0,815.549
1045.0,816.364
1046.0,817.179
1047.0,817.994
1048.0,818.81
1049.0,819.625
1050.0,820.44
1051.0,821.256
1052.0,822.072
1053.0,822.888
1054.0,823.704
1055.0,824.52
1056.0,825.335
1057.0,826.151
1058.0,826.967
1059.0,827.783
1060.0,828.599
1061.0,829.416
1062.0,830.232
1063.0,831.049
1064.0,831.865
1065.0,832.682
1066.0,833.498
1067.0,834.315
1068.0,835.131
1069.0,835.948
1070.0,836.764
1071.0,837.581
1072.0,838.398
1073.0,839.216
1074.0,840.033
1075.0,840.85
1076.0,841.667
1077.0,842.484
1078.0,843.302
1079.0,844.119
1080.0,844.936
1081.0,845.754
1082.0,846.572
1083.0,847.389
1084.0,848.207
1085.0,849.025
1086.0,849.843
1087.0,850.661
1088.0,851.478
1089.0,852.296
1090.0,853.114
1091.0,853.933
1092.0,854.751
1093.0,855.57
1094.0,856.388
1095.0,857.207
1096.0,858.025
1097.0,858.844
1098.0,859.662
1099.0,860.481
1100.0,861.299
1101.0,862.118
1102.0,862.937
1103.0,863.756
1104.0,864.575
1105.0,865.395
1106.0,866.214
1107.0,867.033
1108.0,867.852
1109.0,868.671
1110.0,869.49
1111.0,870.31
1112.0,871.13
1113.0,871.949
1114.0,872.769
1115.0,873.589
1116.0,874.409
1117.0,875.229
1118.0,876.048
1119.0,876.868
1120.0,877.688
1121.0,878.508
1122.0,879.329
1123.0,880.149
1124.0,880.97
1125.0,881.79
1126.0,882.61
1127.0,883.431
1128.0,884.251
1129.0,885.072
1130.0,885.892
1131.0,886.713
1132.0,887.534
1133.0,888.355
1134.0,889.176
1135.0,889.997
1136.0,890.818
1137.0,891.639
1138.0,892.46
1139.0,893.281
1140.0,894.102
1141.0,894.924
1142.0,895.746
1143.0,896.567
1144.0,897.389
1145.0,898.211
1146.0,899.033
1147.0,899.855
1148.0,900.676
1149.0,901.498
1150.0,902.32
1151.0,903.142
1152.0,903.965
1153.0,904.787
1154.0,905.609
1155.0,906.432
1156.0,907.254
1157.0,908.076
1158.0,908.898
1159.0,909.721
1160.0,910.543
1161.0,911.366
1162.0,912.189
1163.0,913.012
1164.0,913.835
1165.0,914.659
1166.0,915.482
1167.0,916.305
1168.0,917.128
1169.0,917.951
1170.0,918.774
1171.0,919.598
1172.0,920.421
1173.0,921.245
1174.0,922.068
1175.0,922.892
1176.0,923.716
1177.0,924.539
1178.0,925.363
1179.0,926.186
1180.0,927.01
1181.0,927.834
1182.0,928.659
1183.0,929.483
1184.0,930.307
1185.0,931.132
1186.0,931.956
1187.0,932.78
1188.0,933.604
1189.0,934.429
1190.0,935.253
1191.0,936.078
1192.0,936.903
1193.0,937.728
1194.0,938.553
1195.0,939.378
1196.0,940.203
1197.0,941.028
1198.0,941.853
1199.0,942.678
1200.0,943.503
1201.0,944.329
1202.0,945.154
1203.0,945.98
1204.0,946.805
1205.0,947.631
1206.0,948.457
1207.0,949.282
1208.0,950.108
1209.0,950.933
1210.0,951.759
1211.0,952.585
1212.0,953.412
1213.0,954.238
1214.0,955.064
1215.0,955.891
1216.0,956.717
1217.0,957.543
1218.0,958.369
1219.0,959.196
1220.0,960.022
1221.0,960.849
1222.0,961.676
1223.0,962.503
1224.0,963.33
1225.0,964.157
1226.0,964.983
1227.0,965.81
1228.0,966.637
1229.0,967.464
1230.0,968.291
1231.0,969.119
1232.0,969.946
1233.0,970.774
1234.0,971.601
1235.0,972.429
1236.0,973.257
1237.0,974.084
1238.0,974.912
1239.0,975.739
1240.0,976.567
1241.0,977.395
1242.0,978.223
1243.0,979.052
1244.0,979.88
1245.0,980.708
1246.0,981.536
1247.0,982.364
1248.0,983.193
1249.0,984.021
1250.0,984.849
1251.0,985.678
1252.0,986.507
1253.0,987.335
1254.0,988.164
1255.0,988.993
1256.0,989.822
1257.0,990.651
1258.0,991.479
1259.0,992.308
1260.0,993.137
1261.0,993.967
1262.0,994.796
1263.0,995.626
1264.0,996.455
1265.0,997.285
1266.0,998.115
1267.0,998.944
1268.0,999.774
1269.0,1000.603
1270.0,1001.433
1271.0,1002.263
1272.0,1003.093
1273.0,1003.923
1274.0,1004.753
1275.0,1005.584
1276.0,1006.414
1277.0,1007.244
1278.0,1008.074
1279.0,1008.904
1280.0,1009.734
1281.0,1010.565
1282.0,1011.396
1283.0,1012.227
1284.0,1013.058
1285.0,1013.889
1286.0,1014.719
1287.0,1015.55
1288.0,1016.381
1289.0,1017.212
1290.0,1018.043
1291.0,1018.874
1292.0,1019.706
1293.0,1020.537
1294.0,1021.369
1295.0,1022.2
1296.0,1023.031
1297.0,1023.863
1298.0,1024.694
1299.0,1025.526
1300.0,1026.357
1301.0,1027.189
1302.0,1028.021
1303.0,1028.853
1304.0,1029.685
1305.0,1030.518
1306.0,1031.35
1307.0,1032.182
1308.0,1033.014
1309.0,1033.846
1310.0,1034.678
1311.0,1035.511
1312.0,1036.344
1313.0,1037.176
1314.0,1038.009
1315.0,1038.842
1316.0,1039.675
1317.0,1040.508
1318.0,1041.34
1319.0,1042.173
1320.0,1043.006
1321.0,1043.839
1322.0,1044.673
1323.0,1045.506
1324.0,1046.34
1325.0,1047.173
1326.0,1048.006
1327.0,1048.84
1328.0,1049.673
1329.0,1050.507
1330.0,1051.34
1331.0,1052.174
1332.0,1053.008
1333.0,1053.842
1334.0,1054.676
1335.0,1055.511
1336.0,1056.345
1337.0,1057.179
1338.0,1058.013
1339.0,1058.847
1340.0,1059.681
1341.0,1060.516
1342.0,1061.35
1343.0,1062.185
1344.0,1063.02
1345.0,1063.855
1346.0,1064.689
1347.0,1065.524
1348.0,1066.359
1349.0,1067.193
1350.0,1068.028
1351.0,1068.863
1352.0,1069.699
1353.0,1070.534
1354.0,1071.37
1355.0,1072.205
1356.0,1073.04
1357.0,1073.876
1358.0,1074.711
1359.0,1075.547
1360.0,1076.382
1361.0,1077.218
1362.0,1078.054
1363.0,1078.89
1364.0,1079.726
1365.0,1080.562
1366.0,1081.398
1367.0,1082.234
1368.0,1083.07
1369.0,1083.906
1370.0,1084.742
1371.0,1085.579
1372.0,1086.415
1373.0,1087.252
1374.0,1088.089
1375.0,1088.926
1376.0,1089.762
1377.0,1090.599
1378.0,1091.436
1379.0,1092.272
1380.0,1093.109
1381.0,1093.946
1382.0,1094.784
1383.0,1095.621
1384.0,1096.458
1385.0,1097.296
1386.0,1098.133
1387.0,1098.97
1388.0,1099.807
1389.0,1100.645
1390.0,1101.482
1391.0,1102.32
1392.0,1103.158
1393.0,1103.996
1394.0,1104.834
1395.0,1105.672
1396.0,1106.51
1397.0,1107.348
1398.0,1108.186
1399.0,1109.024
1400.0,1109.862
1401.0,1110.701
1402.0,1111.539
1403.0,1112.378
1404.0,1113.216
1405.0,1114.055
1406.0,1114.894
1407.0,1115.732
1408.0,1116.571
1409.0,1117.409
1410.0,1118.248
1411.0,1119.087
1412.0,1119.926
1413.0,1120.766
1414.0,1121.605
1415.0,1122.444
1416.0,1123.283
1417.0,1124.122
1418.0,1124.962
1419.0,1125.801
1420.0,1126.64
1421.0,1127.48
1422.0,1128.32
1423.0,1129.16
1424.0,1130.0
1425.0,1130.84
1426.0,1131.679
1427.0,1132.519
1428.0,1133.359
1429.0,1134.199
1430.0,1135.039
1431.0,1135.88
1432.0,1136.72
1433.0,1137.561
1434.0,1138.401
1435.0,1139.242
1436.0,1140.083
1437.0,1140.923
1438.0,1141.764
1439.0,1142.604
1440.0,1143.445
1441.0,1144.286
1442.0,1145.127
1443.0,1145.969
1444.0,1146.81
1445.0,1147.651
1446.0,1148.492
1447.0,1149.333
1448.0,1150.175
1449.0,1151.016
1450.0,1151.857
1451.0,1152.699
1452.0,1153.541
1453.0,1154.383
1454.0,1155.225
1455.0,1156.067
1456.0,1156.908
1457.0,1157.75
1458.0,1158.592
1459.0,1159.434
1460.0,1160.276
1461.0,1161.119
1462.0,1161.961
1463.0,1162.804
1464.0,1163.646
1465.0,1164.489
1466.0,1165.331
1467.0,1166.174
1468.0,1167.016
1469.0,1167.859
1470.0,1168.701
1471.0,1169.544
1472.0,1170.387
1473.0,1171.231
1474.0,1172.074
1475.0,1172.917
1476.0,1173.76
1477.0,1174.603
1478.0,1175.447
1479.0,1176.29
1480.0,1177.133
1481.0,1177.977
1482.0,1178.821
1483.0,1179.664
1484.0,1180.508
1485.0,1181.352
1486.0,1182.196
1487.0,1183.04
1488.0,1183.883
1489.0,1184.727
1490.0,1185.571
1491.0,1186.416
1492.0,1187.26
1493.0,1188.105
1494.0,1188.949
1495.0,1189.794
1496.0,1190.638
1497.0,1191.483
1498.0,1192.327
1499.0,1193.172
1500.0,1194.016
1501.0,1194.861
1502.0,1195.706
1503.0,1196.551
1504.0,1197.396
1505.0,1198.242
1506.0,1199.087
1507.0,1199.932
1508.0,1200.777
1509.0,1201.622
1510.0,1202.467
1511.0,1203.313
1512.0,1204.158
1513.0,1205.004
1514.0,1205.85
1515.0,1206.696
1516.0,1207.541
1517.0,1208.387
1518.0,1209.233
1519.0,1210.078
1520.0,1210.924
1521.0,1211.771
1522.0,1212.617
1523.0,1213.464
1524.0,1214.31
1525.0,1215.157
1526.0,1216.003
1527.0,1216.85
1528.0,1217.696
1529.0,1218.543
1530.0,1219.389
1531.0,1220.236
1532.0,1221.083
1533.0,1221.93
1534.0,1222.777
1535.0,1223.624
1536.0,1224.471
1537.0,1225.318
1538.0,1226.165
1539.0,1227.012
1540.0,1227.859
1541.0,1228.707
1542.0,1229.555
1543.0,1230.402
1544.0,1231.25
1545.0,1232.098
1546.0,1232.946
1547.0,1233.794
1548.0,1234.641
1549.0,1235.489
1550.0,1236.337
1551.0,1237.185
1552.0,1238.034
1553.0,1238.882
1554.0,1239.73
1555.0,1240.579
1556.0,1241.427
1557.0,1242.275
1558.0,1243.123
1559.0,1243.972
1560.0,1244.82
1561.0,1245.669
1562.0,1246.518
1563.0,1247.367
1564.0,1248.216
1565.0,1249.066
1566.0,1249.915
1567.0,1250.764
1568.0,1251.613
1569.0,1252.462
1570.0,1253.311
1571.0,1254.161
1572.0,1255.01
1573.0,1255.86
1574.0,1256.709
1575.0,1257.559
1576.0,1258.409
1577.0,1259.258
1578.0,1260.108
1579.0,1260.957
1580.0,1261.807
1581.0,1262.657
1582.0,1263.508
1583.0,1264.358
1584.0,1265.209
1585.0,1266.059
1586.0,1266.909
1587.0,1267.76
1588.0,1268.61
1589.0,1269.461
1590.0,1270.311
1591.0,1271.162
1592.0,1272.013
1593.0,1272.864
1594.0,1273.715
1595.0,1274.566
1596.0,1275.416
1597.0,1276.267
1598.0,1277.118
1599.0,1277.969
1600.0,1278.82
1601.0,1279.672
1602.0,1280.523
1603.0,1281.375
1604.0,1282.226
1605.0,1283.078
1606.0,1283.93
1607.0,1284.781
1608.0,1285.633
1609.0,1286.484
1610.0,1287.336
1611.0,1288.188
1612.0,1289.041
1613.0,1289.893
1614.0,1290.745
1615.0,1291.598
1616.0,1292.45
1617.0,1293.302
1618.0,1294.154
1619.0,1295.007
1620.0,1295.859
1621.0,1296.712
1622.0,1297.565
1623.0,1298.418
1624.0,1299.271
1625.0,1300.124
1626.0,1300.976
1627.0,1301.829
1628.0,1302.682
1629.0,1303.535
1630.0,1304.388
1631.0,1305.242
1632.0,1306.095
1633.0,1306.949
1634.0,1307.802
1635.0,1308.656
1636.0,1309.51
1637.0,1310.363
1638.0,1311.217
1639.0,1312.07
1640.0,1312.924
1641.0,1313.778
1642.0,1314.632
1643.0,1315.487
1644.0,1316.341
1645.0,1317.195
1646.0,1318.049
1647.0,1318.903
1648.0,1319.758
1649.0,1320.612
1650.0,1321.466
1651.0,1322.321
1652.0,1323.176
1653.0,1324.031
1654.0,1324.886
1655.0,1325.741
1656.0,1326.595
1657.0,1327.45
1658.0,1328.305
1659.0,1329.16
1660.0,1330.015
1661.0,1330.871
1662.0,1331.726
1663.0,1332.582
1664.0,1333.437
1665.0,1334.293
1666.0,1335.148
1667.0,1336.004
1668.0,1336.859
1669.0,1337.715
1670.0,1338.57
1671.0,1339.426
1672.0,1340.282
1673.0,1341.139
1674.0,1341.995
1675.0,1342.851
1676.0,1343.707
1677.0,1344.563
1678.0,1345.42
1679.0,1346.276
1680.0,1347.132
1681.0,1347.989
1682.0,1348.846
1683.0,1349.702
1684.0,1350.559
1685.0,1351.416
1686.0,1352.273
1687.0,1353.13
1688.0,1353.986
1689.0,1354.843
1690.0,1355.7
1691.0,1356.558
1692.0,1357.415
1693.0,1358.273
1694.0,1359.13
1695.0,1359.988
1696.0,1360.845
1697.0,1361.703
1698.0,1362.56
1699.0,1363.418
1700.0,1364.275
1701.0,1365.133
1702.0,1365.991
1703.0,1366.849
1704.0,1367.707
1705.0,1368.566
1706.0,1369.424
1707.0,1370.282
1708.0,1371.14
1709.0,1371.998
1710.0,1372.856
1711.0,1373.715
1712.0,1374.574
1713.0,1375.432
1714.0,1376.291
1715.0,1377.15
1716.0,1378.009
1717.0,1378.868
1718.0,1379.726
1719.0,1380.585
1720.0,1381.444
1721.0,1382.303
1722.0,1383.163
1723.0,1384.022
1724.0,1384.882
1725.0,1385.741
1726.0,1386.6
1727.0,1387.46
1728.0,1388.319
1729.0,1389.179
1730.0,1390.038
1731.0,1390.898
1732.0,1391.758
1733.0,1392.618
1734.0,1393.478
1735.0,1394.338
1736.0,1395.198
1737.0,1396.058
1738.0,1396.918
1739.0,1397.778
1740.0,1398.638
1741.0,1399.499
1742.0,1400.36
1743.0,1401.22
1744.0,1402.081
1745.0,1402.942
1746.0,1403.803
1747.0,1404.664
1748.0,1405.524
1749.0,1406.385
1750.0,1407.246
1751.0,1408.107
1752.0,1408.969
1753.0,1409.83
1754.0,1410.691
1755.0,1411.553
1756.0,1412.414
1757.0,1413.275
1758.0,1414.136
1759.0,1414.998
1760.0,1415.859
1761.0,1416.721
1762.0,1417.583
1763.0,1418.445
1764.0,1419.307
1765.0,1420.169
1766.0,1421.031
1767.0,1421.893
1768.0,1422.755
1769.0,1423.617
1770.0,1424.479
1771.0,1425.342
1772.0,1426.204
1773.0,1427.067
1774.0,1427.93
1775.0,1428.793
1776.0,1429.655
1777.0,1430.518
1778.0,1431.381
1779.0,1432.243
1780.0,1433.106
1781.0,1433.969
1782.0,1434.833
1783.0,1435.696
1784.0,1436.559
1785.0,1437.423
1786.0,1438.286
1787.0,1439.149
1788.0,1440.012
1789.0,1440.876
1790.0,1441.739
1791.0,1442.603
1792.0,1443.467
1793.0,1444.331
1794.0,1445.195
1795.0,1446.059
1796.0,1446.923
1797.0,1447.787
1798.0,1448.651
1799.0,1449.515
1800.0,1450.379
1801.0,1451.244
1802.0,1452.108
1803.0,1452.973
1804.0,1453.837
1805.0,1454.702
1806.0,1455.567
1807.0,1456.431
1808.0,1457.296
1809.0,1458.16
1810.0,1459.025
1811.0,1459.89
1812.0,1460.756
1813.0,1461.621
1814.0,1462.486
1815.0,1463.352
1816.0,1464.217
1817.0,1465.082
1818.0,1465.947
1819.0,1466.813
1820.0,1467.678
1821.0,1468.544
1822.0,1469.41
1823.0,1470.276
1824.0,1471.142
1825.0,1472.008
1826.0,1472.873
1827.0,1473.739
1828.0,1474.605
1829.0,1475.471
1830.0,1476.337
1831.0,1477.204
1832.0,1478.07
1833.0,1478.937
1834.0,1479.803
1835.0,1480.67
1836.0,1481.537
1837.0,1482.403
1838.0,1483.27
1839.0,1484.136
1840.0,1485.003
1841.0,1485.87
1842.0,1486.737
1843.0,1487.605
1844.0,1488.472
1845.0,1489.339
1846.0,1490.206
1847.0,1491.073
1848.0,1491.941
1849.0,1492.808
1850.0,1493.675
1851.0,1494.543
1852.0,1495.411
1853.0,1496.279
1854.0,1497.147
1855.0,1498.015
1856.0,1498.882
1857.0,1499.75
1858.0,1500.618
1859.0,1501.486
1860.0,1502.354
1861.0,1503.223
1862.0,1504.091
1863.0,1504.96
1864.0,1505.828
1865.0,1506.697
1866.0,1507.565
1867.0,1508.434
1868.0,1509.302
1869.0,1510.171
1870.0,1511.039
1871.0,1511.908
1872.0,1512.777
1873.0,1513.647
1874.0,1514.516
1875.0,1515.385
1876.0,1516.254
1877.0,1517.123
1878.0,1517.993
1879.0,1518.862
1880.0,1519.731
1881.0,1520.601
1882.0,1521.471
1883.0,1522.34
1884.0,1523.21
1885.0,1524.08
1886.0,1524.95
1887.0,1525.82
1888.0,1526.689
1889.0,1527.559
1890.0,1528.429
1891.0,1529.3
1892.0,1530.17
1893.0,1531.041
1894.0,1531.911
1895.0,1532.782
1896.0,1533.652
1897.0,1534.523
1898.0,1535.393
1899.0,1536.264
1900.0,1537.134
1901.0,1538.005
1902.0,1538.876
1903.0,1539.747
1904.0,1540.618
1905.0,1541.49
1906.0,1542.361
1907.0,1543.232
1908.0,1544.103
1909.0,1544.974
1910.0,1545.845
1911.0,1546.717
1912.0,1547.589
1913.0,1548.46
1914.0,1549.332
1915.0,1550.204
1916.0,1551.076
1917.0,1551.948
1918.0,1552.819
1919.0,1553.691
1920.0,1554.563
1921.0,1555.435
1922.0,1556.308
1923.0,1557.18
1924.0,1558.053
1925.0,1558.925
1926.0,1559.797
1927.0,1560.67
1928.0,1561.542
1929.0,1562.415
1930.0,1563.287
1931.0,1564.16
1932.0,1565.033
1933.0,1565.906
1934.0,1566.779
1935.0,1567.653
1936.0,1568.526
1937.0,1569.399
1938.0,1570.272
1939.0,1571.145
1940.0,1572.018
1941.0,1572.892
1942.0,1573.765
1943.0,1574.639
1944.0,1575.513
1945.0,1576.387
1946.0,1577.26
1947.0,1578.134
1948.0,1579.008
1949.0,1579.881
1950.0,1580.755
1951.0,1581.629
1952.0,1582.504
1953.0,1583.378
1954.0,1584.253
1955.0,1585.127
1956.0,1586.001
1957.0,1586.876
1958.0,1587.75
1959.0,1588.625
1960.0,1589.499
1961.0,1590.374
1962.0,1591.249
1963.0,1592.124
1964.0,1592.999
1965.0,1593.874
1966.0,1594.749
1967.0,1595.624
1968.0,1596.499
1969.0,1597.374
1970.0,1598.249
1971.0,1599.125
1972.0,1600.0
1973.0,1600.876
1974.0,1601.751
1975.0,1602.627
1976.0,1603.503
1977.0,1604.378
1978.0,1605.254
1979.0,1606.129
1980.0,1607.005
1981.0,1607.881
1982.0,1608.758
1983.0,1609.634
1984.0,1610.51
1985.0,1611.387
1986.0,1612.263
1987.0,1613.139
1988.0,1614.015
1989.0,1614.892
1990.0,1615.768
1991.0,1616.645
1992.0,1617.522
1993.0,1618.399
1994.0,1619.276
1995.0,1620.153
1996.0,1621.03
1997.0,1621.907
1998.0,1622.784
1999.0,1623.661
2000.0,1624.538
2001.0,1625.416
2002.0,1626.293
2003.0,1627.171
2004.0,1628.048
2005.0,1628.926
2006.0,1629.804
2007.0,1630.681
2008.0,1631.559
2009.0,1632.436
2010.0,1633.314
2011.0,1634.192
2012.0,1635.071
2013.0,1635.949
2014.0,1636.827
2015.0,1637.706
2016.0,1638.584
2017.0,1639.462
2018.0,1640.34
2019.0,1641.219
2020.0,1642.097
2021.0,1642.976
2022.0,1643.855
2023.0,1644.733
2024.0,1645.612
2025.0,1646.491
2026.0,1647.37
2027.0,1648.249
2028.0,1649.127
2029.0,1650.006
2030.0,1650.885
2031.0,1651.765
2032.0,1652.644
2033.0,1653.524
2034.0,1654.403
2035.0,1655.283
2036.0,1656.163
2037.0,1657.042
2038.0,1657.922
2039.0,1658.801
2040.0,1659.681
2041.0,1660.561
2042.0,1661.441
2043.0,1662.322
2044.0,1663.202
2045.0,1664.082
2046.0,1664.962
2047.0,1665.842
2048.0,1666.723
2049.0,1667.603
2050.0,1668.483
2051.0,1669.364
2052.0,1670.245
2053.0,1671.126
2054.0,1672.007
2055.0,1672.888
2056.0,1673.768
2057.0,1674.649
2058.0,1675.53
2059.0,1676.411
2060.0,1677.292
2061.0,1678.174
2062.0,1679.055
2063.0,1679.937
2064.0,1680.818
2065.0,1681.7
2066.0,1682.581
2067.0,1683.463
2068.0,1684.344
2069.0,1685.226
2070.0,1686.107
2071.0,1686.989
2072.0,1687.871
2073.0,1688.754
2074.0,1689.636
2075.0,1690.518
2076.0,1691.4
2077.0,1692.282
2078.0,1693.165
2079.0,1694.047
2080.0,1694.929
2081.0,1695.812
2082.0,1696.695
2083.0,1697.577
2084.0,1698.46
2085.0,1699.343
2086.0,1700.226
2087.0,1701.109
2088.0,1701.991
2089.0,1702.874
2090.0,1703.757
2091.0,1704.64
2092.0,1705.524
2093.0,1706.407
2094.0,1707.291
2095.0,1708.174
2096.0,1709.057
2097.0,1709.941
2098.0,1710.824
2099.0,1711.708
2100.0,1712.591
2101.0,1713.475
2102.0,1714.359
2103.0,1715.243
2104.0,1716.127
2105.0,1717.012
2106.0,1717.896
2107.0,1718.78
2108.0,1719.664
2109.0,1720.548
2110.0,1721.432
2111.0,1722.317
2112.0,1723.202
2113.0,1724.086
2114.0,1724.971
2115.0,1725.856
2116.0,1726.741
2117.0,1727.626
2118.0,1728.51
2119.0,1729.395
2120.0,1730.28
2121.0,1731.165
2122.0,1732.051
2123.0,1732.936
2124.0,1733.822
2125.0,1734.707
2126.0,1735.592
2127.0,1736.478
2128.0,1737.363
2129.0,1738.249
2130.0,1739.134
2131.0,1740.02
2132.0,1740.906
2133.0,1741.792
2134.0,1742.678
2135.0,1743.564
2136.0,1744.45
2137.0,1745.336
2138.0,1746.222
2139.0,1747.108
2140.0,1747.994
2141.0,1748.881
2142.0,1749.768
2143.0,1750.654
2144.0,1751.541
2145.0,1752.428
2146.0,1753.315
2147.0,1754.202
2148.0,1755.088
2149.0,1755.975
2150.0,1756.862
2151.0,1757.749
2152.0,1758.637
2153.0,1759.524
2154.0,1760.411
2155.0,1761.299
2156.0,1762.186
2157.0,1763.073
2158.0,1763.96
2159.0,1764.848
2160.0,1765.735
2161.0,1766.623
2162.0,1767.511
2163.0,1768.399
2164.0,1769.287
2165.0,1770.175
2166.0,1771.063
2167.0,1771.951
2168.0,1772.839
2169.0,1773.727
2170.0,1774.615
2171.0,1775.504
2172.0,1776.392
2173.0,1777.281
2174.0,1778.17
2175.0,1779.059
2176.0,1779.947
2177.0,1780.836
2178.0,1781.725
2179.0,1782.613
2180.0,1783.502
2181.0,1784.391
2182.0,1785.281
2183.0,1786.17
2184.0,1787.059
2185.0,1787.949
2186.0,1788.838
2187.0,1789.727
2188.0,1790.616
2189.0,1791.506
2190.0,1792.395
2191.0,1793.285
2192.0,1794.175
2193.0,1795.065
2194.0,1795.955
2195.0,1796.845
2196.0,1797.734
2197.0,1798.624
2198.0,1799.514
2199.0,1800.404
2200.0,1801.294
2201.0,1802.185
2202.0,1803.075
2203.0,1803.966
2204.0,1804.857
2205.0,1805.748
2206.0,1806.638
2207.0,1807.529
2208.0,1808.42
2209.0,1809.31
2210.0,1810.201
2211.0,1811.092
2212.0,1811.983
2213.0,1812.875
2214.0,1813.766
2215.0,1814.657
2216.0,1815.548
2217.0,1816.439
2218.0,1817.331
2219.0,1818.222
2220.0,1819.113
2221.0,1820.005
2222.0,1820.897
2223.0,1821.789
2224.0,1822.681
2225.0,1823.573
2226.0,1824.464
2227.0,1825.356
2228.0,1826.248
2229.0,1827.14
2230.0,1828.032
2231.0,1828.925
2232.0,1829.817
2233.0,1830.71
2234.0,1831.602
2235.0,1832.495
2236.0,1833.388
2237.0,1834.28
2238.0,1835.173
2239.0,1836.065
2240.0,1836.958
2241.0,1837.851
2242.0,1838.744
2243.0,1839.638
2244.0,1840.531
2245.0,1841.424
2246.0,1842.317
2247.0,1843.21
2248.0,1844.104
2249.0,1844.997
2250.0,1845.89
2251.0,1846.784
2252.0,1847.678
2253.0,1848.572
2254.0,1849.466
2255.0,1850.36
2256.0,1851.253
2257.0,1852.147
2258.0,1853.041
2259.0,1853.935
2260.0,1854.829
2261.0,1855.724
2262.0,1856.618
2263.0,1857.513
2264.0,1858.407
2265.0,1859.302
2266.0,1860.196
2267.0,1861.091
2268.0,1861.985
2269.0,1862.88
2270.0,1863.774
2271.0,1864.669
2272.0,1865.564
2273.0,1866.459
2274.0,1867.354
2275.0,1868.25
2276.0,1869.145
2277.0,1870.04
2278.0,1870.935
2279.0,1871.83
2280.0,1872.725
2281.0,1873.621
2282.0,1874.517
2283.0,1875.412
2284.0,1876.308
2285.0,1877.204
2286.0,1878.1
2287.0,1878.996
2288.0,1879.891
2289.0,1880.787
2290.0,1881.683
2291.0,1882.58
2292.0,1883.476
2293.0,1884.373
2294.0,1885.269
2295.0,1886.166
2296.0,1887.062
2297.0,1887.959
2298.0,1888.855
2299.0,1889.752
2300.0,1890.648
2301.0,1891.545
2302.0,1892.442
2303.0,1893.339
2304.0,1894.236
2305.0,1895.134
2306.0,1896.031
2307.0,1896.928
2308.0,1897.825
2309.0,1898.722
2310.0,1899.619
2311.0,1900.517
2312.0,1901.415
2313.0,1902.312
2314.0,1903.21
2315.0,1904.108
2316.0,1905.006
2317.0,1905.904
2318.0,1906.801
2319.0,1907.699
2320.0,1908.597
2321.0,1909.495
2322.0,1910.394
2323.0,1911.292
2324.0,1912.191
2325.0,1913.089
2326.0,1913.987
2327.0,1914.886
2328.0,1915.784
2329.0,1916.683
2330.0,1917.581
2331.0,1918.48
2332.0,1919.379
2333.0,1920.278
2334.0,1921.177
2335.0,1922.077
2336.0,1922.976
2337.0,1923.875
2338.0,1924.774
2339.0,1925.673
2340.0,1926.572
2341.0,1927.472
2342.0,1928.371
2343.0,1929.271
2344.0,1930.17
2345.0,1931.07
2346.0,1931.97
2347.0,1932.869
2348.0,1933.769
2349.0,1934.668
2350.0,1935.568
2351.0,1936.468
2352.0,1937.369
2353.0,1938.269
2354.0,1939.17
2355.0,1940.07
2356.0,1940.97
2357.0,1941.871
2358.0,1942.771
2359.0,1943.672
2360.0,1944.572
2361.0,1945.473
2362.0,1946.374
2363.0,1947.275
2364.0,1948.176
2365.0,1949.077
2366.0,1949.978
2367.0,1950.879
2368.0,1951.78
2369.0,1952.681
2370.0,1953.582
2371.0,1954.484
2372.0,1955.386
2373.0,1956.288
2374.0,1957.19
2375.0,1958.092
2376.0,1958.993
2377.0,1959.895
2378.0,1960.797
2379.0,1961.699
2380.0,1962.601
2381.0,1963.504
2382.0,1964.407
2383.0,1965.31
2384.0,1966.213
2385.0,1967.116
2386.0,1968.019
2387.0,1968.922
2388.0,1969.825
2389.0,1970.728
2390.0,1971.631
2391.0,1972.535
2392.0,1973.439
2393.0,1974.342
2394.0,1975.246
2395.0,1976.15
2396.0,1977.054
2397.0,1977.958
2398.0,1978.861
2399.0,1979.765
2400.0,1980.669
2401.0,1981.573
2402.0,1982.478
2403.0,1983.382
2404.0,1984.287
2405.0,1985.191
2406.0,1986.095
2407.0,1987.0
2408.0,1987.904
2409.0,1988.809
2410.0,1989.713
2411.0,1990.618
2412.0,1991.523
2413.0,1992.428
2414.0,1993.333
2415.0,1994.238
2416.0,1995.143
2417.0,1996.048
2418.0,1996.953
2419.0,1997.858
2420.0,1998.763
2421.0,1999.669
2422.0,2000.574
2423.0,2001.48
2424.0,2002.386
2425.0,2003.292
2426.0,2004.197
2427.0,2005.103
2428.0,2006.009
2429.0,2006.914
2430.0,2007.82
2431.0,2008.726
2432.0,2009.633
2433.0,2010.539
2434.0,2011.445
2435.0,2012.352
2436.0,2013.258
2437.0,2014.164
2438.0,2015.07
2439.0,2015.977
2440.0,2016.883
2441.0,2017.79
2442.0,2018.697
2443.0,2019.604
2444.0,2020.511
2445.0,2021.418
2446.0,2022.325
2447.0,2023.232
2448.0,2024.139
2449.0,2025.046
2450.0,2025.953
2451.0,2026.861
2452.0,2027.768
2453.0,2028.676
2454.0,2029.584
2455.0,2030.492
2456.0,2031.399
2457.0,2032.307
2458.0,2033.215
2459.0,2034.122
2460.0,2035.03
2461.0,2035.938
2462.0,2036.847
2463.0,2037.755
2464.0,2038.663
2465.0,2039.572
2466.0,2040.48
2467.0,2041.388
2468.0,2042.296
2469.0,2043.205
2470.0,2044.113
2471.0,2045.022
2472.0,2045.931
2473.0,2046.84
2474.0,2047.749
2475.0,2048.658
2476.0,2049.566
2477.0,2050.475
2478.0,2051.384
2479.0,2052.293
2480.0,2053.202
2481.0,2054.112
2482.0,2055.021
2483.0,2055.931
2484.0,2056.84
2485.0,2057.75
2486.0,2058.66
2487.0,2059.569
2488.0,2060.479
2489.0,2061.388
2490.0,2062.298
2491.0,2063.208
2492.0,2064.118
2493.0,2065.029
2494.0,2065.939
2495.0,2066.849
2496.0,2067.759
2497.0,2068.669
2498.0,2069.58
2499.0,2070.49
2500.0,2071.4
2501.0,2072.311
2502.0,2073.222
2503.0,2074.133
2504.0,2075.044
2505.0,2075.955
2506.0,2076.865
2507.0,2077.776
2508.0,2078.687
2509.0,2079.598
2510.0,2080.509
2511.0,2081.421
2512.0,2082.332
2513.0,2083.244
2514.0,2084.155
2515.0,2085.067
2516.0,2085.979
2517.0,2086.89
2518.0,2087.802
2519.0,2088.713
2520.0,2089.625
2521.0,2090.537
2522.0,2091.449
2523.0,2092.362
2524.0,2093.274
2525.0,2094.186
2526.0,2095.098
2527.0,2096.01
2528.0,2096.923
2529.0,2097.835
2530.0,2098.747
2531.0,2099.66
2532.0,2100.573
2533.0,2101.485
2534.0,2102.398
2535.0,2103.311
2536.0,2104.224
2537.0,2105.137
2538.0,2106.049
2539.0,2106.962
2540.0,2107.875
2541.0,2108.789
2542.0,2109.702
2543.0,2110.616
2544.0,2111.529
2545.0,2112.443
2546.0,2113.356
2547.0,2114.27
2548.0,2115.183
2549.0,2116.097
2550.0,2117.01
2551.0,2117.924
2552.0,2118.838
2553.0,2119.753
2554.0,2120.667
2555.0,2121.581
2556.0,2122.495
2557.0,2123.409
2558.0,2124.324
2559.0,2125.238
2560.0,2126.152
2561.0,2127.067
2562.0,2127.982
2563.0,2128.896
2564.0,2129.811
2565.0,2130.726
2566.0,2131.641
2567.0,2132.556
2568.0,2133.47
2569.0,2134.385
2570.0,2135.3
2571.0,2136.215
2572.0,2137.131
2573.0,2138.046
2574.0,2138.962
2575.0,2139.877
2576.0,2140.792
2577.0,2141.708
2578.0,2142.623
2579.0,2143.539
2580.0,2144.454
2581.0,2145.37
2582.0,2146.286
2583.0,2147.202
2584.0,2148.118
2585.0,2149.035
2586.0,2149.951
2587.0,2150.867
2588.0,2151.783
2589.0,2152.699
2590.0,2153.615
2591.0,2154.532
2592.0,2155.448
2593.0,2156.365
2594.0,2157.282
2595.0,2158.199
2596.0,2159.115
2597.0,2160.032
2598.0,2160.949
2599.0,2161.865
2600.0,2162.782
2601.0,2163.699
2602.0,2164.617
2603.0,2165.534
2604.0,2166.452
2605.0,2167.369
2606.0,2168.286
2607.0,2169.204
2608.0,2170.121
2609.0,2171.039
2610.0,2171.956
2611.0,2172.874
2612.0,2173.792
2613.0,2174.71
2614.0,2175.628
2615.0,2176.547
2616.0,2177.465
2617.0,2178.383
2618.0,2179.301
2619.0,2180.219
2620.0,2181.137
2621.0,2182.056
2622.0,2182.974
2623.0,2183.893
2624.0,2184.811
2625.0,2185.73
2626.0,2186.649
2627.0,2187.567
2628.0,2188.486
2629.0,2189.404
2630.0,2190.323
2631.0,2191.242
2632.0,2192.162
2633.0,2193.081
2634.0,2194.001
2635.0,2194.92
2636.0,2195.839
2637.0,2196.759
2638.0,2197.678
2639.0,2198.598
2640.0,2199.517
2641.0,2200.437
2642.0,2201.357
2643.0,2202.277
2644.0,2203.197
2645.0,2204.117
2646.0,2205.037
2647.0,2205.957
2648.0,2206.877
2649.0,2207.797
2650.0,2208.717
2651.0,2209.638
2652.0,2210.558
2653.0,2211.479
2654.0,2212.4
2655.0,2213.321
2656.0,2214.241
2657.0,2215.162
2658.0,2216.083
2659.0,2217.003
2660.0,2217.924
2661.0,2218.845
2662.0,2219.766
2663.0,2220.688
2664.0,2221.609
2665.0,2222.53
2666.0,2223.451
2667.0,2224.372
2668.0,2225.294
2669.0,2226.215
2670.0,2227.136
2671.0,2228.058
2672.0,2228.98
2673.0,2229.902
2674.0,2230.824
2675.0,2231.746
2676.0,2232.668
2677.0,2233.59
2678.0,2234.512
2679.0,2235.434
2680.0,2236.356
2681.0,2237.279
2682.0,2238.201
2683.0,2239.124
2684.0,2240.046
2685.0,2240.969
2686.0,2241.892
2687.0,2242.814
2688.0,2243.737
2689.0,2244.659
2690.0,2245.582
2691.0,2246.505
2692.0,2247.428
2693.0,2248.352
2694.0,2249.275
2695.0,2250.198
2696.0,2251.121
2697.0,2252.044
2698.0,2252.968
2699.0,2253.891
2700.0,2254.814
2701.0,2255.738
2702.0,2256.662
2703.0,2257.586
2704.0,2258.51
2705.0,2259.434
2706.0,2260.357
2707.0,2261.281
2708.0,2262.205
2709.0,2263.129
2710.0,2264.053
2711.0,2264.978
2712.0,2265.902
2713.0,2266.827
2714.0,2267.751
2715.0,2268.676
2716.0,2269.601
2717.0,2270.525
2718.0,2271.45
2719.0,2272.374
2720.0,2273.299
2721.0,2274.224
2722.0,2275.149
2723.0,2276.075
2724.0,2277.0
2725.0,2277.925
2726.0,2278.85
2727.0,2279.775
2728.0,2280.701
2729.0,2281.626
2730.0,2282.551
2731.0,2283.477
2732.0,2284.403
2733.0,2285.328
2734.0,2286.254
2735.0,2287.18
2736.0,2288.106
2737.0,2289.032
2738.0,2289.957
2739.0,2290.883
2740.0,2291.809
2741.0,2292.736
2742.0,2293.662
2743.0,2294.589
2744.0,2295.515
2745.0,2296.442
2746.0,2297.368
2747.0,2298.295
2748.0,2299.221
2749.0,2300.148
2750.0,2301.074
2751.0,2302.001
2752.0,2302.928
2753.0,2303.856
2754.0,2304.783
2755.0,2305.71
2756.0,2306.637
2757.0,2307.564
2758.0,2308.492
2759.0,2309.419
2760.0,2310.346
2761.0,2311.274
2762.0,2312.201
2763.0,2313.129
2764.0,2314.057
2765.0,2314.985
2766.0,2315.912
2767.0,2316.84
2768.0,2317.768
2769.0,2318.695
2770.0,2319.623
2771.0,2320.552
2772.0,2321.48
2773.0,2322.409
2774.0,2323.337
2775.0,2324.266
2776.0,2325.194
2777.0,2326.123
2778.0,2327.051
2779.0,2327.98
2780.0,2328.908
2781.0,2329.837
2782.0,2330.766
2783.0,2331.695
2784.0,2332.624
2785.0,2333.554
2786.0,2334.483
2787.0,2335.412
2788.0,2336.341
2789.0,2337.27
2790.0,2338.199
2791.0,2339.129
2792.0,2340.058
2793.0,2340.988
2794.0,2341.918
2795.0,2342.848
2796.0,2343.777
2797.0,2344.707
2798.0,2345.637
2799.0,2346.566
2800.0,2347.496
2801.0,2348.426
2802.0,2349.357
2803.0,2350.287
2804.0,2351.218
2805.0,2352.148
2806.0,2353.078
2807.0,2354.009
2808.0,2354.939
2809.0,2355.87
2810.0,2356.8
2811.0,2357.731
2812.0,2358.662
2813.0,2359.593
2814.0,2360.524
2815.0,2361.455
2816.0,2362.386
2817.0,2363.317
2818.0,2364.248
2819.0,2365.179
2820.0,2366.11
2821.0,2367.042
2822.0,2367.974
2823.0,2368.905
2824.0,2369.837
2825.0,2370.769
2826.0,2371.701
2827.0,2372.633
2828.0,2373.564
2829.0,2374.496
2830.0,2375.428
2831.0,2376.36
2832.0,2377.293
2833.0,2378.225
2834.0,2379.157
2835.0,2380.09
2836.0,2381.022
2837.0,2381.954
2838.0,2382.886
2839.0,2383.819
2840.0,2384.751
2841.0,2385.684
2842.0,2386.617
2843.0,2387.55
2844.0,2388.483
2845.0,2389.416
2846.0,2390.349
2847.0,2391.282
2848.0,2392.215
2849.0,2393.148
2850.0,2394.081
2851.0,2395.015
2852.0,2395.948
2853.0,2396.882
2854.0,2397.815
2855.0,2398.749
2856.0,2399.683
2857.0,2400.616
2858.0,2401.55
2859.0,2402.483
2860.0,2403.417
2861.0,2404.351
2862.0,2405.286
2863.0,2406.22
2864.0,2407.155
2865.0,2408.089
2866.0,2409.023
2867.0,2409.958
2868.0,2410.892
2869.0,2411.827
2870.0,2412.761
2871.0,2413.696
2872.0,2414.631
2873.0,2415.566
2874.0,2416.501
2875.0,2417.436
2876.0,2418.37
2877.0,2419.305
2878.0,2420.24
2879.0,2421.175
2880.0,2422.11
2881.0,2423.046
2882.0,2423.981
2883.0,2424.917
2884.0,2425.852
2885.0,2426.788
2886.0,2427.724
2887.0,2428.659
2888.0,2429.595
2889.0,2430.53
2890.0,2431.466
2891.0,2432.402
2892.0,2433.338
2893.0,2434.275
2894.0,2435.211
2895.0,2436.147
2896.0,2437.083
2897.0,2438.019
2898.0,2438.956
2899.0,2439.892
2900.0,2440.828
2901.0,2441.765
2902.0,2442.702
2903.0,2443.639
2904.0,2444.576
2905.0,2445.513
2906.0,2446.45
2907.0,2447.387
2908.0,2448.324
2909.0,2449.261
2910.0,2450.198
2911.0,2451.136
2912.0,2452.073
2913.0,2453.011
2914.0,2453.948
2915.0,2454.886
2916.0,2455.823
2917.0,2456.761
2918.0,2457.698
2919.0,2458.636
2920.0,2459.573
2921.0,2460.511
2922.0,2461.449
2923.0,2462.388
2924.0,2463.326
2925.0,2464.264
2926.0,2465.202
2927.0,2466.14
2928.0,2467.079
2929.0,2468.017
2930.0,2468.955
2931.0,2469.894
2932.0,2470.833
2933.0,2471.771
2934.0,2472.71
2935.0,2473.649
2936.0,2474.588
2937.0,2475.527
2938.0,2476.465
2939.0,2477.404
2940.0,2478.343
2941.0,2479.283
2942.0,2480.222
2943.0,2481.162
2944.0,2482.101
2945.0,2483.041
2946.0,2483.98
2947.0,2484.92
2948.0,2485.859
2949.0,2486.799
2950.0,2487.738
2951.0,2488.678
2952.0,2489.618
2953.0,2490.559
2954.0,2491.499
2955.0,2492.439
2956.0,2493.379
2957.0,2494.319
2958.0,2495.26
2959.0,2496.2
2960.0,2497.14
2961.0,2498.081
2962.0,2499.022
2963.0,2499.962
2964.0,2500.903
2965.0,2501.844
2966.0,2502.785
2967.0,2503.726
2968.0,2504.666
2969.0,2505.607
2970.0,2506.548
2971.0,2507.489
2972.0,2508.431
2973.0,2509.372
2974.0,2510.314
2975.0,2511.255
2976.0,2512.196
2977.0,2513.138
2978.0,2514.079
2979.0,2515.021
2980.0,2515.962
2981.0,2516.904
2982.0,2517.846
2983.0,2518.788
2984.0,2519.73
2985.0,2520.673
2986.0,2521.615
2987.0,2522.557
2988.0,2523.499
2989.0,2524.441
2990.0,2525.383
2991.0,2526.326
2992.0,2527.269
2993.0,2528.211
2994.0,2529.154
2995.0,2530.097
2996.0,2531.04
2997.0,2531.983
2998.0,2532.925
2999.0,2533.868
3000.0,2534.811
3001.0,2535.754
3002.0,2536.698
3003.0,2537.641
3004.0,2538.584
3005.0,2539.528
3006.0,2540.471
3007.0,2541.414
3008.0,2542.357
3009.0,2543.301
3010.0,2544.244
3011.0,2545.188
3012.0,2546.132
3013.0,2547.076
3014.0,2548.02
3015.0,2548.965
3016.0,2549.909
3017.0,2550.853
3018.0,2551.797
3019.0,2552.741
3020.0,2553.685
3021.0,2554.63
3022.0,2555.574
3023.0,2556.519
3024.0,2557.464
3025.0,2558.409
3026.0,2559.353
3027.0,2560.298
3028.0,2561.243
3029.0,2562.187
3030.0,2563.132
3031.0,2564.077
3032.0,2565.023
3033.0,2565.968
3034.0,2566.914
3035.0,2567.859
3036.0,2568.804
3037.0,2569.75
3038.0,2570.695
3039.0,2571.641
3040.0,2572.586
3041.0,2573.532
3042.0,2574.478
3043.0,2575.424
3044.0,2576.37
3045.0,2577.316
3046.0,2578.261
3047.0,2579.207
3048.0,2580.153
3049.0,2581.099
3050.0,2582.045
3051.0,2582.992
3052.0,2583.938
3053.0,2584.885
3054.0,2585.832
3055.0,2586.779
3056.0,2587.725
3057.0,2588.672
3058.0,2589.619
3059.0,2590.565
3060.0,2591.512
3061.0,2592.459
3062.0,2593.407
3063.0,2594.354
3064.0,2595.301
3065.0,2596.249
3066.0,2597.196
3067.0,2598.143
3068.0,2599.09
3069.0,2600.038
3070.0,2600.985
3071.0,2601.933
3072.0,2602.881
3073.0,2603.829
3074.0,2604.777
3075.0,2605.725
3076.0,2606.673
3077.0,2607.621
3078.0,2608.569
3079.0,2609.517
3080.0,2610.465
3081.0,2611.414
3082.0,2612.362
3083.0,2613.311
3084.0,2614.259
3085.0,2615.208
3086.0,2616.156
3087.0,2617.105
3088.0,2618.053
3089.0,2619.002
3090.0,2619.95
3091.0,2620.899
3092.0,2621.849
3093.0,2622.798
3094.0,2623.747
3095.0,2624.697
3096.0,2625.646
3097.0,2626.595
3098.0,2627.544
3099.0,2628.494
3100.0,2629.443
3101.0,2630.393
3102.0,2631.343
3103.0,2632.293
3104.0,2633.243
3105.0,2634.193
3106.0,2635.142
3107.0,2636.092
3108.0,2637.042
3109.0,2637.992
3110.0,2638.942
3111.0,2639.893
3112.0,2640.843
3113.0,2641.794
3114.0,2642.744
3115.0,2643.695
3116.0,2644.645
3117.0,2645.596
3118.0,2646.546
3119.0,2647.497
3120.0,2648.447
3121.0,2649.398
3122.0,2650.349
3123.0,2651.301
3124.0,2652.252
3125.0,2653.203
3126.0,2654.154
3127.0,2655.105
3128.0,2656.057
3129.0,2657.008
3130.0,2657.959
3131.0,2658.911
3132.0,2659.863
3133.0,2660.815
3134.0,2661.767
3135.0,2662.719
3136.0,2663.67
3137.0,2664.622
3138.0,2665.574
3139.0,2666.526
3140.0,2667.478
3141.0,2668.431
3142.0,2669.383
3143.0,2670.336
3144.0,2671.288
3145.0,2672.241
3146.0,2673.193
3147.0,2674.146
3148.0,2675.098
3149.0,2676.051
3150.0,2677.003
3151.0,2677.956
3152.0,2678.909
3153.0,2679.862
3154.0,2680.815
3155.0,2681.769
3156.0,2682.722
3157.0,2683.675
3158.0,2684.628
3159.0,2685.581
3160.0,2686.534
3161.0,2687.488
3162.0,2688.442
3163.0,2689.396
3164.0,2690.35
3165.0,2691.304
3166.0,2692.257
3167.0,2693.211
3168.0,2694.165
3169.0,2695.119
3170.0,2696.073
3171.0,2697.027
3172.0,2697.982
3173.0,2698.936
3174.0,2699.891
3175.0,2700.845
3176.0,2701.799
3177.0,2702.754
3178.0,2703.708
3179.0,2704.663
3180.0,2705.617
3181.0,2706.572
3182.0,2707.527
3183.0,2708.482
3184.0,2709.437
3185.0,2710.393
3186.0,2711.348
3187.0,2712.303
3188.0,2713.258
3189.0,2714.213
3190.0,2715.168
3191.0,2716.124
3192.0,2717.079
3193.0,2718.035
3194.0,2718.991
3195.0,2719.947
3196.0,2720.902
3197.0,2721.858
3198.0,2722.814
3199.0,2723.769
3200.0,2724.725
3201.0,2725.681
3202.0,2726.638
3203.0,2727.594
3204.0,2728.551
3205.0,2729.507
3206.0,2730.463
3207.0,2731.42
3208.0,2732.376
3209.0,2733.333
3210.0,2734.289
3211.0,2735.246
3212.0,2736.203
3213.0,2737.16
3214.0,2738.117
3215.0,2739.075
3216.0,2740.032
3217.0,2740.989
3218.0,2741.946
3219.0,2742.903
3220.0,2743.86
3221.0,2744.818
3222.0,2745.775
3223.0,2746.733
3224.0,2747.691
3225.0,2748.649
3226.0,2749.606
3227.0,2750.564
3228.0,2751.522
3229.0,2752.479
3230.0,2753.437
3231.0,2754.395
3232.0,2755.354
3233.0,2756.312
3234.0,2757.27
3235.0,2758.229
3236.0,2759.187
3237.0,2760.145
3238.0,2761.103
3239.0,2762.062
3240.0,2763.02
3241.0,2763.979
3242.0,2764.938
3243.0,2765.897
3244.0,2766.856
3245.0,2767.815
3246.0,2768.774
3247.0,2769.733
3248.0,2770.692
3249.0,2771.651
3250.0,2772.61
3251.0,2773.57
3252.0,2774.529
3253.0,2775.489
3254.0,2776.449
3255.0,2777.409
3256.0,2778.368
3257.0,2779.328
3258.0,2780.288
3259.0,2781.247
3260.0,2782.207
3261.0,2783.167
3262.0,2784.127
3263.0,2785.088
3264.0,2786.048
3265.0,2787.008
3266.0,2787.968
3267.0,2788.928
3268.0,2789.889
3269.0,2790.849
3270.0,2791.809
3271.0,2792.77
3272.0,2793.731
3273.0,2794.692
3274.0,2795.653
3275.0,2796.614
3276.0,2797.575
3277.0,2798.536
3278.0,2799.497
3279.0,2800.458
3280.0,2801.419
3281.0,2802.381
3282.0,2803.342
3283.0,2804.304
3284.0,2805.265
3285.0,2806.227
3286.0,2807.189
3287.0,2808.15
3288.0,2809.112
3289.0,2810.073
3290.0,2811.035
3291.0,2811.997
3292.0,2812.96
3293.0,2813.922
3294.0,2814.884
3295.0,2815.847
3296.0,2816.809
3297.0,2817.771
3298.0,2818.733
3299.0,2819.696
3300.0,2820.658
3301.0,2821.621
3302.0,2822.584
3303.0,2823.546
3304.0,2824.509
3305.0,2825.472
3306.0,2826.435
3307.0,2827.398
3308.0,2828.36
3309.0,2829.323
3310.0,2830.286
3311.0,2831.25
3312.0,2832.213
3313.0,2833.177
3314.0,2834.14
3315.0,2835.104
3316.0,2836.068
3317.0,2837.031
3318.0,2837.995
3319.0,2838.958
3320.0,2839.922
3321.0,2840.886
3322.0,2841.85
3323.0,2842.815
3324.0,2843.779
3325.0,2844.743
3326.0,2845.707
3327.0,2846.671
3328.0,2847.636
3329.0,2848.6
3330.0,2849.564
3331.0,2850.529
3332.0,2851.494
3333.0,2852.459
3334.0,2853.424
3335.0,2854.389
3336.0,2855.353
3337.0,2856.318
3338.0,2857.283
3339.0,2858.248
3340.0,2859.213
3341.0,2860.178
3342.0,2861.144
3343.0,2862.109
3344.0,2863.075
3345.0,2864.04
3346.0,2865.005
3347.0,2865.971
3348.0,2866.936
3349.0,2867.902
3350.0,2868.867
3351.0,2869.833
3352.0,2870.799
3353.0,2871.766
3354.0,2872.732
3355.0,2873.698
3356.0,2874.664
3357.0,2875.63
3358.0,2876.597
3359.0,2877.563
3360.0,2878.529
3361.0,2879.496
3362.0,2880.463
3363.0,2881.429
3364.0,2882.396
3365.0,2883.363
3366.0,2884.33
3367.0,2885.297
3368.0,2886.263
3369.0,2887.23
3370.0,2888.197
3371.0,2889.165
3372.0,2890.132
3373.0,2891.1
3374.0,2892.067
3375.0,2893.035
3376.0,2894.002
3377.0,2894.97
3378.0,2895.937
3379.0,2896.905
3380.0,2897.872
3381.0,2898.84
3382.0,2899.808
3383.0,2900.776
3384.0,2901.744
3385.0,2902.713
3386.0,2903.681
3387.0,2904.649
3388.0,2905.617
3389.0,2906.585
3390.0,2907.553
3391.0,2908.522
3392.0,2909.49
3393.0,2910.459
3394.0,2911.428
3395.0,2912.397
3396.0,2913.365
3397.0,2914.334
3398.0,2915.303
3399.0,2916.271
3400.0,2917.24
3401.0,2918.209
3402.0,2919.179
3403.0,2920.148
3404.0,2921.118
3405.0,2922.087
3406.0,2923.056
3407.0,2924.026
3408.0,2924.995
3409.0,2925.965
3410.0,2926.934
3411.0,2927.904
3412.0,2928.874
3413.0,2929.844
3414.0,2930.814
3415.0,2931.784
3416.0,2932.754
3417.0,2933.724
3418.0,2934.694
3419.0,2935.664
3420.0,2936.634
3421.0,2937.605
3422.0,2938.576
3423.0,2939.546
3424.0,2940.517
3425.0,2941.488
3426.0,2942.459
3427.0,2943.43
3428.0,2944.4
3429.0,2945.371
3430.0,2946.342
3431.0,2947.313
3432.0,2948.285
3433.0,2949.256
3434.0,2950.227
3435.0,2951.199
3436.0,2952.17
3437.0,2953.141
3438.0,2954.112
3439.0,2955.084
3440.0,2956.055
3441.0,2957.027
3442.0,2957.999
3443.0,2958.971
3444.0,2959.943
3445.0,2960.915
3446.0,2961.887
3447.0,2962.859
3448.0,2963.831
3449.0,2964.803
3450.0,2965.775
3451.0,2966.748
3452.0,2967.72
3453.0,2968.693
3454.0,2969.665
3455.0,2970.638
3456.0,2971.611
3457.0,2972.583
3458.0,2973.556
3459.0,2974.528
3460.0,2975.501
3461.0,2976.474
3462.0,2977.448
3463.0,2978.421
3464.0,2979.395
3465.0,2980.368
3466.0,2981.341
3467.0,2982.315
3468.0,2983.288
3469.0,2984.262
3470.0,2985.235
3471.0,2986.209
3472.0,2987.183
3473.0,2988.157
3474.0,2989.131
3475.0,2990.105
3476.0,2991.078
3477.0,2992.052
3478.0,2993.026
3479.0,2994.0
3480.0,2994.974
3481.0,2995.949
3482.0,2996.923
3483.0,2997.898
3484.0,2998.872
3485.0,2999.847
3486.0,3000.822
3487.0,3001.796
3488.0,3002.771
3489.0,3003.745
3490.0,3004.72
3491.0,3005.695
3492.0,3006.67
3493.0,3007.646
3494.0,3008.621
3495.0,3009.596
3496.0,3010.571
3497.0,3011.546
3498.0,3012.522
3499.0,3013.497
3500.0,3014.472
3501.0,3015.448
3502.0,3016.424
3503.0,3017.4
3504.0,3018.376
3505.0,3019.352
3506.0,3020.328
3507.0,3021.304
3508.0,3022.28
3509.0,3023.256
3510.0,3024.232
3511.0,3025.209
3512.0,3026.185
3513.0,3027.162
3514.0,3028.138
3515.0,3029.115
3516.0,3030.091
3517.0,3031.068
3518.0,3032.044
3519.0,3033.021
3520.0,3033.997
3521.0,3034.974
3522.0,3035.951
3523.0,3036.929
3524.0,3037.906
3525.0,3038.883
3526.0,3039.86
3527.0,3040.837
3528.0,3041.815
3529.0,3042.792
3530.0,3043.769
3531.0,3044.747
3532.0,3045.725
3533.0,3046.703
3534.0,3047.681
3535.0,3048.659
3536.0,3049.636
3537.0,3050.614
3538.0,3051.592
3539.0,3052.57
3540.0,3053.548
3541.0,3054.527
3542.0,3055.505
3543.0,3056.484
3544.0,3057.462
3545.0,3058.441
3546.0,3059.419
3547.0,3060.398
3548.0,3061.376
3549.0,3062.355
3550.0,3063.333
3551.0,3064.312
3552.0,3065.291
3553.0,3066.27
3554.0,3067.249
3555.0,3068.229
3556.0,3069.208
3557.0,3070.187
3558.0,3071.166
3559.0,3072.145
3560.0,3073.124
3561.0,3074.104
3562.0,3075.084
3563.0,3076.064
3564.0,3077.044
3565.0,3078.024
3566.0,3079.003
3567.0,3079.983
3568.0,3080.963
3569.0,3081.943
3570.0,3082.923
3571.0,3083.903
3572.0,3084.884
3573.0,3085.864
3574.0,3086.845
3575.0,3087.825
3576.0,3088.805
3577.0,3089.786
3578.0,3090.766
3579.0,3091.747
3580.0,3092.727
3581.0,3093.708
3582.0,3094.689
3583.0,3095.67
3584.0,3096.651
3585.0,3097.632
3586.0,3098.613
3587.0,3099.594
3588.0,3100.575
3589.0,3101.556
3590.0,3102.537
3591.0,3103.519
3592.0,3104.501
3593.0,3105.482
3594.0,3106.464
3595.0,3107.446
3596.0,3108.428
3597.0,3109.41
3598.0,3110.391
3599.0,3111.373
3600.0,3112.355
3601.0,3113.337
3602.0,3114.32
3603.0,3115.302
3604.0,3116.285
3605.0,3117.267
3606.0,3118.249
3607.0,3119.232
3608.0,3120.214
3609.0,3121.197
3610.0,3122.179
3611.0,3123.162
3612.0,3124.145
3613.0,3125.128
3614.0,3126.111
3615.0,3127.095
3616.0,3128.078
3617.0,3129.061
3618.0,3130.044
3619.0,3131.027
3620.0,3132.01
3621.0,3132.994
3622.0,3133.977
3623.0,3134.961
3624.0,3135.945
3625.0,3136.929
3626.0,3137.912
3627.0,3138.896
3628.0,3139.88
3629.0,3140.863
3630.0,3141.847
3631.0,3142.831
3632.0,3143.816
3633.0,3144.8
3634.0,3145.784
3635.0,3146.769
3636.0,3147.753
3637.0,3148.737
3638.0,3149.721
3639.0,3150.706
3640.0,3151.69
3641.0,3152.675
3642.0,3153.66
3643.0,3154.645
3644.0,3155.63
3645.0,3156.615
3646.0,3157.6
3647.0,3158.585
3648.0,3159.57
3649.0,3160.555
3650.0,3161.54
3651.0,3162.526
3652.0,3163.511
3653.0,3164.497
3654.0,3165.483
3655.0,3166.469
3656.0,3167.454
3657.0,3168.44
3658.0,3169.426
3659.0,3170.411
3660.0,3171.397
3661.0,3172.383
3662.0,3173.37
3663.0,3174.356
3664.0,3175.342
3665.0,3176.329
3666.0,3177.315
3667.0,3178.301
3668.0,3179.287
3669.0,3180.274
3670.0,3181.26
3671.0,3182.247
3672.0,3183.234
3673.0,3184.221
3674.0,3185.208
3675.0,3186.195
3676.0,3187.182
3677.0,3188.169
3678.0,3189.156
3679.0,3190.143
3680.0,3191.13
3681.0,3192.118
3682.0,3193.105
3683.0,3194.093
3684.0,3195.08
3685.0,3196.068
3686.0,3197.055
3687.0,3198.043
3688.0,3199.03
3689.0,3200.018
3690.0,3201.005
3691.0,3201.993
3692.0,3202.982
3693.0,3203.97
3694.0,3204.958
3695.0,3205.947
3696.0,3206.935
3697.0,3207.923
3698.0,3208.911
3699.0,3209.9
3700.0,3210.888
3701.0,3211.877
3702.0,3212.866
3703.0,3213.855
3704.0,3214.844
3705.0,3215.833
3706.0,3216.821
3707.0,3217.81
3708.0,3218.799
3709.0,3219.788
3710.0,3220.777
3711.0,3221.767
3712.0,3222.756
3713.0,3223.746
3714.0,3224.735
3715.0,3225.725
3716.0,3226.715
3717.0,3227.704
3718.0,3228.694
3719.0,3229.683
3720.0,3230.673
3721.0,3231.663
3722.0,3232.653
3723.0,3233.644
3724.0,3234.634
3725.0,3235.624
3726.0,3236.614
3727.0,3237.604
3728.0,3238.595
3729.0,3239.585
3730.0,3240.575
3731.0,3241.566
3732.0,3242.557
3733.0,3243.547
3734.0,3244.538
3735.0,3245.529
3736.0,3246.52
3737.0,3247.511
3738.0,3248.501
3739.0,3249.492
3740.0,3250.483
3741.0,3251.475
3742.0,3252.466
3743.0,3253.458
3744.0,3254.449
3745.0,3255.441
3746.0,3256.432
3747.0,3257.424
3748.0,3258.415
3749.0,3259.407
3750.0,3260.398
3751.0,3261.39
3752.0,3262.382
3753.0,3263.374
3754.0,3264.366
3755.0,3265.359
3756.0,3266.351
3757.0,3267.343
3758.0,3268.335
3759.0,3269.327
3760.0,3270.319
3761.0,3271.312
3762.0,3272.305
3763.0,3273.298
3764.0,3274.291
3765.0,3275.284
3766.0,3276.276
3767.0,3277.269
3768.0,3278.262
3769.0,3279.255
3770.0,3280.248
3771.0,3281.241
3772.0,3282.234
3773.0,3283.227
3774.0,3284.22
3775.0,3285.213
3776.0,3286.206
3777.0,3287.199
3778.0,3288.192
3779.0,3289.185
3780.0,3290.178
3781.0,3291.171
3782.0,3292.164
3783.0,3293.157
3784.0,3294.15
3785.0,3295.143
3786.0,3296.136
3787.0,3297.129
3788.0,3298.122
3789.0,3299.115
3790.0,3300.108
3791.0,3301.101
3792.0,3302.094
3793.0,3303.087
3794.0,3304.08
3795.0,3305.073
3796.0,3306.066
3797.0,3307.059
3798.0,3308.052
3799.0,3309.045
3800.0,3310.038
3801.0,3311.031
3802.0,3312.024
3803.0,3313.017
3804.0,3314.01
3805.0,3315.003
3806.0,3315.996
3807.0,3316.989
3808.0,3317.982
3809.0,3318.975
3810.0,3319.968
3811.0,3320.961
3812.0,3321.954
3813.0,3322.947
3814.0,3323.94
3815.0,3324.933
3816.0,3325.926
3817.0,3326.919
3818.0,3327.912
3819.0,3328.905
3820.0,3329.898
3821.0,3330.891
3822.0,3331.884
3823.0,3332.877
3824.0,3333.87
3825.0,3334.863
3826.0,3335.856
3827.0,3336.849
3828.0,3337.842
3829.0,3338.835
3830.0,3339.828
3831.0,3340.821
3832.0,3341.814
3833.0,3342.807
3834.0,3343.8
3835.0,3344.793
3836.0,3345.786
3837.0,3346.779
3838.0,3347.772
3839.0,3348.765
3840.0,3349.758
3841.0,3350.751
3842.0,3351.744
3843.0,3352.737
3844.0,3353.73
3845.0,3354.723
3846.0,3355.716
3847.0,3356.709
3848.0,3357.702
3849.0,3358.695
3850.0,3359.688
3851.0,3360.681
3852.0,3361.674
3853.0,3362.667
3854.0,3363.66
3855.0,3364.653
3856.0,3365.646
3857.0,3366.639
3858.0,3367.632
3859.0,3368.625
3860.0,3369.618
3861.0,3370.611
3862.0,3371.604
3863.0,3372.597
3864.0,3373.59
3865.0,3374.583
3866.0,3375.576
3867.0,3376.569
3868.0,3377.562
3869.0,3378.555
3870.0,3379.548
3871.0,3380.541
3872.0,3381.534
3873.0,3382.527
3874.0,3383.52
3875.0,3384.513
3876.0,3385.506
3877.0,3386.499
3878.0,3387.492
3879.0,3388.485
3880.0,3389.478
3881.0,3390.471
3882.0,3391.464
3883.0,3392.457
3884.0,3393.45
3885.0,3394.443
3886.0,3395.436
3887.0,3396.429
3888.0,3397.422
3889.0,3398.415
3890.0,3399.408
3891.0,3400.401
3892.0,3401.394
3893.0,3402.387
3894.0,3403.38
3895.0,3404.373
3896.0,3405.366
3897.0,3406.359
3898.0,3407.352
3899.0,3408.345
3900.0,3409.338
3901.0,3410.331
3902.0,3411.324
3903.0,3412.317
3904.0,3413.31
3905.0,3414.303
3906.0,3415.296
3907.0,3416.289
3908.0,3417.282
3909.0,3418.275
3910.0,3419.268
3911.0,3420.261
3912.0,3421.254
3913.0,3422.247
3914.0,3423.24
3915.0,3424.233
3916.0,3425.226
3917.0,3426.219
3918.0,3427.212
3919.0,3428.205
3920.0,3429.198
3921.0,3430.191
3922.0,3431.184
3923.0,3432.177
3924.0,3433.17
3925.0,3434.163
3926.0,3435.156
3927.0,3436.149
3928.0,3437.142
3929.0,3438.135
3930.0,3439.128
3931.0,3440.121
3932.0,3441.114
3933.0,3442.107
3934.0,3443.1
3935.0,3444.093
3936.0,3445.086
3937.0,3446.079
3938.0,3447.072
3939.0,3448.065
3940.0,3449.058
3941.0,3450.051
3942.0,3451.044
3943.0,3452.037
3944.0,3453.03
3945.0,3454.023
3946.0,3455.016
3947.0,3456.009
3948.0,3457.002
3949.0,3457.995
3950.0,3458.988
3951.0,3459.981
3952.0,3460.974
3953.0,3461.967
3954.0,3462.96
3955.0,3463.953
3956.0,3464.946
3957.0,3465.939
3958.0,3466.932
3959.0,3467.925
3960.0,3468.918
3961.0,3469.911
3962.0,3470.904
3963.0,3471.897
3964.0,3472.89
3965.0,3473.883
3966.0,3474.876
3967.0,3475.869
3968.0,3476.862
3969.0,3477.855
3970.0,3478.848
3971.0,3479.841
3972.0,3480.834
3973.0,3481.827
3974.0,3482.82
3975.0,3483.813
3976.0,3484.806
3977.0,3485.799
3978.0,3486.792
3979.0,3487.785
3980.0,3488.778
3981.0,3489.771
3982.0,3490.764
3983.0,3491.757
3984.0,3492.75
3985.0,3493.743
3986.0,3494.736
3987.0,3495.729
3988.0,3496.722
3989.0,3497.715
3990.0,3498.708
3991.0,3499.701
3992.0,3500.694
3993.0,3501.687
3994.0,3502.68
3995.0,3503.673
3996.0,3504.666
3997.0,3505.659
3998.0,3506.652
3999.0,3507.645
4000.0,3508.638
4001.0,3509.631
4002.0,3510.624
4003.0,3511.617
4004.0,3512.61
4005.0,3513.603
4006.0,3514.596
4007.0,3515.589
4008.0,3516.582
4009.0,3517.575
4010.0,3518.568
4011.0,3519.561
4012.0,3520.554
4013.0,3521.547
4014.0,3522.54
4015.0,3523.533
4016.0,3524.526
4017.0,3525.519
4018.0,3526.512
4019.0,3527.505
4020.0,3528.498
4021.0,3529.491
4022.0,3530.484
4023.0,3531.477
4024.0,3532.47
4025.0,3533.463
4026.0,3534.456
4027.0,3535.449
4028.0,3536.442
4029.0,3537.435
4030.0,3538.428
4031.0,3539.421
4032.0,3540.414
4033.0,3541.407
4034.0,3542.4
4035.0,3543.393
4036.0,3544.386
4037.0,3545.379
4038.0,3546.372
4039.0,3547.365
4040.0,3548.358
4041.0,3549.351
4042.0,3550.344
4043.0,3551.337
4044.0,3552.33
4045.0,3553.323
4046.0,3554.316
4047.0,3555.309
4048.0,3556.302
4049.0,3557.295
4050.0,3558.288
4051.0,3559.281
4052.0,3560.274
4053.0,3561.267
4054.0,3562.26
4055.0,3563.253
4056.0,3564.246
4057.0,3565.239
4058.0,3566.232
4059.0,3567.225
4060.0,3568.218
4061.0,3569.211
4062.0,3570.204
4063.0,3571.197
4064.0,3572.19
4065.0,3573.183
4066.0,3574.176
4067.0,3575.169
4068.0,3576.162
4069.0,3577.155
4070.0,3578.148
4071.0,3579.141
4072.0,3580.134
4073.0,3581.127
4074.0,3582.12
4075.0,3583.113
4076.0,3584.106
4077.0,3585.099
4078.0,3586.092
4079.0,3587.085
4080.0,3588.078
4081.0,3589.071
4082.0,3590.064
4083.0,3591.057
4084.0,3592.05
4085.0,3593.043
4086.0,3594.036
4087.0,3595.029
4088.0,3596.022
4089.0,3597.015
4090.0,3598.008
4091.0,3599.001
4092.0,3599.994
4093.0,3600.987
4094.0,3601.98
4095.0,3602.973
4096.0,3603.966
4097.0,3604.959
4098.0,3605.952
4099.0,3606.945
4100.0,3607.938
4101.0,3608.931
4102.0,3609.924
4103.0,3610.917
4104.0,3611.91
4105.0,3612.903
4106.0,3613.896
4107.0,3614.889
4108.0,3615.882
4109.0,3616.875
4110.0,3617.868
4111.0,3618.861
4112.0,3619.854
4113.0,3620.847
4114.0,3621.84
4115.0,3622.833
4116.0,3623.826
4117.0,3624.819
4118.0,3625.812
4119.0,3626.805
4120.0,3627.798
4121.0,3628.791
4122.0,3629.784
4123.0,3630.777
4124.0,3631.77
4125.0,3632.763
4126.0,3633.756
4127.0,3634.749
4128.0,3635.742
4129.0,3636.735
4130.0,3637.728
4131.0,3638.721
4132.0,3639.714
4133.0,3640.707
4134.0,3641.7
4135.0,3642.693
4136.0,3643.686
4137.0,3644.679
4138.0,3645.672
4139.0,3646.665
4140.0,3647.658
4141.0,3648.651
4142.0,3649.644
4143.0,3650.637
4144.0,3651.63
4145.0,3652.623
4146.0,3653.616
4147.0,3654.609
4148.0,3655.602
4149.0,3656.595
4150.0,3657.588
4151.0,3658.581
4152.0,3659.574
4153.0,3660.567
4154.0,3661.56
4155.0,3662.553
4156.0,3663.546
4157.0,3664.539
4158.0,3665.532
4159.0,3666.525
4160.0,3667.518
4161.0,3668.511
4162.0,3669.504
4163.0,3670.497
4164.0,3671.49
4165.0,3672.483
4166.0,3673.476
4167.0,3674.469
4168.0,3675.462
4169.0,3676.455
4170.0,3677.448
4171.0,3678.441
4172.0,3679.434
4173.0,3680.427
4174.0,3681.42
4175.0,3682.413
4176.0,3683.406
4177.0,3684.399
4178.0,3685.392
4179.0,3686.385
4180.0,3687.378
4181.0,3688.371
4182.0,3689.364
4183.0,3690.357
4184.0,3691.35
4185.0,3692.343
4186.0,3693.336
4187.0,3694.329
4188.0,3695.322
4189.0,3696.315
4190.0,3697.308
4191.0,3698.301
4192.0,3699.294
4193.0,3700.287
4194.0,3701.28
4195.0,3702.273
4196.0,3703.266
4197.0,3704.259
4198.0,3705.252
4199.0,3706.245
4200.0,3707.238
4201.0,3708.231
4202.0,3709.224
4203.0,3710.217
4204.0,3711.21
4205.0,3712.203
4206.0,3713.196
4207.0,3714.189
4208.0,3715.182
4209.0,3716.175
4210.0,3717.168
4211.0,3718.161
4212.0,3719.154
4213.0,3720.147
4214.0,3721.14
4215.0,3722.133
4216.0,3723.126
4217.0,3724.119
4218.0,3725.112
4219.0,3726.105
4220.0,3727.098
4221.0,3728.091
4222.0,3729.084
4223.0,3730.077
4224.0,3731.07
4225.0,3732.063
4226.0,3733.056
4227.0,3734.049
4228.0,3735.042
4229.0,3736.035
4230.0,3737.028
4231.0,3738.021
4232.0,3739.014
4233.0,3740.007
4234.0,3741.0
4235.0,3741.993
4236.0,3742.986
4237.0,3743.979
4238.0,3744.972
4239.0,3745.965
4240.0,3746.958
4241.0,3747.951
4242.0,3748.944
4243.0,3749.937
4244.0,3750.93
4245.0,3751.923
4246.0,3752.916
4247.0,3753.909
4248.0,3754.902
4249.0,3755.895
4250.0,3756.888
4251.0,3757.881
4252.0,3758.874
4253.0,3759.867
4254.0,3760.86
4255.0,3761.853
4256.0,3762.846
4257.0,3763.839
4258.0,3764.832
4259.0,3765.825
4260.0,3766.818
4261.0,3767.811
4262.0,3768.804
4263.0,3769.797
4264.0,3770.79
4265.0,3771.783
4266.0,3772.776
4267.0,3773.769
4268.0,3774.762
4269.0,3775.755
4270.0,3776.748
4271.0,3777.741
4272.0,3778.734
4273.0,3779.727
4274.0,3780.72
4275.0,3781.713
4276.0,3782.706
4277.0,3783.699
4278.0,3784.692
4279.0,3785.685
4280.0,3786.678
4281.0,3787.671
4282.0,3788.664
4283.0,3789.657
4284.0,3790.65
4285.0,3791.643
4286.0,3792.636
4287.0,3793.629
4288.0,3794.622
4289.0,3795.615
4290.0,3796.608
4291.0,3797.601
4292.0,3798.594
4293.0,3799.587
4294.0,3800.58
4295.0,3801.573
4296.0,3802.566
4297.0,3803.559
4298.0,3804.552
4299.0,3805.545
4300.0,3806.538
4301.0,3807.531
4302.0,3808.524
4303.0,3809.517
4304.0,3810.51
4305.0,3811.503
4306.0,3812.496
4307.0,3813.489
4308.0,3814.482
4309.0,3815.475
4310.0,3816.468
4311.0,3817.461
4312.0,3818.454
4313.0,3819.447
4314.0,3820.44
4315.0,3821.433
4316.0,3822.426
4317.0,3823.419
4318.0,3824.412
4319.0,3825.405
4320.0,3826.398
4321.0,3827.391
4322.0,3828.384
4323.0,3829.377
4324.0,3830.37
4325.0,3831.363
4326.0,3832.356
4327.0,3833.349
4328.0,3834.342
4329.0,3835.335
4330.0,3836.328
4331.0,3837.321
4332.0,3838.314
4333.0,3839.307
4334.0,3840.3
4335.0,3841.293
4336.0,3842.286
4337.0,3843.279
4338.0,3844.272
4339.0,3845.265
4340.0,3846.258
4341.0,3847.251
4342.0,3848.244
4343.0,3849.237
4344.0,3850.23
4345.0,3851.223
4346.0,3852.216
4347.0,3853.209
4348.0,3854.202
4349.0,3855.195
4350.0,3856.188
4351.0,3857.181
4352.0,3858.174
4353.0,3859.167
4354.0,3860.16
4355.0,3861.153
4356.0,3862.146
4357.0,3863.139
4358.0,3864.132
4359.0,3865.125
4360.0,3866.118
4361.0,3867.111
4362.0,3868.104
4363.0,3869.097
4364.0,3870.09
4365.0,3871.083
4366.0,3872.076
4367.0,3873.069
4368.0,3874.062
4369.0,3875.055
4370.0,3876.048
4371.0,3877.041
4372.0,3878.034
4373.0,3879.027
4374.0,3880.02
4375.0,3881.013
4376.0,3882.006
4377.0,3882.999
4378.0,3883.992
4379.0,3884.985
4380.0,3885.978
4381.0,3886.971
4382.0,3887.964
4383.0,3888.957
4384.0,3889.95
4385.0,3890.943
4386.0,3891.936
4387.0,3892.929
4388.0,3893.922
4389.0,3894.915
4390.0,3895.908
4391.0,3896.901
4392.0,3897.894
4393.0,3898.887
4394.0,3899.88
4395.0,3900.873
4396.0,3901.866
4397.0,3902.859
4398.0,3903.852
4399.0,3904.845
4400.0,3905.838
4401.0,3906.831
4402.0,3907.824
4403.0,3908.817
4404.0,3909.81
4405.0,3910.803
4406.0,3911.796
4407.0,3912.789
4408.0,3913.782
4409.0,3914.775
4410.0,3915.768
4411.0,3916.761
4412.0,3917.754
4413.0,3918.747
4414.0,3919.74
4415.0,3920.733
4416.0,3921.726
4417.0,3922.719
4418.0,3923.712
4419.0,3924.705
4420.0,3925.698
4421.0,3926.691
4422.0,3927.684
4423.0,3928.677
4424.0,3929.67
4425.0,3930.663
4426.0,3931.656
4427.0,3932.649
4428.0,3933.642
4429.0,3934.635
4430.0,3935.628
4431.0,3936.621
4432.0,3937.614
4433.0,3938.607
4434.0,3939.6
4435.0,3940.593
4436.0,3941.586
4437.0,3942.579
4438.0,3943.572
4439.0,3944.565
4440.0,3945.558
4441.0,3946.551
4442.0,3947.544
4443.0,3948.537
4444.0,3949.53
4445.0,3950.523
4446.0,3951.516
4447.0,3952.509
4448.0,3953.502
4449.0,3954.495
4450.0,3955.488
4451.0,3956.481
4452.0,3957.474
4453.0,3958.467
4454.0,3959.46
4455.0,3960.453
4456.0,3961.446
4457.0,3962.439
4458.0,3963.432
4459.0,3964.425
4460.0,3965.418
4461.0,3966.411
4462.0,3967.404
4463.0,3968.397
4464.0,3969.39
4465.0,3970.383
4466.0,3971.376
4467.0,3972.369
4468.0,3973.362
4469.0,3974.355
4470.0,3975.348
4471.0,3976.341
4472.0,3977.334
4473.0,3978.327
4474.0,3979.32
4475.0,3980.313
4476.0,3981.306
4477.0,3982.299
4478.0,3983.292
4479.0,3984.285
4480.0,3985.278
4481.0,3986.271
4482.0,3987.264
4483.0,3988.257
4484.0,3989.25
4485.0,3990.243
4486.0,3991.236
4487.0,3992.229
4488.0,3993.222
4489.0,3994.215
4490.0,3995.208
4491.0,3996.201
4492.0,3997.194
4493.0,3998.187
4494.0,3999.18
4495.0,4000.173
4496.0,4001.166
4497.0,4002.159
4498.0,4003.152
4499.0,4004.145
4500.0,4005.138
4501.0,4006.131
4502.0,4007.124
4503.0,4008.117
4504.0,4009.11
4505.0,4010.103
4506.0,4011.096
4507.0,4012.089
4508.0,4013.082
4509.0,4014.075
4510.0,4015.068
4511.0,4016.061
4512.0,4017.054
4513.0,4018.047
4514.0,4019.04
4515.0,4020.033
4516.0,4021.026
4517.0,4022.019
4518.0,4023.012
4519.0,4024.005
4520.0,4024.998
4521.0,4025.991
4522.0,4026.984
4523.0,4027.977
4524.0,4028.97
4525.0,4029.963
4526.0,4030.956
4527.0,4031.949
4528.0,4032.942
4529.0,4033.935
4530.0,4034.928
4531.0,4035.921
4532.0,4036.914
4533.0,4037.907
4534.0,4038.9
4535.0,4039.893
4536.0,4040.886
4537.0,4041.879
4538.0,4042.872
4539.0,4043.865
4540.0,4044.858
4541.0,4045.851
4542.0,4046.844
4543.0,4047.837
4544.0,4048.83
4545.0,4049.823
4546.0,4050.816
4547.0,4051.809
4548.0,4052.802
4549.0,4053.795
4550.0,4054.788
4551.0,4055.781
4552.0,4056.774
4553.0,4057.767
4554.0,4058.76
4555.0,4059.753
4556.0,4060.746
4557.0,4061.739
4558.0,4062.732
4559.0,4063.725
4560.0,4064.718
4561.0,4065.711
4562.0,4066.704
4563.0,4067.697
4564.0,4068.69
4565.0,4069.683
4566.0,4070.676
4567.0,4071.669
4568.0,4072.662
4569.0,4073.655
4570.0,4074.648
4571.0,4075.641
4572.0,4076.634
4573.0,4077.627
4574.0,4078.62
4575.0,4079.613
4576.0,4080.606
4577.0,4081.599
4578.0,4082.592
4579.0,4083.585
4580.0,4084.578
4581.0,4085.571
4582.0,4086.564
4583.0,4087.557
4584.0,4088.55
4585.0,4089.543
4586.0,4090.536
4587.0,4091.529
4588.0,4092.522
4589.0,4093.515
4590.0,4094.508
4591.0,4095.501
4592.0,4096.494
4593.0,4097.487
4594.0,4098.48
4595.0,4099.473
4596.0,4100.466
4597.0,4101.459
4598.0,4102.452
4599.0,4103.445
4600.0,4104.438
4601.0,4105.431
4602.0,4106.424
4603.0,4107.417
4604.0,4108.41
4605.0,4109.403
4606.0,4110.396
4607.0,4111.389
4608.0,4112.382
4609.0,4113.375
4610.0,4114.368
4611.0,4115.361
4612.0,4116.354
4613.0,4117.347
4614.0,4118.34
4615.0,4119.333
4616.0,4120.326
4617.0,4121.319
4618.0,4122.312
4619.0,4123.305
4620.0,4124.298
4621.0,4125.291
4622.0,4126.284
4623.0,4127.277
4624.0,4128.27
4625.0,4129.263
4626.0,4130.256
4627.0,4131.249
4628.0,4132.242
4629.0,4133.235
4630.0,4134.228
4631.0,4135.221
4632.0,4136.214
4633.0,4137.207
4634.0,4138.2
4635.0,4139.193
4636.0,4140.186
4637.0,4141.179
4638.0,4142.172
4639.0,4143.165
4640.0,4144.158
4641.0,4145.151
4642.0,4146.144
4643.0,4147.137
4644.0,4148.13
4645.0,4149.123
4646.0,4150.116
4647.0,4151.109
4648.0,4152.102
4649.0,4153.095
4650.0,4154.088
4651.0,4155.081
4652.0,4156.074
4653.0,4157.067
4654.0,4158.06
4655.0,4159.053
4656.0,4160.046
4657.0,4161.039
4658.0,4162.032
4659.0,4163.025
4660.0,4164.018
4661.0,4165.011
4662.0,4166.004
4663.0,4166.997
4664.0,4167.99
4665.0,4168.983
4666.0,4169.976
4667.0,4170.969
4668.0,4171.962
4669.0,4172.955
4670.0,4173.948
4671.0,4174.941
4672.0,4175.934
4673.0,4176.927
4674.0,4177.92
4675.0,4178.913
4676.0,4179.906
4677.0,4180.899
4678.0,4181.892
4679.0,4182.885
4680.0,4183.878
4681.0,4184.871
4682.0,4185.864
4683.0,4186.857
4684.0,4187.85
4685.0,4188.843
4686.0,4189.836
4687.0,4190.829
4688.0,4191.822
4689.0,4192.815
4690.0,4193.808
4691.0,4194.801
4692.0,4195.794
4693.0,4196.787
4694.0,4197.78
4695.0,4198.773
4696.0,4199.766
4697.0,4200.759
4698.0,4201.752
4699.0,4202.745
4700.0,4203.738
4701.0,4204.731
4702.0,4205.724
4703.0,4206.717
4704.0,4207.71
4705.0,4208.703
4706.0,4209.696
4707.0,4210.689
4708.0,4211.682
4709.0,4212.675
4710.0,4213.668
4711.0,4214.661
4712.0,4215.654
4713.0,4216.647
4714.0,4217.64
4715.0,4218.633
4716.0,4219.626
4717.0,4220.619
4718.0,4221.612
4719.0,4222.605
4720.0,4223.598
4721.0,4224.591
4722.0,4225.584
4723.0,4226.577
4724.0,4227.57
4725.0,4228.563
4726.0,4229.556
4727.0,4230.549
4728.0,4231.542
4729.0,4232.535
4730.0,4233.528
4731.0,4234.521
4732.0,4235.514
4733.0,4236.507
4734.0,4237.5
4735.0,4238.493
4736.0,4239.486
4737.0,4240.479
4738.0,4241.472
4739.0,4242.465
4740.0,4243.458
4741.0,4244.451
4742.0,4245.444
4743.0,4246.437
4744.0,4247.43
4745.0,4248.423
4746.0,4249.416
4747.0,4250.409
4748.0,4251.402
4749.0,4252.395
4750.0,4253.388
4751.0,4254.381
4752.0,4255.374
4753.0,4256.367
4754.0,4257.36
4755.0,4258.353
4756.0,4259.346
4757.0,4260.339
4758.0,4261.332
4759.0,4262.325
4760.0,4263.318
4761.0,4264.311
4762.0,4265.304
4763.0,4266.297
4764.0,4267.29
4765.0,4268.283
4766.0,4269.276
4767.0,4270.269
4768.0,4271.262
4769.0,4272.255
4770.0,4273.248
4771.0,4274.241
4772.0,4275.234
4773.0,4276.227
4774.0,4277.22
4775.0,4278.213
4776.0,4279.206
4777.0,4280.199
4778.0,4281.192
4779.0,4282.185
4780.0,4283.178
4781.0,4284.171
4782.0,4285.164
4783.0,4286.157
4784.0,4287.15
4785.0,4288.143
4786.0,4289.136
4787.0,4290.129
4788.0,4291.122
4789.0,4292.115
4790.0,4293.108
4791.0,4294.101
4792.0,4295.094
4793.0,4296.087
4794.0,4297.08
4795.0,4298.073
4796.0,4299.066
4797.0,4300.059
4798.0,4301.052
4799.0,4302.045
4800.0,4303.038
4801.0,4304.031
4802.0,4305.024
4803.0,4306.017
4804.0,4307.01
4805.0,4308.003
4806.0,4308.996
4807.0,4309.989
4808.0,4310.982
4809.0,4311.975
4810.0,4312.968
4811.0,4313.961
4812.0,4314.954
4813.0,4315.947
4814.0,4316.94
4815.0,4317.933
4816.0,4318.926
4817.0,4319.919
4818.0,4320.912
4819.0,4321.905
4820.0,4322.898
4821.0,4323.891
4822.0,4324.884
4823.0,4325.877
4824.0,4326.87
4825.0,4327.863
4826.0,4328.856
4827.0,4329.849
4828.0,4330.842
4829.0,4331.835
4830.0,4332.828
4831.0,4333.821
4832.0,4334.814
4833.0,4335.807
4834.0,4336.8
4835.0,4337.793
4836.0,4338.786
4837.0,4339.779
4838.0,4340.772
4839.0,4341.765
4840.0,4342.758
4841.0,4343.751
4842.0,4344.744
4843.0,4345.737
4844.0,4346.73
4845.0,4347.723
4846.0,4348.716
4847.0,4349.709
4848.0,4350.702
4849.0,4351.695
4850.0,4352.688
4851.0,4353.681
4852.0,4354.674
4853.0,4355.667
4854.0,4356.66
4855.0,4357.653
4856.0,4358.646
4857.0,4359.639
4858.0,4360.632
4859.0,4361.625
4860.0,4362.618
4861.0,4363.611
4862.0,4364.604
4863.0,4365.597
4864.0,4366.59
4865.0,4367.583
4866.0,4368.576
4867.0,4369.569
4868.0,4370.562
4869.0,4371.555
4870.0,4372.548
4871.0,4373.541
4872.0,4374.534
4873.0,4375.527
4874.0,4376.52
4875.0,4377.513
4876.0,4378.506
4877.0,4379.499
4878.0,4380.492
4879.0,4381.485
4880.0,4382.478
4881.0,4383.471
4882.0,4384.464
4883.0,4385.457
4884.0,4386.45
4885.0,4387.443
4886.0,4388.436
4887.0,4389.429
4888.0,4390.422
4889.0,4391.415
4890.0,4392.408
4891.0,4393.401
4892.0,4394.394
4893.0,4395.387
4894.0,4396.38
4895.0,4397.373
4896.0,4398.366
4897.0,4399.359
4898.0,4400.352
4899.0,4401.345
4900.0,4402.338
4901.0,4403.331
4902.0,4404.324
4903.0,4405.317
4904.0,4406.31
4905.0,4407.303
4906.0,4408.296
4907.0,4409.289
4908.0,4410.282
4909.0,4411.275
4910.0,4412.268
4911.0,4413.261
4912.0,4414.254
4913.0,4415.247
4914.0,4416.24
4915.0,4417.233
4916.0,4418.226
4917.0,4419.219
4918.0,4420.212
4919.0,4421.205
4920.0,4422.198
4921.0,4423.191
4922.0,4424.184
4923.0,4425.177
4924.0,4426.17
4925.0,4427.163
4926.0,4428.156
4927.0,4429.149
4928.0,4430.142
4929.0,4431.135
4930.0,4432.128
4931.0,4433.121
4932.0,4434.114
4933.0,4435.107
4934.0,4436.1
4935.0,4437.093
4936.0,4438.086
4937.0,4439.079
4938.0,4440.072
4939.0,4441.065
4940.0,4442.058
4941.0,4443.051
4942.0,4444.044
4943.0,4445.037
4944.0,4446.03
4945.0,4447.023
4946.0,4448.016
4947.0,4449.009
4948.0,4450.002
4949.0,4450.995
4950.0,4451.988
4951.0,4452.981
4952.0,4453.974
4953.0,4454.967
4954.0,4455.96
4955.0,4456.953
4956.0,4457.946
4957.0,4458.939
4958.0,4459.932
4959.0,4460.925
4960.0,4461.918
4961.0,4462.911
4962.0,4463.904
4963.0,4464.897
4964.0,4465.89
4965.0,4466.883
4966.0,4467.876
4967.0,4468.869
4968.0,4469.862
4969.0,4470.855
4970.0,4471.848
4971.0,4472.841
4972.0,4473.834
4973.0,4474.827
4974.0,4475.82
4975.0,4476.813
4976.0,4477.806
4977.0,4478.799
4978.0,4479.792
4979.0,4480.785
4980.0,4481.778
4981.0,4482.771
4982.0,4483.764
4983.0,4484.757
4984.0,4485.75
4985.0,4486.743
4986.0,4487.736
4987.0,4488.729
4988.0,4489.722
4989.0,4490.715
4990.0,4491.708
4991.0,4492.701
4992.0,4493.694
4993.0,4494.687
4994.0,4495.68
4995.0,4496.673
4996.0,4497.666
4997.0,4498.659
4998.0,4499.652
4999.0,4500.645
5000.0,4501.638
5001.0,4502.631
5002.0,4503.624
5003.0,4504.617
5004.0,4505.61
5005.0,4506.603
5006.0,4507.596
5007.0,4508.589
5008.0,4509.582
5009.0,4510.575
5010.0,4511.568
5011.0,4512.561
5012.0,4513.554
5013.0,4514.547
5014.0,4515.54
5015.0,4516.533
5016.0,4517.526
5017.0,4518.519
5018.0,4519.512
5019.0,4520.505
5020.0,4521.498
5021.0,4522.491
5022.0,4523.484
5023.0,4524.477
5024.0,4525.47
5025.0,4526.463
5026.0,4527.456
5027.0,4528.449
5028.0,4529.442
5029.0,4530.435
5030.0,4531.428
5031.0,4532.421
5032.0,4533.414
5033.0,4534.407
5034.0,4535.4
5035.0,4536.393
5036.0,4537.386
5037.0,4538.379
5038.0,4539.372
5039.0,4540.365
5040.0,4541.358
5041.0,4542.351
5042.0,4543.344
5043.0,4544.337
5044.0,4545.33
5045.0,4546.323
5046.0,4547.316
5047.0,4548.309
5048.0,4549.302
5049.0,4550.295
5050.0,4551.288
5051.0,4552.281
5052.0,4553.274
5053.0,4554.267
5054.0,4555.26
5055.0,4556.253
5056.0,4557.246
5057.0,4558.239
5058.0,4559.232
5059.0,4560.225
5060.0,4561.218
5061.0,4562.211
5062.0,4563.204
5063.0,4564.197
5064.0,4565.19
5065.0,4566.183
5066.0,4567.176
5067.0,4568.169
5068.0,4569.162
5069.0,4570.155
5070.0,4571.148
5071.0,4572.141
5072.0,4573.134
5073.0,4574.127
5074.0,4575.12
5075.0,4576.113
5076.0,4577.106
5077.0,4578.099
5078.0,4579.092
5079.0,4580.085
5080.0,4581.078
5081.0,4582.071
5082.0,4583.064
5083.0,4584.057
5084.0,4585.05
5085.0,4586.043
5086.0,4587.036
5087.0,4588.029
5088.0,4589.022
5089.0,4590.015
5090.0,4591.008
5091.0,4592.001
5092.0,4592.994
5093.0,4593.987
5094.0,4594.98
5095.0,4595.973
5096.0,4596.966
5097.0,4597.959
5098.0,4598.952
5099.0,4599.945
5100.0,4600.938
5101.0,4601.931
5102.0,4602.924
5103.0,4603.917
5104.0,4604.91
5105.0,4605.903
5106.0,4606.896
5107.0,4607.889
5108.0,4608.882
5109.0,4609.875
5110.0,4610.868
5111.0,4611.861
5112.0,4612.854
5113.0,4613.847
5114.0,4614.84
5115.0,4615.833
5116.0,4616.826
5117.0,4617.819
5118.0,4618.812
5119.0,4619.805
5120.0,4620.798
5121.0,4621.791
5122.0,4622.784
5123.0,4623.777
5124.0,4624.77
5125.0,4625.763
5126.0,4626.756
5127.0,4627.749
5128.0,4628.742
5129.0,4629.735
5130.0,4630.728
5131.0,4631.721
5132.0,4632.714
5133.0,4633.707
5134.0,4634.7
5135.0,4635.693
5136.0,4636.686
5137.0,4637.679
5138.0,4638.672
5139.0,4639.665
5140.0,4640.658
5141.0,4641.651
5142.0,4642.644
5143.0,4643.637
5144.0,4644.63
5145.0,4645.623
5146.0,4646.616
5147.0,4647.609
5148.0,4648.602
5149.0,4649.595
5150.0,4650.588
5151.0,4651.581
5152.0,4652.574
5153.0,4653.567
5154.0,4654.56
5155.0,4655.553
5156.0,4656.546
5157.0,4657.539
5158.0,4658.532
5159.0,4659.525
5160.0,4660.518
5161.0,4661.511
5162.0,4662.504
5163.0,4663.497
5164.0,4664.49
5165.0,4665.483
5166.0,4666.476
5167.0,4667.469
5168.0,4668.462
5169.0,4669.455
5170.0,4670.448
5171.0,4671.441
5172.0,4672.434
5173.0,4673.427
5174.0,4674.42
5175.0,4675.413
5176.0,4676.406
5177.0,4677.399
5178.0,4678.392
5179.0,4679.385
5180.0,4680.378
5181.0,4681.371
5182.0,4682.364
5183.0,4683.357
5184.0,4684.35
5185.0,4685.343
5186.0,4686.336
5187.0,4687.329
5188.0,4688.322
5189.0,4689.315
5190.0,4690.308
5191.0,4691.301
5192.0,4692.294
5193.0,4693.287
5194.0,4694.28
5195.0,4695.273
5196.0,4696.266
5197.0,4697.259
5198.0,4698.252
5199.0,4699.245
5200.0,4700.238
5201.0,4701.231
5202.0,4702.224
5203.0,4703.217
5204.0,4704.21
5205.0,4705.203
5206.0,4706.196
5207.0,4707.189
5208.0,4708.182
5209.0,4709.175
5210.0,4710.168
5211.0,4711.161
5212.0,4712.154
5213.0,4713.147
5214.0,4714.14
5215.0,4715.133
5216.0,4716.126
5217.0,4717.119
5218.0,4718.112
5219.0,4719.105
5220.0,4720.098
5221.0,4721.091
5222.0,4722.084
5223.0,4723.077
5224.0,4724.07
5225.0,4725.063
5226.0,4726.056
5227.0,4727.049
5228.0,4728.042
5229.0,4729.035
5230.0,4730.028
5231.0,4731.021
5232.0,4732.014
5233.0,4733.007
5234.0,4734.0
5235.0,4734.993
5236.0,4735.986
5237.0,4736.979
5238.0,4737.972
5239.0,4738.965
5240.0,4739.958
5241.0,4740.951
5242.0,4741.944
5243.0,4742.937
5244.0,4743.93
5245.0,4744.923
5246.0,4745.916
5247.0,4746.909
5248.0,4747.902
5249.0,4748.895
5250.0,4749.888
5251.0,4750.881
5252.0,4751.874
5253.0,4752.867
5254.0,4753.86
5255.0,4754.853
5256.0,4755.846
5257.0,4756.839
5258.0,4757.832
5259.0,4758.825
5260.0,4759.818
5261.0,4760.811
5262.0,4761.804
5263.0,4762.797
5264.0,4763.79
5265.0,4764.783
5266.0,4765.776
5267.0,4766.769
5268.0,4767.762
5269.0,4768.755
5270.0,4769.748
5271.0,4770.741
5272.0,4771.734
5273.0,4772.727
5274.0,4773.72
5275.0,4774.713
5276.0,4775.706
5277.0,4776.699
5278.0,4777.692
5279.0,4778.685
5280.0,4779.678
5281.0,4780.671
5282.0,4781.664
5283.0,4782.657
5284.0,4783.65
5285.0,4784.643
5286.0,4785.636
5287.0,4786.629
5288.0,4787.622
5289.0,4788.615
5290.0,4789.608
5291.0,4790.601
5292.0,4791.594
5293.0,4792.587
5294.0,4793.58
5295.0,4794.573
5296.0,4795.566
5297.0,4796.559
5298.0,4797.552
5299.0,4798.545
5300.0,4799.538
5301.0,4800.531
5302.0,4801.524
5303.0,4802.517
5304.0,4803.51
5305.0,4804.503
5306.0,4805.496
5307.0,4806.489
5308.0,4807.482
5309.0,4808.475
5310.0,4809.468
5311.0,4810.461
5312.0,4811.454
5313.0,4812.447
5314.0,4813.44
5315.0,4814.433
5316.0,4815.426
5317.0,4816.419
5318.0,4817.412
5319.0,4818.405
5320.0,4819.398
5321.0,4820.391
5322.0,4821.384
5323.0,4822.377
5324.0,4823.37
5325.0,4824.363
5326.0,4825.356
5327.0,4826.349
5328.0,4827.342
5329.0,4828.335
5330.0,4829.328
5331.0,4830.321
5332.0,4831.314
5333.0,4832.307
5334.0,4833.3
5335.0,4834.293
5336.0,4835.286
5337.0,4836.279
5338.0,4837.272
5339.0,4838.265
5340.0,4839.258
5341.0,4840.251
5342.0,4841.244
5343.0,4842.237
5344.0,4843.23
5345.0,4844.223
5346.0,4845.216
5347.0,4846.209
5348.0,4847.202
5349.0,4848.195
5350.0,4849.188
5351.0,4850.181
5352.0,4851.174
5353.0,4852.167
5354.0,4853.16
5355.0,4854.153
5356.0,4855.146
5357.0,4856.139
5358.0,4857.132
5359.0,4858.125
5360.0,4859.118
5361.0,4860.111
5362.0,4861.104
5363.0,4862.097
5364.0,4863.09
5365.0,4864.083
5366.0,4865.076
5367.0,4866.069
5368.0,4867.062
5369.0,4868.055
5370.0,4869.048
5371.0,4870.041
5372.0,4871.034
5373.0,4872.027
5374.0,4873.02
5375.0,4874.013
5376.0,4875.006
5377.0,4875.999
5378.0,4876.992
5379.0,4877.985
5380.0,4878.978
5381.0,4879.971
5382.0,4880.964
5383.0,4881.957
5384.0,4882.95
5385.0,4883.943
5386.0,4884.936
5387.0,4885.929
5388.0,4886.922
5389.0,4887.915
5390.0,4888.908
5391.0,4889.901
5392.0,4890.894
5393.0,4891.887
5394.0,4892.88
5395.0,4893.873
5396.0,4894.866
5397.0,4895.859
5398.0,4896.852
5399.0,4897.845
5400.0,4898.838
5401.0,4899.831
5402.0,4900.824
5403.0,4901.817
5404.0,4902.81
5405.0,4903.803
5406.0,4904.796
5407.0,4905.789
5408.0,4906.782
5409.0,4907.775
5410.0,4908.768
5411.0,4909.761
5412.0,4910.754
5413.0,4911.747
5414.0,4912.74
5415.0,4913.733
5416.0,4914.726
5417.0,4915.719
5418.0,4916.712
5419.0,4917.705
5420.0,4918.698
5421.0,4919.691
5422.0,4920.684
5423.0,4921.677
5424.0,4922.67
5425.0,4923.663
5426.0,4924.656
5427.0,4925.649
5428.0,4926.642
5429.0,4927.635
5430.0,4928.628
5431.0,4929.621
5432.0,4930.614
5433.0,4931.607
5434.0,4932.6
5435.0,4933.593
5436.0,4934.586
5437.0,4935.579
5438.0,4936.572
5439.0,4937.565
5440.0,4938.558
5441.0,4939.551
5442.0,4940.544
5443.0,4941.537
5444.0,4942.53
5445.0,4943.523
5446.0,4944.516
5447.0,4945.509
5448.0,4946.502
5449.0,4947.495
5450.0,4948.488
5451.0,4949.481
5452.0,4950.474
5453.0,4951.467
5454.0,4952.46
5455.0,4953.453
5456.0,4954.446
5457.0,4955.439
5458.0,4956.432
5459.0,4957.425
5460.0,4958.418
5461.0,4959.411
5462.0,4960.404
5463.0,4961.397
5464.0,4962.39
5465.0,4963.383
5466.0,4964.376
5467.0,4965.369
5468.0,4966.362
5469.0,4967.355
5470.0,4968.348
5471.0,4969.341
5472.0,4970.334
5473.0,4971.327
5474.0,4972.32
5475.0,4973.313
5476.0,4974.306
5477.0,4975.299
5478.0,4976.292
5479.0,4977.285
5480.0,4978.278
5481.0,4979.271
5482.0,4980.264
5483.0,4981.257
5484.0,4982.25
5485.0,4983.243
5486.0,4984.236
5487.0,4985.229
5488.0,4986.222
5489.0,4987.215
5490.0,4988.208
5491.0,4989.201
5492.0,4990.194
5493.0,4991.187
5494.0,4992.18
5495.0,4993.173
5496.0,4994.166
5497.0,4995.159
5498.0,4996.152
5499.0,4997.145
5500.0,4998.138
5501.0,4999.131
5502.0,5000.124
5503.0,5001.117
5504.0,5002.11
5505.0,5003.103
5506.0,5004.096
5507.0,5005.089
5508.0,5006.082
5509.0,5007.075
5510.0,5008.068
5511.0,5009.061
5512.0,5010.054
5513.0,5011.047
5514.0,5012.04
5515.0,5013.033
5516.0,5014.026
5517.0,5015.019
5518.0,5016.012
5519.0,5017.005
5520.0,5017.998
5521.0,5018.991
5522.0,5019.984
5523.0,5020.977
5524.0,5021.97
5525.0,5022.963
5526.0,5023.956
5527.0,5024.949
5528.0,5025.942
5529.0,5026.935
5530.0,5027.928
5531.0,5028.921
5532.0,5029.914
5533.0,5030.907
5534.0,5031.9
5535.0,5032.893
5536.0,5033.886
5537.0,5034.879
5538.0,5035.872
5539.0,5036.865
5540.0,5037.858
5541.0,5038.851
5542.0,5039.844
5543.0,5040.837
5544.0,5041.83
5545.0,5042.823
5546.0,5043.816
5547.0,5044.809
5548.0,5045.802
5549.0,5046.795
5550.0,5047.788
5551.0,5048.781
5552.0,5049.774
5553.0,5050.767
5554.0,5051.76
5555.0,5052.753
5556.0,5053.746
5557.0,5054.739
5558.0,5055.732
5559.0,5056.725
5560.0,5057.718
5561.0,5058.711
5562.0,5059.704
5563.0,5060.697
5564.0,5061.69
5565.0,5062.683
5566.0,5063.676
5567.0,5064.669
5568.0,5065.662
5569.0,5066.655
5570.0,5067.648
5571.0,5068.641
5572.0,5069.634
5573.0,5070.627
5574.0,5071.62
5575.0,5072.613
5576.0,5073.606
5577.0,5074.599
5578.0,5075.592
5579.0,5076.585
5580.0,5077.578
5581.0,5078.571
5582.0,5079.564
5583.0,5080.557
5584.0,5081.55
5585.0,5082.543
5586.0,5083.536
5587.0,5084.529
5588.0,5085.522
5589.0,5086.515
5590.0,5087.508
5591.0,5088.501
5592.0,5089.494
5593.0,5090.487
5594.0,5091.48
5595.0,5092.473
5596.0,5093.466
5597.0,5094.459
5598.0,5095.452
5599.0,5096.445
5600.0,5097.438
5601.0,5098.431
5602.0,5099.424
5603.0,5100.417
5604.0,5101.41
5605.0,5102.403
5606.0,5103.396
5607.0,5104.389
5608.0,5105.382
5609.0,5106.375
5610.0,5107.368
5611.0,5108.361
5612.0,5109.354
5613.0,5110.347
5614.0,5111.34
5615.0,5112.333
5616.0,5113.325
5617.0,5114.318
5618.0,5115.311
5619.0,5116.304
5620.0,5117.297
5621.0,5118.29
5622.0,5119.283
5623.0,5120.276
5624.0,5121.269
5625.0,5122.262
5626.0,5123.255
5627.0,5124.248
5628.0,5125.241
5629.0,5126.234
5630.0,5127.227
5631.0,5128.22
5632.0,5129.213
5633.0,5130.206
5634.0,5131.199
5635.0,5132.192
5636.0,5133.185
5637.0,5134.178
5638.0,5135.171
5639.0,5136.164
5640.0,5137.157
5641.0,5138.15
5642.0,5139.143
5643.0,5140.136
5644.0,5141.129
5645.0,5142.122
5646.0,5143.115
5647.0,5144.108
5648.0,5145.101
5649.0,5146.094
5650.0,5147.087
5651.0,5148.08
5652.0,5149.073
5653.0,5150.066
5654.0,5151.059
5655.0,5152.052
5656.0,5153.045
5657.0,5154.038
5658.0,5155.031
5659.0,5156.024
5660.0,5157.017
5661.0,5158.01
5662.0,5159.003
5663.0,5159.996
5664.0,5160.989
5665.0,5161.982
5666.0,5162.975
5667.0,5163.968
5668.0,5164.961
5669.0,5165.954
5670.0,5166.947
5671.0,5167.94
5672.0,5168.933
5673.0,5169.926
5674.0,5170.919
5675.0,5171.912
5676.0,5172.905
5677.0,5173.898
5678.0,5174.891
5679.0,5175.884
5680.0,5176.877
5681.0,5177.87
5682.0,5178.863
5683.0,5179.856
5684.0,5180.849
5685.0,5181.842
5686.0,5182.835
5687.0,5183.828
5688.0,5184.821
5689.0,5185.814
5690.0,5186.807
5691.0,5187.8
5692.0,5188.793
5693.0,5189.786
5694.0,5190.779
5695.0,5191.772
5696.0,5192.765
5697.0,5193.758
5698.0,5194.751
5699.0,5195.744
5700.0,5196.737
5701.0,5197.73
5702.0,5198.723
5703.0,5199.716
5704.0,5200.709
5705.0,5201.702
5706.0,5202.695
5707.0,5203.688
5708.0,5204.681
5709.0,5205.674
5710.0,5206.667
5711.0,5207.66
5712.0,5208.653
5713.0,5209.646
5714.0,5210.639
5715.0,5211.632
5716.0,5212.625
5717.0,5213.618
5718.0,5214.611
5719.0,5215.604
5720.0,5216.597
5721.0,5217.59
5722.0,5218.583
5723.0,5219.576
5724.0,5220.569
5725.0,5221.562
5726.0,5222.555
5727.0,5223.548
5728.0,5224.541
5729.0,5225.534
5730.0,5226.527
5731.0,5227.52
5732.0,5228.513
5733.0,5229.506
5734.0,5230.499
5735.0,5231.492
5736.0,5232.485
5737.0,5233.478
5738.0,5234.471
5739.0,5235.464
5740.0,5236.457
5741.0,5237.45
5742.0,5238.443
5743.0,5239.436
5744.0,5240.429
5745.0,5241.422
5746.0,5242.415
5747.0,5243.408
5748.0,5244.401
5749.0,5245.394
5750.0,5246.387
5751.0,5247.38
5752.0,5248.373
5753.0,5249.366
5754.0,5250.359
5755.0,5251.352
5756.0,5252.345
5757.0,5253.338
5758.0,5254.331
5759.0,5255.324
5760.0,5256.317
5761.0,5257.31
5762.0,5258.303
5763.0,5259.296
5764.0,5260.289
5765.0,5261.282
5766.0,5262.275
5767.0,5263.268
5768.0,5264.261
5769.0,5265.254
5770.0,5266.247
5771.0,5267.24
5772.0,5268.233
5773.0,5269.226
5774.0,5270.219
5775.0,5271.212
5776.0,5272.205
5777.0,5273.198
5778.0,5274.191
5779.0,5275.184
5780.0,5276.177
5781.0,5277.17
5782.0,5278.163
5783.0,5279.156
5784.0,5280.149
5785.0,5281.142
5786.0,5282.135
5787.0,5283.128
5788.0,5284.121
5789.0,5285.114
5790.0,5286.107
5791.0,5287.1
5792.0,5288.093
5793.0,5289.086
5794.0,5290.079
5795.0,5291.072
5796.0,5292.065
5797.0,5293.058
5798.0,5294.051
5799.0,5295.044
5800.0,5296.037
5801.0,5297.03
5802.0,5298.023
5803.0,5299.016
5804.0,5300.009
5805.0,5301.002
5806.0,5301.995
5807.0,5302.988
5808.0,5303.981
5809.0,5304.974
5810.0,5305.967
5811.0,5306.96
5812.0,5307.953
5813.0,5308.946
5814.0,5309.939
5815.0,5310.932
5816.0,5311.925
5817.0,5312.918
5818.0,5313.911
5819.0,5314.904
5820.0,5315.897
5821.0,5316.89
5822.0,5317.883
5823.0,5318.876
5824.0,5319.869
5825.0,5320.862
5826.0,5321.855
5827.0,5322.848
5828.0,5323.841
5829.0,5324.834
5830.0,5325.827
5831.0,5326.82
5832.0,5327.813
5833.0,5328.806
5834.0,5329.799
5835.0,5330.792
5836.0,5331.785
5837.0,5332.778
5838.0,5333.771
5839.0,5334.764
5840.0,5335.757
5841.0,5336.75
5842.0,5337.743
5843.0,5338.736
5844.0,5339.729
5845.0,5340.722
5846.0,5341.715
5847.0,5342.708
5848.0,5343.701
5849.0,5344.694
5850.0,5345.687
5851.0,5346.68
5852.0,5347.673
5853.0,5348.666
5854.0,5349.659
5855.0,5350.652
5856.0,5351.645
5857.0,5352.638
5858.0,5353.631
5859.0,5354.624
5860.0,5355.617
5861.0,5356.61
5862.0,5357.603
5863.0,5358.596
5864.0,5359.589
5865.0,5360.582
5866.0,5361.575
5867.0,5362.568
5868.0,5363.561
5869.0,5364.554
5870.0,5365.547
5871.0,5366.54
5872.0,5367.533
5873.0,5368.526
5874.0,5369.519
5875.0,5370.512
5876.0,5371.505
5877.0,5372.498
5878.0,5373.491
5879.0,5374.484
5880.0,5375.477
5881.0,5376.47
5882.0,5377.463
5883.0,5378.456
5884.0,5379.449
5885.0,5380.442
5886.0,5381.435
5887.0,5382.428
5888.0,5383.421
5889.0,5384.414
5890.0,5385.407
5891.0,5386.4
5892.0,5387.393
5893.0,5388.386
5894.0,5389.379
5895.0,5390.372
5896.0,5391.365
5897.0,5392.358
5898.0,5393.351
5899.0,5394.344
5900.0,5395.337
5901.0,5396.33
5902.0,5397.323
5903.0,5398.316
5904.0,5399.309
5905.0,5400.302
5906.0,5401.295
5907.0,5402.288
5908.0,5403.281
5909.0,5404.274
5910.0,5405.267
5911.0,5406.26
5912.0,5407.253
5913.0,5408.246
5914.0,5409.239
5915.0,5410.232
5916.0,5411.225
5917.0,5412.218
5918.0,5413.211
5919.0,5414.204
5920.0,5415.197
5921.0,5416.19
5922.0,5417.183
5923.0,5418.176
5924.0,5419.169
5925.0,5420.162
5926.0,5421.155
5927.0,5422.148
5928.0,5423.141
5929.0,5424.134
5930.0,5425.127
5931.0,5426.12
5932.0,5427.113
5933.0,5428.106
5934.0,5429.099
5935.0,5430.092
5936.0,5431.085
5937.0,5432.078
5938.0,5433.071
5939.0,5434.064
5940.0,5435.057
5941.0,5436.05
5942.0,5437.043
5943.0,5438.036
5944.0,5439.029
5945.0,5440.022
5946.0,5441.015
5947.0,5442.008
5948.0,5443.001
5949.0,5443.994
5950.0,5444.987
5951.0,5445.98
5952.0,5446.973
5953.0,5447.966
5954.0,5448.959
5955.0,5449.952
5956.0,5450.945
5957.0,5451.938
5958.0,5452.931
5959.0,5453.924
5960.0,5454.917
5961.0,5455.91
5962.0,5456.903
5963.0,5457.896
5964.0,5458.889
5965.0,5459.882
5966.0,5460.875
5967.0,5461.868
5968.0,5462.861
5969.0,5463.854
5970.0,5464.847
5971.0,5465.84
5972.0,5466.833
5973.0,5467.826
5974.0,5468.819
5975.0,5469.812
5976.0,5470.805
5977.0,5471.798
5978.0,5472.791
5979.0,5473.784
5980.0,5474.777
5981.0,5475.77
5982.0,5476.763
5983.0,5477.756
5984.0,5478.749
5985.0,5479.742
5986.0,5480.735
5987.0,5481.728
5988.0,5482.721
5989.0,5483.714
5990.0,5484.707
5991.0,5485.7
5992.0,5486.693
5993.0,5487.686
5994.0,5488.679
5995.0,5489.672
5996.0,5490.665
5997.0,5491.658
5998.0,5492.651
5999.0,5493.644
6000.0,5494.637
6010.0,5504.567
6020.0,5514.497
6030.0,5524.427
6040.0,5534.357
6050.0,5544.287
6060.0,5554.217
6070.0,5564.147
6080.0,5574.077
6090.0,5584.007
6100.0,5593.937
6110.0,5603.867
6120.0,5613.797
6130.0,5623.727
6140.0,5633.657
6150.0,5643.587
6160.0,5653.517
6170.0,5663.447
6180.0,5673.377
6190.0,5683.307
6200.0,5693.237
6210.0,5703.167
6220.0,5713.097
6230.0,5723.027
6240.0,5732.957
6250.0,5742.887
6260.0,5752.817
6270.0,5762.747
6280.0,5772.677
6290.0,5782.607
6300.0,5792.537
6310.0,5802.467
6320.0,5812.397
6330.0,5822.327
6340.0,5832.257
6350.0,5842.187
6360.0,5852.117
6370.0,5862.047
6380.0,5871.977
6390.0,5881.907
6400.0,5891.837
6410.0,5901.767
6420.0,5911.697
6430.0,5921.627
6440.0,5931.557
6450.0,5941.487
6460.0,5951.417
6470.0,5961.347
6480.0,5971.277
6490.0,5981.207
6500.0,5991.137
6510.0,6001.067
6520.0,6010.997
6530.0,6020.927
6540.0,6030.857
6550.0,6040.787
6560.0,6050.717
6570.0,6060.647
6580.0,6070.577
6590.0,6080.507
6600.0,6090.437
6610.0,6100.367
6620.0,6110.297
6630.0,6120.227
6640.0,6130.157
6650.0,6140.087
6660.0,6150.017
6670.0,6159.947
6680.0,6169.877
6690.0,6179.807
6700.0,6189.737
6710.0,6199.667
6720.0,6209.597
6730.0,6219.527
6740.0,6229.457
6750.0,6239.387
6760.0,6249.317
6770.0,6259.247
6780.0,6269.177
6790.0,6279.107
6800.0,6289.037
6810.0,6298.967
6820.0,6308.897
6830.0,6318.827
6840.0,6328.757
6850.0,6338.687
6860.0,6348.617
6870.0,6358.547
6880.0,6368.477
6890.0,6378.407
6900.0,6388.337
6910.0,6398.267
6920.0,6408.197
6930.0,6418.127
6940.0,6428.057
6950.0,6437.987
6960.0,6447.917
6970.0,6457.847
6980.0,6467.777
6990.0,6477.707
7000.0,6487.637
7010.0,6497.567
7020.0,6507.497
7030.0,6517.427
7040.0,6527.357
7050.0,6537.287
7060.0,6547.217
7070.0,6557.147
7080.0,6567.077
7090.0,6577.007
7100.0,6586.937
7110.0,6596.867
7120.0,6606.797
7130.0,6616.727
7140.0,6626.657
7150.0,6636.587
7160.0,6646.517
7170.0,6656.447
7180.0,6666.377
7190.0,6676.307
7200.0,6686.237
7210.0,6696.167
7220.0,6706.097
7230.0,6716.027
7240.0,6725.957
7250.0,6735.887
7260.0,6745.817
7270.0,6755.747
7280.0,6765.677
7290.0,6775.607
7300.0,6785.537
7310.0,6795.467
7320.0,6805.397
7330.0,6815.327
7340.0,6825.257
7350.0,6835.187
7360.0,6845.117
7370.0,6855.047
7380.0,6864.977
7390.0,6874.907
7400.0,6884.837
7410.0,6894.767
7420.0,6904.697
7430.0,6914.627
7440.0,6924.557
7450.0,6934.487
7460.0,6944.417
7470.0,6954.347
7480.0,6964.277
7490.0,6974.207
7500.0,6984.137
7510.0,6994.067
7520.0,7003.997
7530.0,7013.927
7540.0,7023.857
7550.0,7033.787
7560.0,7043.717
7570.0,7053.647
7580.0,7063.577
7590.0,7073.507
7600.0,7083.437
7610.0,7093.367
7620.0,7103.297
7630.0,7113.227
7640.0,7123.157
7650.0,7133.087
7660.0,7143.017
7670.0,7152.947
7680.0,7162.877
7690.0,7172.807
7700.0,7182.737
7710.0,7192.667
7720.0,7202.597
7730.0,7212.527
7740.0,7222.457
7750.0,7232.387
7760.0,7242.317
7770.0,7252.247
7780.0,7262.177
7790.0,7272.107
7800.0,7282.037
7810.0,7291.967
7820.0,7301.897
7830.0,7311.827
7840.0,7321.757
7850.0,7331.687
7860.0,7341.617
7870.0,7351.547
7880.0,7361.477
7890.0,7371.407
7900.0,7381.337
7910.0,7391.267
7920.0,7401.197
7930.0,7411.127
7940.0,7421.057
7950.0,7430.987
7960.0,7440.917
7970.0,7450.847
7980.0,7460.777
7990.0,7470.707
8000.0,7480.637
8010.0,7490.567
8020.0,7500.497
8030.0,7510.427
8040.0,7520.357
8050.0,7530.287
8060.0,7540.217
8070.0,7550.147
8080.0,7560.077
8090.0,7570.007
8100.0,7579.937
8110.0,7589.867
8120.0,7599.797
8130.0,7609.727
8140.0,7619.657
8150.0,7629.587
8160.0,7639.517
8170.0,7649.447
8180.0,7659.377
8190.0,7669.307
8200.0,7679.237
8210.0,7689.167
8220.0,7699.097
8230.0,7709.027
8240.0,7718.957
8250.0,7728.887
8260.0,7738.817
8270.0,7748.747
8280.0,7758.677
8290.0,7768.607
8300.0,7778.537
8310.0,7788.467
8320.0,7798.397
8330.0,7808.327
8340.0,7818.257
8350.0,7828.187
8360.0,7838.117
8370.0,7848.047
8380.0,7857.977
8390.0,7867.907
8400.0,7877.837
8410.0,7887.767
8420.0,7897.697
8430.0,7907.627
8440.0,7917.557
8450.0,7927.487
8460.0,7937.417
8470.0,7947.347
8480.0,7957.277
8490.0,7967.207
8500.0,7977.137
8510.0,7987.067
8520.0,7996.997
8530.0,8006.927
8540.0,8016.857
8550.0,8026.787
8560.0,8036.717
8570.0,8046.647
8580.0,8056.577
8590.0,8066.507
8600.0,8076.437
8610.0,8086.367
8620.0,8096.297
8630.0,8106.227
8640.0,8116.157
8650.0,8126.087
8660.0,8136.017
8670.0,8145.947
8680.0,8155.877
8690.0,8165.807
8700.0,8175.737
8710.0,8185.667
8720.0,8195.597
8730.0,8205.527
8740.0,8215.457
8750.0,8225.387
8760.0,8235.317
8770.0,8245.247
8780.0,8255.177
8790.0,8265.107
8800.0,8275.037
8810.0,8284.967
8820.0,8294.897
8830.0,8304.827
8840.0,8314.757
8850.0,8324.687
8860.0,8334.617
8870.0,8344.547
8880.0,8354.477
8890.0,8364.407
8900.0,8374.337
8910.0,8384.267
8920.0,8394.197
8930.0,8404.127
8940.0,8414.057
8950.0,8423.987
8960.0,8433.917
8970.0,8443.847
8980.0,8453.777
8990.0,8463.707
9000.0,8473.637
9010.0,8483.567
9020.0,8493.497
9030.0,8503.427
9040.0,8513.357
9050.0,8523.287
9060.0,8533.217
9070.0,8543.147
9080.0,8553.077
9090.0,8563.007
9100.0,8572.937
9110.0,8582.867
9120.0,8592.797
9130.0,8602.727
9140.0,8612.657
9150.0,8622.587
9160.0,8632.517
9170.0,8642.447
9180.0,8652.377
9190.0,8662.307
9200.0,8672.237
9210.0,8682.167
9220.0,8692.097
9230.0,8702.027
9240.0,8711.957
9250.0,8721.887
9260.0,8731.817
9270.0,8741.747
9280.0,8751.677
9290.0,8761.607
9300.0,8771.537
9310.0,8781.467
9320.0,8791.397
9330.0,8801.327
9340.0,8811.257
9350.0,8821.187
9360.0,8831.117
9370.0,8841.047
9380.0,8850.977
9390.0,8860.907
9400.0,8870.837
9410.0,8880.767
9420.0,8890.697
9430.0,8900.627
9440.0,8910.557
9450.0,8920.487
9460.0,8930.417
9470.0,8940.347
9480.0,8950.277
9490.0,8960.207
9500.0,8970.137
9510.0,8980.067
9520.0,8989.997
9530.0,8999.927
9540.0,9009.857
9550.0,9019.787
9560.0,9029.717
9570.0,9039.647
9580.0,9049.577
9590.0,9059.507
9600.0,9069.437
9610.0,9079.367
9620.0,9089.297
9630.0,9099.227
9640.0,9109.157
9650.0,9119.087
9660.0,9129.017
9670.0,9138.947
9680.0,9148.877
9690.0,9158.807
9700.0,9168.737
9710.0,9178.667
9720.0,9188.597
9730.0,9198.527
9740.0,9208.457
9750.0,9218.387
9760.0,9228.317
9770.0,9238.247
9780.0,9248.177
9790.0,9258.107
9800.0,9268.037
9810.0,9277.967
9820.0,9287.897
9830.0,9297.827
9840.0,9307.757
9850.0,9317.687
9860.0,9327.617
9870.0,9337.547
9880.0,9347.477
9890.0,9357.407
9900.0,9367.337
9910.0,9377.267
9920.0,9387.197
9930.0,9397.127
9940.0,9407.057
9950.0,9416.987
9960.0,9426.917
9970.0,9436.847
9980.0,9446.777
9990.0,9456.707
10000.0,9466.637
10010.0,9476.567
10020.0,9486.497
10030.0,9496.427
10040.0,9506.357
10050.0,9516.287
10060.0,9526.217
10070.0,9536.147
10080.0,9546.077
10090.0,9556.007
10100.0,9565.937
10110.0,9575.867
10120.0,9585.797
10130.0,9595.727
10140.0,9605.657
10150.0,9615.587
10160.0,9625.517
10170.0,9635.447
10180.0,9645.377
10190.0,9655.307
10200.0,9665.237
10210.0,9675.167
10220.0,9685.097
10230.0,9695.027
10240.0,9704.957
10250.0,9714.887
10260.0,9724.817
10270.0,9734.747
10280.0,9744.677
10290.0,9754.607
10300.0,9764.537
10310.0,9774.467
10320.0,9784.397
10330.0,9794.327
10340.0,9804.257
10350.0,9814.187
10360.0,9824.117
10370.0,9834.047
10380.0,9843.977
10390.0,9853.907
10400.0,9863.837
10410.0,9873.767
10420.0,9883.697
10430.0,9893.627
10440.0,9903.557
10450.0,9913.487
10460.0,9923.417
10470.0,9933.347
10480.0,9943.277
10490.0,9953.207
10500.0,9963.137
10510.0,9973.067
10520.0,9982.997
10530.0,9992.927
10540.0,10002.857
10550.0,10012.787
10560.0,10022.717
10570.0,10032.647
10580.0,10042.577
10590.0,10052.507
10600.0,10062.437
10610.0,10072.367
10620.0,10082.297
10630.0,10092.227
10640.0,10102.157
10650.0,10112.087
10660.0,10122.017
10670.0,10131.947
10680.0,10141.877
10690.0,10151.807
10700.0,10161.737
10710.0,10171.667
10720.0,10181.597
10730.0,10191.527
10740.0,10201.457
10750.0,10211.387
10760.0,10221.317
10770.0,10231.247
10780.0,10241.177
10790.0,10251.107
10800.0,10261.037
10810.0,10270.967
10820.0,10280.897
10830.0,10290.827
10840.0,10300.757
10850.0,10310.687
10860.0,10320.617
10870.0,10330.547
10880.0,10340.477
10890.0,10350.407
10900.0,10360.337
10910.0,10370.267
10920.0,10380.197
10930.0,10390.127
10940.0,10400.057
10950.0,10409.987
10960.0,10419.917
10970.0,10429.847
10980.0,10439.777
10990.0,10449.707
11000.0,10459.637
11010.0,10469.567
11020.0,10479.497
11030.0,10489.427
11040.0,10499.357
11050.0,10509.287
11060.0,10519.217
11070.0,10529.147
11080.0,10539.077
11090.0,10549.007
11100.0,10558.937
11110.0,10568.867
11120.0,10578.797
11130.0,10588.727
11140.0,10598.657
11150.0,10608.587
11160.0,10618.517
11170.0,10628.447
11180.0,10638.377
11190.0,10648.307
11200.0,10658.237
11210.0,10668.167
11220.0,10678.097
11230.0,10688.027
11240.0,10697.957
11250.0,10707.887
11260.0,10717.817
11270.0,10727.747
11280.0,10737.677
11290.0,10747.607
11300.0,10757.537
11310.0,10767.467
11320.0,10777.397
11330.0,10787.327
11340.0,10797.257
11350.0,10807.187
11360.0,10817.117
11370.0,10827.047
11380.0,10836.977
11390.0,10846.907
11400.0,10856.837
11410.0,10866.767
11420.0,10876.697
11430.0,10886.627
11440.0,10896.557
11450.0,10906.487
11460.0,10916.417
11470.0,10926.347
11480.0,10936.277
11490.0,10946.207
11500.0,10956.137
11510.0,10966.067
11520.0,10975.997
11530.0,10985.927
11540.0,10995.857
11550.0,11005.787
11560.0,11015.717
11570.0,11025.647
11580.0,11035.577
11590.0,11045.507
11600.0,11055.437
11610.0,11065.367
11620.0,11075.297
11630.0,11085.227
11640.0,11095.157
11650.0,11105.087
11660.0,11115.017
11670.0,11124.947
11680.0,11134.877
11690.0,11144.807
11700.0,11154.737
11710.0,11164.667
11720.0,11174.597
11730.0,11184.527
11740.0,11194.457
11750.0,11204.387
11760.0,11214.317
11770.0,11224.247
11780.0,11234.177
11790.0,11244.107
11800.0,11254.037
11810.0,11263.967
11820.0,11273.897
11830.0,11283.827
11840.0,11293.757
11850.0,11303.687
11860.0,11313.617
11870.0,11323.547
11880.0,11333.477
11890.0,11343.407
11900.0,11353.337
11910.0,11363.267
11920.0,11373.197
11930.0,11383.127
11940.0,11393.057
11950.0,11402.987
11960.0,11412.917
11970.0,11422.847
11980.0,11432.777
11990.0,11442.707
12000.0,11452.637
12010.0,11462.567
12020.0,11472.497
12030.0,11482.427
12040.0,11492.357
12050.0,11502.287
12060.0,11512.217
12070.0,11522.147
12080.0,11532.077
12090.0,11542.007
12100.0,11551.937
12110.0,11561.867
12120.0,11571.797
12130.0,11581.727
12140.0,11591.657
12150.0,11601.587
12160.0,11611.517
12170.0,11621.447
12180.0,11631.377
12190.0,11641.307
12200.0,11651.237
12210.0,11661.167
12220.0,11671.097
12230.0,11681.027
12240.0,11690.957
12250.0,11700.887
12260.0,11710.817
12270.0,11720.747
12280.0,11730.677
12290.0,11740.607
12300.0,11750.537
12310.0,11760.467
12320.0,11770.397
12330.0,11780.327
12340.0,11790.257
12350.0,11800.187
12360.0,11810.117
12370.0,11820.047
12380.0,11829.977
12390.0,11839.907
12400.0,11849.837
12410.0,11859.767
12420.0,11869.697
12430.0,11879.627
12440.0,11889.557
12450.0,11899.487
12460.0,11909.417
12470.0,11919.347
12480.0,11929.277
12490.0,11939.207
12500.0,11949.137
12510.0,11959.067
12520.0,11968.997
12530.0,11978.927
12540.0,11988.857
12550.0,11998.787
12560.0,12008.717
12570.0,12018.647
12580.0,12028.577
12590.0,12038.507
12600.0,12048.437
12610.0,12058.367
12620.0,12068.297
12630.0,12078.227
12640.0,12088.157
12650.0,12098.087
12660.0,12108.017
12670.0,12117.947
12680.0,12127.877
12690.0,12137.807
12700.0,12147.737
12710.0,12157.667
12720.0,12167.597
12730.0,12177.527
12740.0,12187.457
12750.0,12197.387
12760.0,12207.317
12770.0,12217.247
12780.0,12227.177
12790.0,12237.107
12800.0,12247.037
12810.0,12256.967
12820.0,12266.897
12830.0,12276.827
12840.0,12286.757
12850.0,12296.687
12860.0,12306.617
12870.0,12316.547
12880.0,12326.477
12890.0,12336.407
12900.0,12346.337
12910.0,12356.267
12920.0,12366.197
12930.0,12376.127
12940.0,12386.057
12950.0,12395.987
12960.0,12405.917
12970.0,12415.847
12980.0,12425.777
12990.0,12435.707
13000.0,12445.637
13010.0,12455.567
13020.0,12465.497
13030.0,12475.427
13040.0,12485.357
13050.0,12495.287
13060.0,12505.217
13070.0,12515.147
13080.0,12525.077
13090.0,12535.007
13100.0,12544.937
13110.0,12554.867
13120.0,12564.797
13130.0,12574.727
13140.0,12584.657
13150.0,12594.587
13160.0,12604.517
13170.0,12614.447
13180.0,12624.377
13190.0,12634.307
13200.0,12644.237
13210.0,12654.167
13220.0,12664.097
13230.0,12674.027
13240.0,12683.957
13250.0,12693.887
13260.0,12703.817
13270.0,12713.747
13280.0,12723.677
13290.0,12733.607
13300.0,12743.537
13310.0,12753.467
13320.0,12763.397
13330.0,12773.327
13340.0,12783.257
13350.0,12793.187
13360.0,12803.117
13370.0,12813.047
13380.0,12822.977
13390.0,12832.907
13400.0,12842.837
13410.0,12852.767
13420.0,12862.697
13430.0,12872.627
13440.0,12882.557
13450.0,12892.487
13460.0,12902.417
13470.0,12912.347
13480.0,12922.277
13490.0,12932.207
13500.0,12942.137
13510.0,12952.067
13520.0,12961.997
13530.0,12971.927
13540.0,12981.857
13550.0,12991.787
13560.0,13001.717
13570.0,13011.647
13580.0,13021.577
13590.0,13031.507
13600.0,13041.437
13610.0,13051.367
13620.0,13061.297
13630.0,13071.227
13640.0,13081.157
13650.0,13091.087
13660.0,13101.017
13670.0,13110.947
13680.0,13120.877
13690.0,13130.807
13700.0,13140.737
13710.0,13150.667
13720.0,13160.597
13730.0,13170.527
13740.0,13180.457
13750.0,13190.387
13760.0,13200.317
13770.0,13210.247
13780.0,13220.177
13790.0,13230.107
13800.0,13240.037
13810.0,13249.967
13820.0,13259.897
13830.0,13269.827
13840.0,13279.757
13850.0,13289.687
13860.0,13299.617
13870.0,13309.547
13880.0,13319.477
13890.0,13329.407
13900.0,13339.337
13910.0,13349.267
13920.0,13359.197
13930.0,13369.127
13940.0,13379.057
13950.0,13388.987
13960.0,13398.917
13970.0,13408.847
13980.0,13418.777
13990.0,13428.707
14000.0,13438.637
14010.0,13448.567
14020.0,13458.497
14030.0,13468.427
14040.0,13478.357
14050.0,13488.287
14060.0,13498.217
14070.0,13508.147
14080.0,13518.077
14090.0,13528.007
14100.0,13537.937
14110.0,13547.867
14120.0,13557.797
14130.0,13567.727
14140.0,13577.657
14150.0,13587.587
14160.0,13597.517
14170.0,13607.447
14180.0,13617.377
14190.0,13627.307
14200.0,13637.237
14210.0,13647.167
14220.0,13657.097
14230.0,13667.027
14240.0,13676.957
14250.0,13686.887
14260.0,13696.817
14270.0,13706.747
14280.0,13716.677
14290.0,13726.607
14300.0,13736.537
14310.0,13746.467
14320.0,13756.397
14330.0,13766.327
14340.0,13776.257
14350.0,13786.187
14360.0,13796.117
14370.0,13806.047
14380.0,13815.977
14390.0,13825.907
14400.0,13835.837
14410.0,13845.767
14420.0,13855.697
14430.0,13865.627
14440.0,13875.557
14450.0,13885.487
14460.0,13895.417
14470.0,13905.347
14480.0,13915.277
14490.0,13925.207
14500.0,13935.137
14510.0,13945.067
14520.0,13954.997
14530.0,13964.927
14540.0,13974.857
14550.0,13984.787
14560.0,13994.717
14570.0,14004.647
14580.0,14014.577
14590.0,14024.507
14600.0,14034.437
14610.0,14044.367
14620.0,14054.297
14630.0,14064.227
14640.0,14074.157
14650.0,14084.087
14660.0,14094.017
14670.0,14103.947
14680.0,14113.877
14690.0,14123.807
14700.0,14133.737
14710.0,14143.667
14720.0,14153.597
14730.0,14163.527
14740.0,14173.457
14750.0,14183.387
14760.0,14193.317
14770.0,14203.247
14780.0,14213.177
14790.0,14223.107
14800.0,14233.037
14810.0,14242.967
14820.0,14252.897
14830.0,14262.827
14840.0,14272.757
14850.0,14282.687
14860.0,14292.617
14870.0,14302.547
14880.0,14312.477
14890.0,14322.407
14900.0,14332.337
14910.0,14342.267
14920.0,14352.197
14930.0,14362.127
14940.0,14372.057
14950.0,14381.987
14960.0,14391.917
14970.0,14401.847
14980.0,14411.777
14990.0,14421.707
15000.0,14431.637
15010.0,14441.567
15020.0,14451.497
15030.0,14461.427
15040.0,14471.357
15050.0,14481.287
15060.0,14491.217
15070.0,14501.147
15080.0,14511.077
15090.0,14521.007
15100.0,14530.937
15110.0,14540.867
15120.0,14550.797
15130.0,14560.727
15140.0,14570.657
15150.0,14580.587
15160.0,14590.517
15170.0,14600.447
15180.0,14610.377
15190.0,14620.307
15200.0,14630.237
15210.0,14640.167
15220.0,14650.097
15230.0,14660.027
15240.0,14669.957
15250.0,14679.887
15260.0,14689.817
15270.0,14699.747
15280.0,14709.677
15290.0,14719.607
15300.0,14729.537
15310.0,14739.467
15320.0,14749.397
15330.0,14759.327
15340.0,14769.257
15350.0,14779.187
15360.0,14789.117
15370.0,14799.047
15380.0,14808.977
15390.0,14818.907
15400.0,14828.837
15410.0,14838.767
15420.0,14848.697
15430.0,14858.627
15440.0,14868.557
15450.0,14878.487
15460.0,14888.417
15470.0,14898.347
15480.0,14908.277
15490.0,14918.207
15500.0,14928.137
15510.0,14938.067
15520.0,14947.997
15530.0,14957.927
15540.0,14967.857
15550.0,14977.787
15560.0,14987.717
15570.0,14997.647
15580.0,15007.577
15590.0,15017.507
15600.0,15027.437
15610.0,15037.367
15620.0,15047.297
15630.0,15057.227
15640.0,15067.157
15650.0,15077.087
15660.0,15087.017
15670.0,15096.947
15680.0,15106.877
15690.0,15116.807
15700.0,15126.737
15710.0,15136.667
15720.0,15146.597
15730.0,15156.527
15740.0,15166.457
15750.0,15176.387
15760.0,15186.317
15770.0,15196.247
15780.0,15206.177
15790.0,15216.107
15800.0,15226.037
15810.0,15235.967
15820.0,15245.897
15830.0,15255.827
15840.0,15265.757
15850.0,15275.687
15860.0,15285.617
15870.0,15295.547
15880.0,15305.477
15890.0,15315.407
15900.0,15325.337
15910.0,15335.267
15920.0,15345.197
15930.0,15355.127
15940.0,15365.057
15950.0,15374.987
15960.0,15384.917
15970.0,15394.847
15980.0,15404.777
15990.0,15414.707
16000.0,15424.637
16010.0,15434.567
16020.0,15444.497
16030.0,15454.427
16040.0,15464.357
16050.0,15474.287
16060.0,15484.217
16070.0,15494.147
16080.0,15504.077
16090.0,15514.007
16100.0,15523.937
16110.0,15533.867
16120.0,15543.797
16130.0,15553.727
16140.0,15563.657
16150.0,15573.587
16160.0,15583.517
16170.0,15593.447
16180.0,15603.377
16190.0,15613.307
16200.0,15623.237
16210.0,15633.167
16220.0,15643.097
16230.0,15653.027
16240.0,15662.957
16250.0,15672.887
16260.0,15682.817
16270.0,15692.747
16280.0,15702.677
16290.0,15712.607
16300.0,15722.537
16310.0,15732.467
16320.0,15742.397
16330.0,15752.327
16340.0,15762.257
16350.0,15772.187
16360.0,15782.117
16370.0,15792.047
16380.0,15801.977
16390.0,15811.907
16400.0,15821.837
16410.0,15831.767
16420.0,15841.697
16430.0,15851.627
16440.0,15861.557
16450.0,15871.487
16460.0,15881.417
16470.0,15891.347
16480.0,15901.277
16490.0,15911.207
16500.0,15921.137
16510.0,15931.067
16520.0,15940.997
16530.0,15950.927
16540.0,15960.857
16550.0,15970.787
16560.0,15980.717
16570.0,15990.647
16580.0,16000.577
16590.0,16010.507
16600.0,16020.437
16610.0,16030.367
16620.0,16040.297
16630.0,16050.227
16640.0,16060.157
16650.0,16070.087
16660.0,16080.017
16670.0,16089.947
16680.0,16099.877
16690.0,16109.807
16700.0,16119.737
16710.0,16129.667
16720.0,16139.597
16730.0,16149.527
16740.0,16159.457
16750.0,16169.387
16760.0,16179.317
16770.0,16189.247
16780.0,16199.177
16790.0,16209.107
16800.0,16219.037
16810.0,16228.967
16820.0,16238.897
16830.0,16248.827
16840.0,16258.757
16850.0,16268.687
16860.0,16278.617
16870.0,16288.547
16880.0,16298.477
16890.0,16308.407
16900.0,16318.337
16910.0,16328.267
16920.0,16338.197
16930.0,16348.127
16940.0,16358.057
16950.0,16367.987
16960.0,16377.917
16970.0,16387.847
16980.0,16397.777
16990.0,16407.707
17000.0,16417.637
17010.0,16427.567
17020.0,16437.497
17030.0,16447.427
17040.0,16457.357
17050.0,16467.287
17060.0,16477.217
17070.0,16487.147
17080.0,16497.077
17090.0,16507.007
17100.0,16516.937
17110.0,16526.867
17120.0,16536.797
17130.0,16546.727
17140.0,16556.657
17150.0,16566.587
17160.0,16576.517
17170.0,16586.447
17180.0,16596.377
17190.0,16606.307
17200.0,16616.237
17210.0,16626.167
17220.0,16636.097
17230.0,16646.027
17240.0,16655.957
17250.0,16665.887
17260.0,16675.817
17270.0,16685.747
17280.0,16695.677
17290.0,16705.607
17300.0,16715.537
17310.0,16725.467
17320.0,16735.397
17330.0,16745.327
17340.0,16755.257
17350.0,16765.187
17360.0,16775.117
17370.0,16785.047
17380.0,16794.977
17390.0,16804.907
17400.0,16814.837
17410.0,16824.767
17420.0,16834.697
17430.0,16844.627
17440.0,16854.557
17450.0,16864.487
17460.0,16874.417
17470.0,16884.347
17480.0,16894.277
17490.0,16904.207
17500.0,16914.137
17510.0,16924.067
17520.0,16933.997
17530.0,16943.927
17540.0,16953.857
17550.0,16963.787
17560.0,16973.717
17570.0,16983.647
17580.0,16993.577
17590.0,17003.507
17600.0,17013.437
17610.0,17023.367
17620.0,17033.297
17630.0,17043.227
17640.0,17053.157
17650.0,17063.087
17660.0,17073.017
17670.0,17082.947
17680.0,17092.877
17690.0,17102.807
17700.0,17112.737
17710.0,17122.667
17720.0,17132.597
17730.0,17142.527
17740.0,17152.457
17750.0,17162.387
17760.0,17172.317
17770.0,17182.247
17780.0,17192.177
17790.0,17202.107
17800.0,17212.037
17810.0,17221.967
17820.0,17231.897
17830.0,17241.827
17840.0,17251.757
17850.0,17261.687
17860.0,17271.617
17870.0,17281.547
17880.0,17291.477
17890.0,17301.407
17900.0,17311.337
17910.0,17321.267
17920.0,17331.197
17930.0,17341.127
17940.0,17351.057
17950.0,17360.987
17960.0,17370.917
17970.0,17380.847
17980.0,17390.777
17990.0,17400.707
18000.0,17410.637
18010.0,17420.567
18020.0,17430.497
18030.0,17440.427
18040.0,17450.357
18050.0,17460.287
18060.0,17470.217
18070.0,17480.147
18080.0,17490.077
18090.0,17500.007
18100.0,17509.937
18110.0,17519.867
18120.0,17529.797
18130.0,17539.727
18140.0,17549.657
18150.0,17559.587
18160.0,17569.517
18170.0,17579.447
18180.0,17589.377
18190.0,17599.307
18200.0,17609.237
18210.0,17619.167
18220.0,17629.097
18230.0,17639.027
18240.0,17648.957
18250.0,17658.887
18260.0,17668.817
18270.0,17678.747
18280.0,17688.677
18290.0,17698.607
18300.0,17708.537
18310.0,17718.467
18320.0,17728.397
18330.0,17738.327
18340.0,17748.257
18350.0,17758.187
18360.0,17768.117
18370.0,17778.047
18380.0,17787.977
18390.0,17797.907
18400.0,17807.837
18410.0,17817.767
18420.0,17827.697
18430.0,17837.627
18440.0,17847.557
18450.0,17857.487
18460.0,17867.417
18470.0,17877.347
18480.0,17887.277
18490.0,17897.207
18500.0,17907.137
18510.0,17917.067
18520.0,17926.997
18530.0,17936.927
18540.0,17946.857
18550.0,17956.787
18560.0,17966.717
18570.0,17976.647
18580.0,17986.577
18590.0,17996.507
18600.0,18006.437
18610.0,18016.367
18620.0,18026.297
18630.0,18036.227
18640.0,18046.157
18650.0,18056.087
18660.0,18066.017
18670.0,18075.947
18680.0,18085.877
18690.0,18095.807
18700.0,18105.737
18710.0,18115.667
18720.0,18125.597
18730.0,18135.527
18740.0,18145.457
18750.0,18155.387
18760.0,18165.317
18770.0,18175.247
18780.0,18185.177
18790.0,18195.107
18800.0,18205.037
18810.0,18214.967
18820.0,18224.897
18830.0,18234.827
18840.0,18244.757
18850.0,18254.687
18860.0,18264.617
18870.0,18274.547
18880.0,18284.477
18890.0,18294.407
18900.0,18304.337
18910.0,18314.267
18920.0,18324.197
18930.0,18334.127
18940.0,18344.057
18950.0,18353.987
18960.0,18363.917
18970.0,18373.847
18980.0,18383.777
18990.0,18393.707
19000.0,18403.637
19010.0,18413.567
19020.0,18423.497
19030.0,18433.427
19040.0,18443.357
19050.0,18453.287
19060.0,18463.217
19070.0,18473.147
19080.0,18483.077
19090.0,18493.007
19100.0,18502.937
19110.0,18512.867
19120.0,18522.797
19130.0,18532.724
19140.0,18542.645
19150.0,18552.559
19160.0,18562.467
19170.0,18572.369
19180.0,18582.264
19190.0,18592.152
19200.0,18602.034
19210.0,18611.909
19220.0,18621.778
19230.0,18631.64
19240.0,18641.496
19250.0,18651.345
19260.0,18661.188
19270.0,18671.024
19280.0,18680.854
19290.0,18690.678
19300.0,18700.494
19310.0,18710.305
19320.0,18720.108
19330.0,18729.906
19340.0,18739.696
19350.0,18749.481
19360.0,18759.258
19370.0,18769.03
19380.0,18778.794
19390.0,18788.553
19400.0,18798.304
19410.0,18808.049
19420.0,18817.788
19430.0,18827.52
19440.0,18837.246
19450.0,18846.965
19460.0,18856.678
19470.0,18866.384
19480.0,18876.084
19490.0,18885.777
19500.0,18895.464
19510.0,18905.144
19520.0,18914.818
19530.0,18924.485
19540.0,18934.145
19550.0,18943.799
19560.0,18953.447
19570.0,18963.088
19580.0,18972.723
19590.0,18982.351
19600.0,18991.973
19610.0,19001.588
19620.0,19011.196
19630.0,19020.798
19640.0,19030.394
19650.0,19039.983
19660.0,19049.565
19670.0,19059.142
19680.0,19068.711
19690.0,19078.274
19700.0,19087.831
19710.0,19097.381
19720.0,19106.924
19730.0,19116.461
19740.0,19125.992
19750.0,19135.516
19760.0,19145.033
19770.0,19154.544
19780.0,19164.049
19790.0,19173.547
19800.0,19183.038
19810.0,19192.523
19820.0,19202.002
19830.0,19211.474
19840.0,19220.939
19850.0,19230.398
19860.0,19239.851
19870.0,19249.296
19880.0,19258.736
19890.0,19268.169
19900.0,19277.595
19910.0,19287.015
19920.0,19296.429
19930.0,19305.836
19940.0,19315.236
19950.0,19324.63
19960.0,19334.017
19970.0,19343.398
19980.0,19352.773
19990.0,19362.14
20000.0,19371.502
20010.0,19380.857
20020.0,19390.205
20030.0,19399.547
20040.0,19408.882
20050.0,19418.211
20060.0,19427.534
20070.0,19436.849
20080.0,19446.159
20090.0,19455.461
20100.0,19464.758
20110.0,19474.047
20120.0,19483.331
20130.0,19492.608
20140.0,19501.878
20150.0,19511.142
20160.0,19520.399
20170.0,19529.65
20180.0,19538.894
20190.0,19548.132
20200.0,19557.363
20210.0,19566.588
20220.0,19575.806
20230.0,19585.018
20240.0,19594.223
20250.0,19603.422
20260.0,19612.614
20270.0,19621.799
20280.0,19630.979
20290.0,19640.152
20300.0,19649.318
20310.0,19658.477
20320.0,19667.631
20330.0,19676.777
20340.0,19685.917
20350.0,19695.051
20360.0,19704.178
20370.0,19713.299
20380.0,19722.413
20390.0,19731.521
20400.0,19740.622
20410.0,19749.716
20420.0,19758.804
20430.0,19767.886
20440.0,19776.961
20450.0,19786.03
20460.0,19795.092
20470.0,19804.148
20480.0,19813.197
20490.0,19822.239
20500.0,19831.275
20510.0,19840.305
20520.0,19849.328
20530.0,19858.344
20540.0,19867.354
20550.0,19876.358
20560.0,19885.355
20570.0,19894.345
20580.0,19903.33
20590.0,19912.307
20600.0,19921.278
20610.0,19930.242
20620.0,19939.201
20630.0,19948.152
20640.0,19957.097
20650.0,19966.035
20660.0,19974.968
20670.0,19983.893
20680.0,19992.812
20690.0,20001.724
20700.0,20010.63
20710.0,20019.53
20720.0,20028.423
20730.0,20037.309
20740.0,20046.189
20750.0,20055.063
20760.0,20063.929
20770.0,20072.79
20780.0,20081.644
20790.0,20090.491
20800.0,20099.332
20810.0,20108.167
20820.0,20116.995
20830.0,20125.816
20840.0,20134.631
20850.0,20143.439
20860.0,20152.241
20870.0,20161.036
20880.0,20169.825
20890.0,20178.607
20900.0,20187.383
20910.0,20196.152
20920.0,20204.915
20930.0,20213.672
20940.0,20222.422
20950.0,20231.165
20960.0,20239.902
20970.0,20248.632
20980.0,20257.356
20990.0,20266.073
21000.0,20274.784
21001.0,20275.654
21002.0,20276.525
21003.0,20277.395
21004.0,20278.266
21005.0,20279.136
21006.0,20280.006
21007.0,20280.877
21008.0,20281.747
21009.0,20282.618
21010.0,20283.488
21011.0,20284.358
21012.0,20285.228
21013.0,20286.097
21014.0,20286.967
21015.0,20287.837
21016.0,20288.707
21017.0,20289.577
21018.0,20290.446
21019.0,20291.316
21020.0,20292.186
21021.0,20293.055
21022.0,20293.924
21023.0,20294.793
21024.0,20295.662
21025.0,20296.532
21026.0,20297.401
21027.0,20298.27
21028.0,20299.139
21029.0,20300.008
21030.0,20300.877
21031.0,20301.746
21032.0,20302.614
21033.0,20303.483
21034.0,20304.351
21035.0,20305.22
21036.0,20306.088
21037.0,20306.957
21038.0,20307.825
21039.0,20308.694
21040.0,20309.562
21041.0,20310.43
21042.0,20311.298
21043.0,20312.165
21044.0,20313.033
21045.0,20313.901
21046.0,20314.769
21047.0,20315.637
21048.0,20316.504
21049.0,20317.372
21050.0,20318.24
21051.0,20319.107
21052.0,20319.974
21053.0,20320.842
21054.0,20321.709
21055.0,20322.576
21056.0,20323.443
21057.0,20324.31
21058.0,20325.178
21059.0,20326.045
21060.0,20326.912
21061.0,20327.779
21062.0,20328.645
21063.0,20329.512
21064.0,20330.378
21065.0,20331.245
21066.0,20332.111
21067.0,20332.978
21068.0,20333.844
21069.0,20334.711
21070.0,20335.577
21071.0,20336.443
21072.0,20337.309
21073.0,20338.175
21074.0,20339.041
21075.0,20339.907
21076.0,20340.772
21077.0,20341.638
21078.0,20342.504
21079.0,20343.37
21080.0,20344.236
21081.0,20345.101
21082.0,20345.966
21083.0,20346.832
21084.0,20347.697
21085.0,20348.562
21086.0,20349.427
21087.0,20350.292
21088.0,20351.158
21089.0,20352.023
21090.0,20352.888
21091.0,20353.753
21092.0,20354.617
21093.0,20355.482
21094.0,20356.346
21095.0,20357.211
21096.0,20358.076
21097.0,20358.94
21098.0,20359.805
21099.0,20360.669
21100.0,20361.534
21101.0,20362.398
21102.0,20363.262
21103.0,20364.126
21104.0,20364.99
21105.0,20365.854
21106.0,20366.717
21107.0,20367.581
21108.0,20368.445
21109.0,20369.309
21110.0,20370.173
21111.0,20371.036
21112.0,20371.9
21113.0,20372.763
21114.0,20373.626
21115.0,20374.49
21116.0,20375.353
21117.0,20376.216
21118.0,20377.079
21119.0,20377.943
21120.0,20378.806
21121.0,20379.669
21122.0,20380.531
21123.0,20381.394
21124.0,20382.256
21125.0,20383.119
21126.0,20383.982
21127.0,20384.844
21128.0,20385.707
21129.0,20386.569
21130.0,20387.432
21131.0,20388.294
21132.0,20389.156
21133.0,20390.018
21134.0,20390.88
21135.0,20391.742
21136.0,20392.603
21137.0,20393.465
21138.0,20394.327
21139.0,20395.189
21140.0,20396.051
21141.0,20396.912
21142.0,20397.774
21143.0,20398.635
21144.0,20399.497
21145.0,20400.358
21146.0,20401.219
21147.0,20402.081
21148.0,20402.942
21149.0,20403.804
21150.0,20404.665
21151.0,20405.526
21152.0,20406.386
21153.0,20407.247
21154.0,20408.108
21155.0,20408.969
21156.0,20409.829
21157.0,20410.69
21158.0,20411.551
21159.0,20412.411
21160.0,20413.272
21161.0,20414.132
21162.0,20414.992
21163.0,20415.852
21164.0,20416.712
21165.0,20417.572
21166.0,20418.432
21167.0,20419.292
21168.0,20420.152
21169.0,20421.012
21170.0,20421.872
21171.0,20422.731
21172.0,20423.591
21173.0,20424.45
21174.0,20425.309
21175.0,20426.169
21176.0,20427.028
21177.0,20427.887
21178.0,20428.746
21179.0,20429.606
21180.0,20430.465
21181.0,20431.324
21182.0,20432.182
21183.0,20433.041
21184.0,20433.9
21185.0,20434.759
21186.0,20435.617
21187.0,20436.476
21188.0,20437.335
21189.0,20438.193
21190.0,20439.052
21191.0,20439.91
21192.0,20440.768
21193.0,20441.626
21194.0,20442.484
21195.0,20443.343
21196.0,20444.201
21197.0,20445.059
21198.0,20445.917
21199.0,20446.775
21200.0,20447.633
21201.0,20448.49
21202.0,20449.348
21203.0,20450.205
21204.0,20451.063
21205.0,20451.92
21206.0,20452.777
21207.0,20453.635
21208.0,20454.492
21209.0,20455.35
21210.0,20456.207
21211.0,20457.064
21212.0,20457.921
21213.0,20458.777
21214.0,20459.634
21215.0,20460.491
21216.0,20461.348
21217.0,20462.205
21218.0,20463.061
21219.0,20463.918
21220.0,20464.775
21221.0,20465.631
21222.0,20466.487
21223.0,20467.343
21224.0,20468.199
21225.0,20469.056
21226.0,20469.912
21227.0,20470.768
21228.0,20471.624
21229.0,20472.48
21230.0,20473.336
21231.0,20474.192
21232.0,20475.047
21233.0,20475.903
21234.0,20476.758
21235.0,20477.614
21236.0,20478.469
21237.0,20479.325
21238.0,20480.18
21239.0,20481.036
21240.0,20481.891
21241.0,20482.746
21242.0,20483.601
21243.0,20484.455
21244.0,20485.31
21245.0,20486.165
21246.0,20487.02
21247.0,20487.875
21248.0,20488.729
21249.0,20489.584
21250.0,20490.439
21251.0,20491.293
21252.0,20492.147
21253.0,20493.001
21254.0,20493.855
21255.0,20494.71
21256.0,20495.564
21257.0,20496.418
21258.0,20497.272
21259.0,20498.126
21260.0,20498.98
21261.0,20499.834
21262.0,20500.687
21263.0,20501.541
21264.0,20502.394
21265.0,20503.248
21266.0,20504.102
21267.0,20504.955
21268.0,20505.809
21269.0,20506.662
21270.0,20507.516
21271.0,20508.369
21272.0,20509.222
21273.0,20510.074
21274.0,20510.927
21275.0,20511.78
21276.0,20512.633
21277.0,20513.486
21278.0,20514.338
21279.0,20515.191
21280.0,20516.044
21281.0,20516.896
21282.0,20517.748
21283.0,20518.601
21284.0,20519.453
21285.0,20520.305
21286.0,20521.157
21287.0,20522.009
21288.0,20522.862
21289.0,20523.714
21290.0,20524.566
21291.0,20525.418
21292.0,20526.269
21293.0,20527.121
21294.0,20527.972
21295.0,20528.824
21296.0,20529.676
21297.0,20530.527
21298.0,20531.379
21299.0,20532.23
21300.0,20533.082
21301.0,20533.933
21302.0,20534.784
21303.0,20535.635
21304.0,20536.486
21305.0,20537.337
21306.0,20538.187
21307.0,20539.038
21308.0,20539.889
21309.0,20540.74
21310.0,20541.591
21311.0,20542.441
21312.0,20543.292
21313.0,20544.142
21314.0,20544.992
21315.0,20545.843
21316.0,20546.693
21317.0,20547.543
21318.0,20548.393
21319.0,20549.244
21320.0,20550.094
21321.0,20550.944
21322.0,20551.793
21323.0,20552.643
21324.0,20553.492
21325.0,20554.342
21326.0,20555.191
21327.0,20556.041
21328.0,20556.89
21329.0,20557.74
21330.0,20558.589
21331.0,20559.438
21332.0,20560.287
21333.0,20561.136
21334.0,20561.985
21335.0,20562.834
21336.0,20563.683
21337.0,20564.532
21338.0,20565.381
21339.0,20566.23
21340.0,20567.079
21341.0,20567.927
21342.0,20568.776
21343.0,20569.624
21344.0,20570.472
21345.0,20571.321
21346.0,20572.169
21347.0,20573.017
21348.0,20573.865
21349.0,20574.714
21350.0,20575.562
21351.0,20576.41
21352.0,20577.257
21353.0,20578.105
21354.0,20578.953
21355.0,20579.801
21356.0,20580.648
21357.0,20581.496
21358.0,20582.344
21359.0,20583.191
21360.0,20584.039
21361.0,20584.886
21362.0,20585.733
21363.0,20586.58
21364.0,20587.427
21365.0,20588.274
21366.0,20589.121
21367.0,20589.968
21368.0,20590.815
21369.0,20591.662
21370.0,20592.509
21371.0,20593.355
21372.0,20594.202
21373.0,20595.048
21374.0,20595.895
21375.0,20596.741
21376.0,20597.587
21377.0,20598.434
21378.0,20599.28
21379.0,20600.127
21380.0,20600.973
21381.0,20601.819
21382.0,20602.664
21383.0,20603.51
21384.0,20604.356
21385.0,20605.202
21386.0,20606.047
21387.0,20606.893
21388.0,20607.739
21389.0,20608.584
21390.0,20609.43
21391.0,20610.275
21392.0,20611.12
21393.0,20611.965
21394.0,20612.81
21395.0,20613.655
21396.0,20614.5
21397.0,20615.345
21398.0,20616.19
21399.0,20617.035
21400.0,20617.88
21401.0,20618.724
21402.0,20619.569
21403.0,20620.413
21404.0,20621.258
21405.0,20622.102
21406.0,20622.946
21407.0,20623.791
21408.0,20624.635
21409.0,20625.48
21410.0,20626.324
21411.0,20627.168
21412.0,20628.012
21413.0,20628.855
21414.0,20629.699
21415.0,20630.543
21416.0,20631.387
21417.0,20632.231
21418.0,20633.074
21419.0,20633.918
21420.0,20634.762
21421.0,20635.605
21422.0,20636.448
21423.0,20637.291
21424.0,20638.134
21425.0,20638.978
21426.0,20639.821
21427.0,20640.664
21428.0,20641.507
21429.0,20642.35
21430.0,20643.193
21431.0,20644.035
21432.0,20644.878
21433.0,20645.72
21434.0,20646.563
21435.0,20647.405
21436.0,20648.247
21437.0,20649.09
21438.0,20649.932
21439.0,20650.775
21440.0,20651.617
21441.0,20652.459
21442.0,20653.301
21443.0,20654.142
21444.0,20654.984
21445.0,20655.826
21446.0,20656.668
21447.0,20657.51
21448.0,20658.351
21449.0,20659.193
21450.0,20660.035
21451.0,20660.876
21452.0,20661.717
21453.0,20662.559
21454.0,20663.4
21455.0,20664.241
21456.0,20665.082
21457.0,20665.923
21458.0,20666.765
21459.0,20667.606
21460.0,20668.447
21461.0,20669.288
21462.0,20670.128
21463.0,20670.969
21464.0,20671.809
21465.0,20672.65
21466.0,20673.49
21467.0,20674.331
21468.0,20675.171
21469.0,20676.012
21470.0,20676.852
21471.0,20677.692
21472.0,20678.532
21473.0,20679.371
21474.0,20680.211
21475.0,20681.051
21476.0,20681.891
21477.0,20682.731
21478.0,20683.57
21479.0,20684.41
21480.0,20685.25
21481.0,20686.089
21482.0,20686.928
21483.0,20687.768
21484.0,20688.607
21485.0,20689.446
21486.0,20690.285
21487.0,20691.124
21488.0,20691.964
21489.0,20692.803
21490.0,20693.642
21491.0,20694.481
21492.0,20695.319
21493.0,20696.158
21494.0,20696.996
21495.0,20697.835
21496.0,20698.674
21497.0,20699.512
21498.0,20700.351
21499.0,20701.189
21500.0,20702.028
21501.0,20702.866
21502.0,20703.704
21503.0,20704.542
21504.0,20705.38
21505.0,20706.218
21506.0,20707.055
21507.0,20707.893
21508.0,20708.731
21509.0,20709.569
21510.0,20710.407
21511.0,20711.244
21512.0,20712.081
21513.0,20712.919
21514.0,20713.756
21515.0,20714.593
21516.0,20715.43
21517.0,20716.267
21518.0,20717.105
21519.0,20717.942
21520.0,20718.779
21521.0,20719.616
21522.0,20720.452
21523.0,20721.289
21524.0,20722.125
21525.0,20722.962
21526.0,20723.799
21527.0,20724.635
21528.0,20725.472
21529.0,20726.308
21530.0,20727.145
21531.0,20727.981
21532.0,20728.817
21533.0,20729.653
21534.0,20730.489
21535.0,20731.325
21536.0,20732.161
21537.0,20732.997
21538.0,20733.833
21539.0,20734.669
21540.0,20735.505
21541.0,20736.34
21542.0,20737.176
21543.0,20738.011
21544.0,20738.846
21545.0,20739.682
21546.0,20740.517
21547.0,20741.352
21548.0,20742.187
21549.0,20743.023
21550.0,20743.858
21551.0,20744.693
21552.0,20745.527
21553.0,20746.362
21554.0,20747.196
21555.0,20748.031
21556.0,20748.866
21557.0,20749.7
21558.0,20750.535
21559.0,20751.369
21560.0,20752.204
21561.0,20753.038
21562.0,20753.872
21563.0,20754.706
21564.0,20755.54
21565.0,20756.374
21566.0,20757.208
21567.0,20758.042
21568.0,20758.876
21569.0,20759.71
21570.0,20760.544
21571.0,20761.377
21572.0,20762.211
21573.0,20763.044
21574.0,20763.877
21575.0,20764.711
21576.0,20765.544
21577.0,20766.377
21578.0,20767.21
21579.0,20768.044
21580.0,20768.877
21581.0,20769.71
21582.0,20770.542
21583.0,20771.375
21584.0,20772.208
21585.0,20773.041
21586.0,20773.873
21587.0,20774.706
21588.0,20775.539
21589.0,20776.371
21590.0,20777.204
21591.0,20778.036
21592.0,20778.868
21593.0,20779.7
21594.0,20780.532
21595.0,20781.365
21596.0,20782.197
21597.0,20783.029
21598.0,20783.861
21599.0,20784.693
21600.0,20785.525
21601.0,20786.356
21602.0,20787.188
21603.0,20788.019
21604.0,20788.851
21605.0,20789.682
21606.0,20790.513
21607.0,20791.345
21608.0,20792.176
21609.0,20793.008
21610.0,20793.839
21611.0,20794.67
21612.0,20795.5
21613.0,20796.331
21614.0,20797.162
21615.0,20797.993
21616.0,20798.823
21617.0,20799.654
21618.0,20800.485
21619.0,20801.315
21620.0,20802.146
21621.0,20802.976
21622.0,20803.806
21623.0,20804.636
21624.0,20805.466
21625.0,20806.297
21626.0,20807.127
21627.0,20807.957
21628.0,20808.787
21629.0,20809.617
21630.0,20810.447
21631.0,20811.276
21632.0,20812.106
21633.0,20812.935
21634.0,20813.765
21635.0,20814.594
21636.0,20815.423
21637.0,20816.253
21638.0,20817.082
21639.0,20817.912
21640.0,20818.741
21641.0,20819.57
21642.0,20820.399
21643.0,20821.227
21644.0,20822.056
21645.0,20822.885
21646.0,20823.714
21647.0,20824.543
21648.0,20825.371
21649.0,20826.2
21650.0,20827.029
21651.0,20827.857
21652.0,20828.685
21653.0,20829.514
21654.0,20830.342
21655.0,20831.17
21656.0,20831.998
21657.0,20832.826
21658.0,20833.655
21659.0,20834.483
21660.0,20835.311
21661.0,20836.139
21662.0,20836.966
21663.0,20837.794
21664.0,20838.621
21665.0,20839.449
21666.0,20840.276
21667.0,20841.104
21668.0,20841.931
21669.0,20842.759
21670.0,20843.586
21671.0,20844.413
21672.0,20845.24
21673.0,20846.066
21674.0,20846.893
21675.0,20847.72
21676.0,20848.547
21677.0,20849.374
21678.0,20850.2
21679.0,20851.027
21680.0,20851.854
21681.0,20852.68
21682.0,20853.506
21683.0,20854.333
21684.0,20855.159
21685.0,20855.985
21686.0,20856.811
21687.0,20857.637
21688.0,20858.464
21689.0,20859.29
21690.0,20860.116
21691.0,20860.942
21692.0,20861.767
21693.0,20862.593
21694.0,20863.418
21695.0,20864.244
21696.0,20865.069
21697.0,20865.895
21698.0,20866.72
21699.0,20867.546
21700.0,20868.371
21701.0,20869.196
21702.0,20870.021
21703.0,20870.846
21704.0,20871.671
21705.0,20872.496
21706.0,20873.32
21707.0,20874.145
21708.0,20874.97
21709.0,20875.795
21710.0,20876.62
21711.0,20877.444
21712.0,20878.268
21713.0,20879.093
21714.0,20879.917
21715.0,20880.741
21716.0,20881.565
21717.0,20882.389
21718.0,20883.214
21719.0,20884.038
21720.0,20884.862
21721.0,20885.686
21722.0,20886.509
21723.0,20887.333
21724.0,20888.156
21725.0,20888.98
21726.0,20889.804
21727.0,20890.627
21728.0,20891.451
21729.0,20892.274
21730.0,20893.098
21731.0,20893.921
21732.0,20894.744
21733.0,20895.567
21734.0,20896.39
21735.0,20897.213
21736.0,20898.036
21737.0,20898.859
21738.0,20899.682
21739.0,20900.505
21740.0,20901.328
21741.0,20902.15
21742.0,20902.972
21743.0,20903.795
21744.0,20904.617
21745.0,20905.439
21746.0,20906.261
21747.0,20907.083
21748.0,20907.906
21749.0,20908.728
21750.0,20909.55
21751.0,20910.372
21752.0,20911.193
21753.0,20912.015
21754.0,20912.837
21755.0,20913.659
21756.0,20914.48
21757.0,20915.302
21758.0,20916.124
21759.0,20916.945
21760.0,20917.767
21761.0,20918.588
21762.0,20919.409
21763.0,20920.23
21764.0,20921.051
21765.0,20921.872
21766.0,20922.693
21767.0,20923.514
21768.0,20924.335
21769.0,20925.156
21770.0,20925.977
21771.0,20926.797
21772.0,20927.618
21773.0,20928.438
21774.0,20929.258
21775.0,20930.079
21776.0,20930.899
21777.0,20931.719
21778.0,20932.539
21779.0,20933.36
21780.0,20934.18
21781.0,20935.0
21782.0,20935.819
21783.0,20936.639
21784.0,20937.458
21785.0,20938.278
21786.0,20939.098
21787.0,20939.917
21788.0,20940.737
21789.0,20941.556
21790.0,20942.376
21791.0,20943.195
21792.0,20944.014
21793.0,20944.833
21794.0,20945.652
21795.0,20946.472
21796.0,20947.291
21797.0,20948.11
21798.0,20948.929
21799.0,20949.748
21800.0,20950.567
21801.0,20951.385
21802.0,20952.204
21803.0,20953.022
21804.0,20953.841
21805.0,20954.659
21806.0,20955.477
21807.0,20956.296
21808.0,20957.114
21809.0,20957.933
21810.0,20958.751
21811.0,20959.569
21812.0,20960.386
21813.0,20961.204
21814.0,20962.022
21815.0,20962.84
21816.0,20963.657
21817.0,20964.475
21818.0,20965.293
21819.0,20966.11
21820.0,20966.928
21821.0,20967.745
21822.0,20968.562
21823.0,20969.379
21824.0,20970.196
21825.0,20971.014
21826.0,20971.831
21827.0,20972.648
21828.0,20973.465
21829.0,20974.282
21830.0,20975.099
21831.0,20975.915
21832.0,20976.732
21833.0,20977.548
21834.0,20978.365
21835.0,20979.181
21836.0,20979.997
21837.0,20980.814
21838.0,20981.63
21839.0,20982.447
21840.0,20983.263
21841.0,20984.079
21842.0,20984.895
21843.0,20985.71
21844.0,20986.526
21845.0,20987.342
21846.0,20988.158
21847.0,20988.974
21848.0,20989.789
21849.0,20990.605
21850.0,20991.421
21851.0,20992.236
21852.0,20993.051
21853.0,20993.866
21854.0,20994.681
21855.0,20995.497
21856.0,20996.312
21857.0,20997.127
21858.0,20997.942
21859.0,20998.757
21860.0,20999.572
21861.0,21000.387
21862.0,21001.201
21863.0,21002.016
21864.0,21002.83
21865.0,21003.645
21866.0,21004.459
21867.0,21005.274
21868.0,21006.088
21869.0,21006.903
21870.0,21007.717
21871.0,21008.531
21872.0,21009.345
21873.0,21010.158
21874.0,21010.972
21875.0,21011.786
21876.0,21012.6
21877.0,21013.414
21878.0,21014.227
21879.0,21015.041
21880.0,21015.855
21881.0,21016.668
21882.0,21017.481
21883.0,21018.295
21884.0,21019.108
21885.0,21019.921
21886.0,21020.734
21887.0,21021.547
21888.0,21022.361
21889.0,21023.174
21890.0,21023.987
21891.0,21024.8
21892.0,21025.612
21893.0,21026.425
21894.0,21027.237
21895.0,21028.05
21896.0,21028.862
21897.0,21029.675
21898.0,21030.487
21899.0,21031.3
21900.0,21032.112
21901.0,21032.924
21902.0,21033.736
21903.0,21034.548
21904.0,21035.36
21905.0,21036.172
21906.0,21036.983
21907.0,21037.795
21908.0,21038.607
21909.0,21039.419
21910.0,21040.231
21911.0,21041.042
21912.0,21041.853
21913.0,21042.665
21914.0,21043.476
21915.0,21044.287
21916.0,21045.098
21917.0,21045.909
21918.0,21046.721
21919.0,21047.532
21920.0,21048.343
21921.0,21049.154
21922.0,21049.964
21923.0,21050.775
21924.0,21051.585
21925.0,21052.396
21926.0,21053.207
21927.0,21054.017
21928.0,21054.828
21929.0,21055.638
21930.0,21056.449
21931.0,21057.259
21932.0,21058.069
21933.0,21058.879
21934.0,21059.689
21935.0,21060.499
21936.0,21061.308
21937.0,21062.118
21938.0,21062.928
21939.0,21063.738
21940.0,21064.548
21941.0,21065.357
21942.0,21066.167
21943.0,21066.976
21944.0,21067.785
21945.0,21068.595
21946.0,21069.404
21947.0,21070.213
21948.0,21071.022
21949.0,21071.832
21950.0,21072.641
21951.0,21073.45
21952.0,21074.258
21953.0,21075.067
21954.0,21075.875
21955.0,21076.684
21956.0,21077.493
21957.0,21078.301
21958.0,21079.11
21959.0,21079.918
21960.0,21080.727
21961.0,21081.535
21962.0,21082.343
21963.0,21083.151
21964.0,21083.959
21965.0,21084.767
21966.0,21085.575
21967.0,21086.383
21968.0,21087.191
21969.0,21087.999
21970.0,21088.807
21971.0,21089.614
21972.0,21090.422
21973.0,21091.229
21974.0,21092.036
21975.0,21092.844
21976.0,21093.651
21977.0,21094.458
21978.0,21095.265
21979.0,21096.073
21980.0,21096.88
21981.0,21097.687
21982.0,21098.493
21983.0,21099.3
21984.0,21100.106
21985.0,21100.913
21986.0,21101.72
21987.0,21102.526
21988.0,21103.333
21989.0,21104.139
21990.0,21104.946
21991.0,21105.752
21992.0,21106.558
21993.0,21107.364
21994.0,21108.17
21995.0,21108.977
21996.0,21109.783
21997.0,21110.589
21998.0,21111.395
21999.0,21112.201
22000.0,21113.007
22001.0,21113.812
22002.0,21114.618
22003.0,21115.423
22004.0,21116.229
22005.0,21117.034
22006.0,21117.839
22007.0,21118.645
22008.0,21119.45
22009.0,21120.256
22010.0,21121.061
22011.0,21121.866
22012.0,21122.67
22013.0,21123.475
22014.0,21124.279
22015.0,21125.084
22016.0,21125.889
22017.0,21126.693
22018.0,21127.498
22019.0,21128.302
22020.0,21129.107
22021.0,21129.911
22022.0,21130.715
22023.0,21131.519
22024.0,21132.323
22025.0,21133.128
22026.0,21133.932
22027.0,21134.736
22028.0,21135.54
22029.0,21136.344
22030.0,21137.148
22031.0,21137.951
22032.0,21138.755
22033.0,21139.558
22034.0,21140.362
22035.0,21141.165
22036.0,21141.968
22037.0,21142.772
22038.0,21143.575
22039.0,21144.379
22040.0,21145.182
22041.0,21145.985
22042.0,21146.788
22043.0,21147.591
22044.0,21148.394
22045.0,21149.197
22046.0,21149.999
22047.0,21150.802
22048.0,21151.605
22049.0,21152.408
22050.0,21153.211
22051.0,21154.013
22052.0,21154.815
22053.0,21155.617
22054.0,21156.419
22055.0,21157.221
22056.0,21158.023
22057.0,21158.825
22058.0,21159.627
22059.0,21160.429
22060.0,21161.231
22061.0,21162.033
22062.0,21162.834
22063.0,21163.636
22064.0,21164.437
22065.0,21165.239
22066.0,21166.04
22067.0,21166.842
22068.0,21167.643
22069.0,21168.445
22070.0,21169.246
22071.0,21170.047
22072.0,21170.848
22073.0,21171.648
22074.0,21172.449
22075.0,21173.25
22076.0,21174.051
22077.0,21174.852
22078.0,21175.652
22079.0,21176.453
22080.0,21177.254
22081.0,21178.054
22082.0,21178.854
22083.0,21179.655
22084.0,21180.455
22085.0,21181.255
22086.0,21182.055
22087.0,21182.855
22088.0,21183.656
22089.0,21184.456
22090.0,21185.256
22091.0,21186.056
22092.0,21186.855
22093.0,21187.655
22094.0,21188.454
22095.0,21189.254
22096.0,21190.053
22097.0,21190.853
22098.0,21191.652
22099.0,21192.452
22100.0,21193.251
22101.0,21194.05
22102.0,21194.849
22103.0,21195.648
22104.0,21196.447
22105.0,21197.246
22106.0,21198.044
22107.0,21198.843
22108.0,21199.642
22109.0,21200.441
22110.0,21201.24
22111.0,21202.038
22112.0,21202.836
22113.0,21203.635
22114.0,21204.433
22115.0,21205.231
22116.0,21206.029
22117.0,21206.827
22118.0,21207.626
22119.0,21208.424
22120.0,21209.222
22121.0,21210.02
22122.0,21210.817
22123.0,21211.615
22124.0,21212.412
22125.0,21213.21
22126.0,21214.008
22127.0,21214.805
22128.0,21215.603
22129.0,21216.4
22130.0,21217.198
22131.0,21217.995
22132.0,21218.792
22133.0,21219.588
22134.0,21220.385
22135.0,21221.182
22136.0,21221.979
22137.0,21222.776
22138.0,21223.572
22139.0,21224.369
22140.0,21225.166
22141.0,21225.962
22142.0,21226.759
22143.0,21227.555
22144.0,21228.351
22145.0,21229.148
22146.0,21229.944
22147.0,21230.74
22148.0,21231.536
22149.0,21232.333
22150.0,21233.129
22151.0,21233.925
22152.0,21234.72
22153.0,21235.516
22154.0,21236.311
22155.0,21237.107
22156.0,21237.903
22157.0,21238.698
22158.0,21239.494
22159.0,21240.289
22160.0,21241.085
22161.0,21241.88
22162.0,21242.675
22163.0,21243.47
22164.0,21244.265
22165.0,21245.06
22166.0,21245.855
22167.0,21246.65
22168.0,21247.445
22169.0,21248.24
22170.0,21249.035
22171.0,21249.829
22172.0,21250.624
22173.0,21251.418
22174.0,21252.212
22175.0,21253.007
22176.0,21253.801
22177.0,21254.595
22178.0,21255.389
22179.0,21256.184
22180.0,21256.978
22181.0,21257.772
22182.0,21258.565
22183.0,21259.359
22184.0,21260.152
22185.0,21260.946
22186.0,21261.74
22187.0,21262.533
22188.0,21263.327
22189.0,21264.12
22190.0,21264.914
22191.0,21265.707
22192.0,21266.5
22193.0,21267.293
22194.0,21268.086
22195.0,21268.88
22196.0,21269.673
22197.0,21270.466
22198.0,21271.259
22199.0,21272.052
22200.0,21272.845
22201.0,21273.637
22202.0,21274.43
22203.0,21275.222
22204.0,21276.014
22205.0,21276.807
22206.0,21277.599
22207.0,21278.391
22208.0,21279.183
22209.0,21279.976
22210.0,21280.768
22211.0,21281.56
22212.0,21282.351
22213.0,21283.143
22214.0,21283.935
22215.0,21284.727
22216.0,21285.518
22217.0,21286.31
22218.0,21287.102
22219.0,21287.893
22220.0,21288.685
22221.0,21289.476
22222.0,21290.267
22223.0,21291.058
22224.0,21291.849
22225.0,21292.641
22226.0,21293.432
22227.0,21294.223
22228.0,21295.014
22229.0,21295.805
22230.0,21296.596
22231.0,21297.386
22232.0,21298.177
22233.0,21298.967
22234.0,21299.758
22235.0,21300.548
22236.0,21301.338
22237.0,21302.129
22238.0,21302.919
22239.0,21303.71
22240.0,21304.5
22241.0,21305.29
22242.0,21306.079
22243.0,21306.869
22244.0,21307.659
22245.0,21308.449
22246.0,21309.238
22247.0,21310.028
22248.0,21310.818
22249.0,21311.607
22250.0,21312.397
22251.0,21313.186
22252.0,21313.975
22253.0,21314.764
22254.0,21315.553
22255.0,21316.343
22256.0,21317.132
22257.0,21317.921
22258.0,21318.71
22259.0,21319.499
22260.0,21320.288
22261.0,21321.077
22262.0,21321.865
22263.0,21322.654
22264.0,21323.442
22265.0,21324.231
22266.0,21325.019
22267.0,21325.808
22268.0,21326.596
22269.0,21327.385
22270.0,21328.173
22271.0,21328.961
22272.0,21329.749
22273.0,21330.536
22274.0,21331.324
22275.0,21332.112
22276.0,21332.9
22277.0,21333.688
22278.0,21334.475
22279.0,21335.263
22280.0,21336.051
22281.0,21336.838
22282.0,21337.625
22283.0,21338.412
22284.0,21339.199
22285.0,21339.987
22286.0,21340.774
22287.0,21341.561
22288.0,21342.348
22289.0,21343.135
22290.0,21343.922
22291.0,21344.709
22292.0,21345.495
22293.0,21346.282
22294.0,21347.068
22295.0,21347.855
22296.0,21348.641
22297.0,21349.428
22298.0,21350.214
22299.0,21351.001
22300.0,21351.787
22301.0,21352.573
22302.0,21353.359
22303.0,21354.145
22304.0,21354.931
22305.0,21355.717
22306.0,21356.502
22307.0,21357.288
22308.0,21358.074
22309.0,21358.86
22310.0,21359.646
22311.0,21360.431
22312.0,21361.216
22313.0,21362.002
22314.0,21362.787
22315.0,21363.572
22316.0,21364.357
22317.0,21365.142
22318.0,21365.928
22319.0,21366.713
22320.0,21367.498
22321.0,21368.283
22322.0,21369.067
22323.0,21369.852
22324.0,21370.636
22325.0,21371.421
22326.0,21372.205
22327.0,21372.99
22328.0,21373.774
22329.0,21374.559
22330.0,21375.343
22331.0,21376.127
22332.0,21376.911
22333.0,21377.695
22334.0,21378.479
22335.0,21379.263
22336.0,21380.046
22337.0,21380.83
22338.0,21381.614
22339.0,21382.398
22340.0,21383.182
22341.0,21383.965
22342.0,21384.749
22343.0,21385.532
22344.0,21386.315
22345.0,21387.099
22346.0,21387.882
22347.0,21388.665
22348.0,21389.448
22349.0,21390.232
22350.0,21391.015
22351.0,21391.798
22352.0,21392.58
22353.0,21393.363
22354.0,21394.145
22355.0,21394.928
22356.0,21395.711
22357.0,21396.493
22358.0,21397.276
22359.0,21398.058
22360.0,21398.841
22361.0,21399.623
22362.0,21400.405
22363.0,21401.187
22364.0,21401.969
22365.0,21402.751
22366.0,21403.532
22367.0,21404.314
22368.0,21405.096
22369.0,21405.878
22370.0,21406.66
22371.0,21407.441
22372.0,21408.223
22373.0,21409.004
22374.0,21409.785
22375.0,21410.567
22376.0,21411.348
22377.0,21412.129
22378.0,21412.91
22379.0,21413.692
22380.0,21414.473
22381.0,21415.254
22382.0,21416.034
22383.0,21416.815
22384.0,21417.596
22385.0,21418.377
22386.0,21419.157
22387.0,21419.938
22388.0,21420.719
22389.0,21421.499
22390.0,21422.28
22391.0,21423.06
22392.0,21423.84
22393.0,21424.62
22394.0,21425.4
22395.0,21426.18
22396.0,21426.96
22397.0,21427.74
22398.0,21428.52
22399.0,21429.3
22400.0,21430.08
22401.0,21430.859
22402.0,21431.639
22403.0,21432.418
22404.0,21433.197
22405.0,21433.977
22406.0,21434.756
22407.0,21435.535
22408.0,21436.314
22409.0,21437.094
22410.0,21437.873
22411.0,21438.652
22412.0,21439.43
22413.0,21440.209
22414.0,21440.988
22415.0,21441.767
22416.0,21442.545
22417.0,21443.324
22418.0,21444.103
22419.0,21444.881
22420.0,21445.66
22421.0,21446.438
22422.0,21447.216
22423.0,21447.994
22424.0,21448.772
22425.0,21449.551
22426.0,21450.329
22427.0,21451.107
22428.0,21451.885
22429.0,21452.663
22430.0,21453.441
22431.0,21454.218
22432.0,21454.996
22433.0,21455.773
22434.0,21456.55
22435.0,21457.328
22436.0,21458.105
22437.0,21458.882
22438.0,21459.659
22439.0,21460.437
22440.0,21461.214
22441.0,21461.991
22442.0,21462.768
22443.0,21463.544
22444.0,21464.321
22445.0,21465.098
22446.0,21465.875
22447.0,21466.652
22448.0,21467.428
22449.0,21468.205
22450.0,21468.982
22451.0,21469.758
22452.0,21470.534
22453.0,21471.31
22454.0,21472.086
22455.0,21472.863
22456.0,21473.639
22457.0,21474.415
22458.0,21475.191
22459.0,21475.967
22460.0,21476.743
22461.0,21477.518
22462.0,21478.294
22463.0,21479.069
22464.0,21479.845
22465.0,21480.62
22466.0,21481.395
22467.0,21482.171
22468.0,21482.946
22469.0,21483.722
22470.0,21484.497
22471.0,21485.272
22472.0,21486.047
22473.0,21486.821
22474.0,21487.596
22475.0,21488.371
22476.0,21489.146
22477.0,21489.921
22478.0,21490.695
22479.0,21491.47
22480.0,21492.245
22481.0,21493.019
22482.0,21493.793
22483.0,21494.567
22484.0,21495.341
22485.0,21496.116
22486.0,21496.89
22487.0,21497.664
22488.0,21498.438
22489.0,21499.212
22490.0,21499.986
22491.0,21500.76
22492.0,21501.533
22493.0,21502.307
22494.0,21503.08
22495.0,21503.854
22496.0,21504.627
22497.0,21505.401
22498.0,21506.174
22499.0,21506.948
22500.0,21507.721
22501.0,21508.494
22502.0,21509.267
22503.0,21510.04
22504.0,21510.813
22505.0,21511.586
22506.0,21512.358
22507.0,21513.131
22508.0,21513.904
22509.0,21514.677
22510.0,21515.45
22511.0,21516.222
22512.0,21516.994
22513.0,21517.766
22514.0,21518.538
22515.0,21519.311
22516.0,21520.083
22517.0,21520.855
22518.0,21521.627
22519.0,21522.399
22520.0,21523.171
22521.0,21523.943
22522.0,21524.714
22523.0,21525.486
22524.0,21526.257
22525.0,21527.029
22526.0,21527.801
22527.0,21528.572
22528.0,21529.344
22529.0,21530.115
22530.0,21530.887
22531.0,21531.658
22532.0,21532.429
22533.0,21533.2
22534.0,21533.971
22535.0,21534.742
22536.0,21535.512
22537.0,21536.283
22538.0,21537.054
22539.0,21537.825
22540.0,21538.596
22541.0,21539.366
22542.0,21540.136
22543.0,21540.907
22544.0,21541.677
22545.0,21542.447
22546.0,21543.217
22547.0,21543.987
22548.0,21544.758
22549.0,21545.528
22550.0,21546.298
22551.0,21547.068
22552.0,21547.837
22553.0,21548.607
22554.0,21549.376
22555.0,21550.146
22556.0,21550.916
22557.0,21551.685
22558.0,21552.455
22559.0,21553.224
22560.0,21553.994
22561.0,21554.763
22562.0,21555.532
22563.0,21556.301
22564.0,21557.07
22565.0,21557.839
22566.0,21558.607
22567.0,21559.376
22568.0,21560.145
22569.0,21560.914
22570.0,21561.683
22571.0,21562.451
22572.0,21563.22
22573.0,21563.988
22574.0,21564.756
22575.0,21565.525
22576.0,21566.293
22577.0,21567.061
22578.0,21567.829
22579.0,21568.598
22580.0,21569.366
22581.0,21570.134
22582.0,21570.901
22583.0,21571.669
22584.0,21572.437
22585.0,21573.205
22586.0,21573.972
22587.0,21574.74
22588.0,21575.508
22589.0,21576.275
22590.0,21577.043
22591.0,21577.81
22592.0,21578.577
22593.0,21579.344
22594.0,21580.111
22595.0,21580.878
22596.0,21581.644
22597.0,21582.411
22598.0,21583.178
22599.0,21583.945
22600.0,21584.712
22601.0,21585.478
22602.0,21586.245
22603.0,21587.011
22604.0,21587.778
22605.0,21588.544
22606.0,21589.31
22607.0,21590.077
22608.0,21590.843
22609.0,21591.61
22610.0,21592.376
22611.0,21593.142
22612.0,21593.907
22613.0,21594.673
22614.0,21595.439
22615.0,21596.205
22616.0,21596.97
22617.0,21597.736
22618.0,21598.502
22619.0,21599.267
22620.0,21600.033
22621.0,21600.798
22622.0,21601.563
22623.0,21602.328
22624.0,21603.093
22625.0,21603.858
22626.0,21604.623
22627.0,21605.388
22628.0,21606.153
22629.0,21606.918
22630.0,21607.683
22631.0,21608.447
22632.0,21609.212
22633.0,21609.976
22634.0,21610.74
22635.0,21611.505
22636.0,21612.269
22637.0,21613.033
22638.0,21613.797
22639.0,21614.562
22640.0,21615.326
22641.0,21616.09
22642.0,21616.854
22643.0,21617.617
22644.0,21618.381
22645.0,21619.145
22646.0,21619.909
22647.0,21620.673
22648.0,21621.436
22649.0,21622.2
22650.0,21622.964
22651.0,21623.727
22652.0,21624.49
22653.0,21625.253
22654.0,21626.016
22655.0,21626.78
22656.0,21627.543
22657.0,21628.306
22658.0,21629.069
22659.0,21629.832
22660.0,21630.595
22661.0,21631.357
22662.0,21632.12
22663.0,21632.882
22664.0,21633.645
22665.0,21634.407
22666.0,21635.169
22667.0,21635.932
22668.0,21636.694
22669.0,21637.457
22670.0,21638.219
22671.0,21638.981
22672.0,21639.743
22673.0,21640.504
22674.0,21641.266
22675.0,21642.028
22676.0,21642.79
22677.0,21643.552
22678.0,21644.313
22679.0,21645.075
22680.0,21645.837
22681.0,21646.598
22682.0,21647.359
22683.0,21648.12
22684.0,21648.881
22685.0,21649.643
22686.0,21650.404
22687.0,21651.165
22688.0,21651.926
22689.0,21652.687
22690.0,21653.448
22691.0,21654.209
22692.0,21654.969
22693.0,21655.73
22694.0,21656.49
22695.0,21657.251
22696.0,21658.011
22697.0,21658.772
22698.0,21659.532
22699.0,21660.293
22700.0,21661.053
22701.0,21661.813
22702.0,21662.573
22703.0,21663.332
22704.0,21664.092
22705.0,21664.852
22706.0,21665.612
22707.0,21666.372
22708.0,21667.131
22709.0,21667.891
22710.0,21668.651
22711.0,21669.41
22712.0,21670.169
22713.0,21670.929
22714.0,21671.688
22715.0,21672.447
22716.0,21673.206
22717.0,21673.965
22718.0,21674.725
22719.0,21675.484
22720.0,21676.243
22721.0,21677.002
22722.0,21677.76
22723.0,21678.519
22724.0,21679.277
22725.0,21680.036
22726.0,21680.794
22727.0,21681.553
22728.0,21682.311
22729.0,21683.07
22730.0,21683.828
22731.0,21684.586
22732.0,21685.344
22733.0,21686.102
22734.0,21686.86
22735.0,21687.618
22736.0,21688.375
22737.0,21689.133
22738.0,21689.891
22739.0,21690.649
22740.0,21691.407
22741.0,21692.164
22742.0,21692.921
22743.0,21693.679
22744.0,21694.436
22745.0,21695.193
22746.0,21695.95
22747.0,21696.707
22748.0,21697.465
22749.0,21698.222
22750.0,21698.979
22751.0,21699.736
22752.0,21700.492
22753.0,21701.249
22754.0,21702.005
22755.0,21702.762
22756.0,21703.519
22757.0,21704.275
22758.0,21705.032
22759.0,21705.788
22760.0,21706.545
22761.0,21707.301
22762.0,21708.057
22763.0,21708.813
22764.0,21709.569
22765.0,21710.325
22766.0,21711.08
22767.0,21711.836
22768.0,21712.592
22769.0,21713.348
22770.0,21714.104
22771.0,21714.859
22772.0,21715.615
22773.0,21716.37
22774.0,21717.125
22775.0,21717.881
22776.0,21718.636
22777.0,21719.391
22778.0,21720.146
22779.0,21720.902
22780.0,21721.657
22781.0,21722.412
22782.0,21723.166
22783.0,21723.921
22784.0,21724.675
22785.0,21725.43
22786.0,21726.185
22787.0,21726.939
22788.0,21727.694
22789.0,21728.448
22790.0,21729.203
22791.0,21729.957
22792.0,21730.711
22793.0,21731.465
22794.0,21732.219
22795.0,21732.973
22796.0,21733.727
22797.0,21734.481
22798.0,21735.235
22799.0,21735.989
22800.0,21736.743
22801.0,21737.496
22802.0,21738.25
22803.0,21739.003
22804.0,21739.756
22805.0,21740.51
22806.0,21741.263
22807.0,21742.016
22808.0,21742.769
22809.0,21743.523
22810.0,21744.276
22811.0,21745.029
22812.0,21745.781
22813.0,21746.534
22814.0,21747.287
22815.0,21748.04
22816.0,21748.792
22817.0,21749.545
22818.0,21750.298
22819.0,21751.05
22820.0,21751.803
22821.0,21752.555
22822.0,21753.307
22823.0,21754.059
22824.0,21754.811
22825.0,21755.563
22826.0,21756.315
22827.0,21757.067
22828.0,21757.819
22829.0,21758.571
22830.0,21759.323
22831.0,21760.074
22832.0,21760.826
22833.0,21761.577
22834.0,21762.329
22835.0,21763.08
22836.0,21763.831
22837.0,21764.583
22838.0,21765.334
22839.0,21766.086
22840.0,21766.837
22841.0,21767.588
22842.0,21768.338
22843.0,21769.089
22844.0,21769.84
22845.0,21770.591
22846.0,21771.341
22847.0,21772.092
22848.0,21772.843
22849.0,21773.593
22850.0,21774.344
22851.0,21775.094
22852.0,21775.844
22853.0,21776.594
22854.0,21777.344
22855.0,21778.095
22856.0,21778.845
22857.0,21779.595
22858.0,21780.345
22859.0,21781.095
22860.0,21781.845
22861.0,21782.594
22862.0,21783.344
22863.0,21784.093
22864.0,21784.843
22865.0,21785.592
22866.0,21786.341
22867.0,21787.091
22868.0,21787.84
22869.0,21788.59
22870.0,21789.339
22871.0,21790.088
22872.0,21790.836
22873.0,21791.585
22874.0,21792.334
22875.0,21793.083
22876.0,21793.831
22877.0,21794.58
22878.0,21795.329
22879.0,21796.077
22880.0,21796.826
22881.0,21797.574
22882.0,21798.322
22883.0,21799.071
22884.0,21799.819
22885.0,21800.567
22886.0,21801.315
22887.0,21802.063
22888.0,21802.812
22889.0,21803.56
22890.0,21804.308
22891.0,21805.055
22892.0,21805.803
22893.0,21806.55
22894.0,21807.298
22895.0,21808.045
22896.0,21808.792
22897.0,21809.54
22898.0,21810.287
22899.0,21811.035
22900.0,21811.782
22901.0,21812.529
22902.0,21813.276
22903.0,21814.022
22904.0,21814.769
22905.0,21815.516
22906.0,21816.263
22907.0,21817.01
22908.0,21817.756
22909.0,21818.503
22910.0,21819.25
22911.0,21819.996
22912.0,21820.742
22913.0,21821.489
22914.0,21822.235
22915.0,21822.981
22916.0,21823.727
22917.0,21824.473
22918.0,21825.22
22919.0,21825.966
22920.0,21826.712
22921.0,21827.458
22922.0,21828.203
22923.0,21828.949
22924.0,21829.694
22925.0,21830.44
22926.0,21831.186
22927.0,21831.931
22928.0,21832.677
22929.0,21833.422
22930.0,21834.168
22931.0,21834.913
22932.0,21835.657
22933.0,21836.402
22934.0,21837.147
22935.0,21837.892
22936.0,21838.636
22937.0,21839.381
22938.0,21840.126
22939.0,21840.87
22940.0,21841.615
22941.0,21842.359
22942.0,21843.104
22943.0,21843.848
22944.0,21844.592
22945.0,21845.337
22946.0,21846.081
22947.0,21846.825
22948.0,21847.569
22949.0,21848.314
22950.0,21849.058
22951.0,21849.802
22952.0,21850.545
22953.0,21851.289
22954.0,21852.032
22955.0,21852.776
22956.0,21853.52
22957.0,21854.263
22958.0,21855.007
22959.0,21855.75
22960.0,21856.494
22961.0,21857.237
22962.0,21857.98
22963.0,21858.723
22964.0,21859.466
22965.0,21860.209
22966.0,21860.951
22967.0,21861.694
22968.0,21862.437
22969.0,21863.18
22970.0,21863.923
22971.0,21864.665
22972.0,21865.407
22973.0,21866.15
22974.0,21866.892
22975.0,21867.634
22976.0,21868.376
22977.0,21869.118
22978.0,21869.861
22979.0,21870.603
22980.0,21871.345
22981.0,21872.087
22982.0,21872.828
22983.0,21873.57
22984.0,21874.311
22985.0,21875.053
22986.0,21875.795
22987.0,21876.536
22988.0,21877.278
22989.0,21878.019
22990.0,21878.761
22991.0,21879.502
22992.0,21880.243
22993.0,21880.984
22994.0,21881.725
22995.0,21882.466
22996.0,21883.207
22997.0,21883.948
22998.0,21884.689
22999.0,21885.43
23000.0,21886.171
23001.0,21886.911
23002.0,21887.652
23003.0,21888.392
23004.0,21889.132
23005.0,21889.873
23006.0,21890.613
23007.0,21891.353
23008.0,21892.093
23009.0,21892.834
23010.0,21893.574
23011.0,21894.314
23012.0,21895.053
23013.0,21895.793
23014.0,21896.532
23015.0,21897.272
23016.0,21898.012
23017.0,21898.751
23018.0,21899.491
23019.0,21900.23
23020.0,21900.97
23021.0,21901.709
23022.0,21902.448
23023.0,21903.187
23024.0,21903.926
23025.0,21904.666
23026.0,21905.405
23027.0,21906.144
23028.0,21906.883
23029.0,21907.622
23030.0,21908.361
23031.0,21909.099
23032.0,21909.838
23033.0,21910.576
23034.0,21911.315
23035.0,21912.053
23036.0,21912.791
23037.0,21913.53
23038.0,21914.268
23039.0,21915.007
23040.0,21915.745
23041.0,21916.483
23042.0,21917.22
23043.0,21917.958
23044.0,21918.696
23045.0,21919.434
23046.0,21920.171
23047.0,21920.909
23048.0,21921.647
23049.0,21922.384
23050.0,21923.122
23051.0,21923.859
23052.0,21924.596
23053.0,21925.333
23054.0,21926.07
23055.0,21926.807
23056.0,21927.544
23057.0,21928.281
23058.0,21929.018
23059.0,21929.755
23060.0,21930.492
23061.0,21931.228
23062.0,21931.965
23063.0,21932.701
23064.0,21933.438
23065.0,21934.174
23066.0,21934.91
23067.0,21935.647
23068.0,21936.383
23069.0,21937.12
23070.0,21937.856
23071.0,21938.592
23072.0,21939.328
23073.0,21940.063
23074.0,21940.799
23075.0,21941.535
23076.0,21942.271
23077.0,21943.007
23078.0,21943.742
23079.0,21944.478
23080.0,21945.214
23081.0,21945.949
23082.0,21946.684
23083.0,21947.419
23084.0,21948.154
23085.0,21948.89
23086.0,21949.625
23087.0,21950.36
23088.0,21951.095
23089.0,21951.83
23090.0,21952.565
23091.0,21953.299
23092.0,21954.034
23093.0,21954.768
23094.0,21955.503
23095.0,21956.237
23096.0,21956.971
23097.0,21957.706
23098.0,21958.44
23099.0,21959.175
23100.0,21959.909
23101.0,21960.643
23102.0,21961.377
23103.0,21962.11
23104.0,21962.844
23105.0,21963.578
23106.0,21964.312
23107.0,21965.046
23108.0,21965.779
23109.0,21966.513
23110.0,21967.247
23111.0,21967.98
23112.0,21968.713
23113.0,21969.447
23114.0,21970.18
23115.0,21970.913
23116.0,21971.646
23117.0,21972.379
23118.0,21973.113
23119.0,21973.846
23120.0,21974.579
23121.0,21975.311
23122.0,21976.044
23123.0,21976.776
23124.0,21977.509
23125.0,21978.241
23126.0,21978.973
23127.0,21979.706
23128.0,21980.438
23129.0,21981.171
23130.0,21981.903
23131.0,21982.635
23132.0,21983.367
23133.0,21984.099
23134.0,21984.831
23135.0,21985.563
23136.0,21986.294
23137.0,21987.026
23138.0,21987.758
23139.0,21988.49
23140.0,21989.222
23141.0,21989.953
23142.0,21990.684
23143.0,21991.416
23144.0,21992.147
23145.0,21992.878
23146.0,21993.609
23147.0,21994.34
23148.0,21995.072
23149.0,21995.803
23150.0,21996.534
23151.0,21997.265
23152.0,21997.995
23153.0,21998.726
23154.0,21999.456
23155.0,22000.187
23156.0,22000.918
23157.0,22001.648
23158.0,22002.379
23159.0,22003.109
23160.0,22003.84
23161.0,22004.57
23162.0,22005.3
23163.0,22006.029
23164.0,22006.759
23165.0,22007.489
23166.0,22008.219
23167.0,22008.949
23168.0,22009.678
23169.0,22010.408
23170.0,22011.138
23171.0,22011.867
23172.0,22012.597
23173.0,22013.326
23174.0,22014.055
23175.0,22014.785
23176.0,22015.514
23177.0,22016.243
23178.0,22016.972
23179.0,22017.702
23180.0,22018.431
23181.0,22019.16
23182.0,22019.888
23183.0,22020.617
23184.0,22021.345
23185.0,22022.074
23186.0,22022.803
23187.0,22023.531
23188.0,22024.26
23189.0,22024.988
23190.0,22025.717
23191.0,22026.445
23192.0,22027.173
23193.0,22027.901
23194.0,22028.629
23195.0,22029.357
23196.0,22030.085
23197.0,22030.813
23198.0,22031.541
23199.0,22032.269
23200.0,22032.997
23201.0,22033.724
23202.0,22034.451
23203.0,22035.179
23204.0,22035.906
23205.0,22036.633
23206.0,22037.36
23207.0,22038.087
23208.0,22038.815
23209.0,22039.542
23210.0,22040.269
23211.0,22040.996
23212.0,22041.722
23213.0,22042.449
23214.0,22043.176
23215.0,22043.903
23216.0,22044.629
23217.0,22045.356
23218.0,22046.083
23219.0,22046.809
23220.0,22047.536
23221.0,22048.262
23222.0,22048.988
23223.0,22049.714
23224.0,22050.44
23225.0,22051.166
23226.0,22051.892
23227.0,22052.618
23228.0,22053.344
23229.0,22054.07
23230.0,22054.796
23231.0,22055.521
23232.0,22056.247
23233.0,22056.972
23234.0,22057.698
23235.0,22058.423
23236.0,22059.148
23237.0,22059.874
23238.0,22060.599
23239.0,22061.325
23240.0,22062.05
23241.0,22062.775
23242.0,22063.499
23243.0,22064.224
23244.0,22064.948
23245.0,22065.673
23246.0,22066.398
23247.0,22067.122
23248.0,22067.847
23249.0,22068.571
23250.0,22069.296
23251.0,22070.02
23252.0,22070.744
23253.0,22071.468
23254.0,22072.192
23255.0,22072.917
23256.0,22073.641
23257.0,22074.365
23258.0,22075.089
23259.0,22075.813
23260.0,22076.537
23261.0,22077.26
23262.0,22077.984
23263.0,22078.707
23264.0,22079.431
23265.0,22080.154
23266.0,22080.877
23267.0,22081.601
23268.0,22082.324
23269.0,22083.048
23270.0,22083.771
23271.0,22084.494
23272.0,22085.217
23273.0,22085.939
23274.0,22086.662
23275.0,22087.385
23276.0,22088.108
23277.0,22088.831
23278.0,22089.553
23279.0,22090.276
23280.0,22090.999
23281.0,22091.721
23282.0,22092.443
23283.0,22093.165
23284.0,22093.887
23285.0,22094.609
23286.0,22095.331
23287.0,22096.053
23288.0,22096.775
23289.0,22097.497
23290.0,22098.219
23291.0,22098.941
23292.0,22099.662
23293.0,22100.384
23294.0,22101.105
23295.0,22101.827
23296.0,22102.548
23297.0,22103.27
23298.0,22103.991
23299.0,22104.713
23300.0,22105.434
23301.0,22106.155
23302.0,22106.876
23303.0,22107.596
23304.0,22108.317
23305.0,22109.038
23306.0,22109.759
23307.0,22110.48
23308.0,22111.2
23309.0,22111.921
23310.0,22112.642
23311.0,22113.362
23312.0,22114.082
23313.0,22114.802
23314.0,22115.522
23315.0,22116.243
23316.0,22116.963
23317.0,22117.683
23318.0,22118.403
23319.0,22119.123
23320.0,22119.843
23321.0,22120.563
23322.0,22121.282
23323.0,22122.002
23324.0,22122.721
23325.0,22123.441
23326.0,22124.16
23327.0,22124.88
23328.0,22125.599
23329.0,22126.319
23330.0,22127.038
23331.0,22127.757
23332.0,22128.476
23333.0,22129.194
23334.0,22129.913
23335.0,22130.632
23336.0,22131.351
23337.0,22132.07
23338.0,22132.788
23339.0,22133.507
23340.0,22134.226
23341.0,22134.944
23342.0,22135.662
23343.0,22136.381
23344.0,22137.099
23345.0,22137.817
23346.0,22138.535
23347.0,22139.253
23348.0,22139.972
23349.0,22140.69
23350.0,22141.408
23351.0,22142.126
23352.0,22142.843
23353.0,22143.561
23354.0,22144.278
23355.0,22144.996
23356.0,22145.713
23357.0,22146.431
23358.0,22147.148
23359.0,22147.866
23360.0,22148.583
23361.0,22149.3
23362.0,22150.017
23363.0,22150.734
23364.0,22151.451
23365.0,22152.168
23366.0,22152.884
23367.0,22153.601
23368.0,22154.318
23369.0,22155.035
23370.0,22155.752
23371.0,22156.468
23372.0,22157.185
23373.0,22157.901
23374.0,22158.617
23375.0,22159.334
23376.0,22160.05
23377.0,22160.766
23378.0,22161.482
23379.0,22162.199
23380.0,22162.915
23381.0,22163.631
23382.0,22164.346
23383.0,22165.062
23384.0,22165.777
23385.0,22166.493
23386.0,22167.209
23387.0,22167.924
23388.0,22168.64
23389.0,22169.355
23390.0,22170.071
23391.0,22170.786
23392.0,22171.501
23393.0,22172.216
23394.0,22172.931
23395.0,22173.646
23396.0,22174.36
23397.0,22175.075
23398.0,22175.79
23399.0,22176.505
23400.0,22177.22
23401.0,22177.934
23402.0,22178.649
23403.0,22179.363
23404.0,22180.077
23405.0,22180.792
23406.0,22181.506
23407.0,22182.22
23408.0,22182.934
23409.0,22183.649
23410.0,22184.363
23411.0,22185.077
23412.0,22185.79
23413.0,22186.504
23414.0,22187.217
23415.0,22187.931
23416.0,22188.645
23417.0,22189.358
23418.0,22190.072
23419.0,22190.785
23420.0,22191.499
23421.0,22192.212
23422.0,22192.925
23423.0,22193.638
23424.0,22194.351
23425.0,22195.065
23426.0,22195.778
23427.0,22196.491
23428.0,22197.204
23429.0,22197.917
23430.0,22198.63
23431.0,22199.342
23432.0,22200.054
23433.0,22200.767
23434.0,22201.479
23435.0,22202.191
23436.0,22202.903
23437.0,22203.615
23438.0,22204.328
23439.0,22205.04
23440.0,22205.752
23441.0,22206.464
23442.0,22207.175
23443.0,22207.887
23444.0,22208.599
23445.0,22209.311
23446.0,22210.022
23447.0,22210.734
23448.0,22211.446
23449.0,22212.157
23450.0,22212.869
23451.0,22213.58
23452.0,22214.291
23453.0,22215.002
23454.0,22215.713
23455.0,22216.425
23456.0,22217.136
23457.0,22217.847
23458.0,22218.558
23459.0,22219.269
23460.0,22219.98
23461.0,22220.69
23462.0,22221.401
23463.0,22222.111
23464.0,22222.822
23465.0,22223.532
23466.0,22224.242
23467.0,22224.953
23468.0,22225.663
23469.0,22226.374
23470.0,22227.084
23471.0,22227.794
23472.0,22228.503
23473.0,22229.213
23474.0,22229.923
23475.0,22230.633
23476.0,22231.342
23477.0,22232.052
23478.0,22232.762
23479.0,22233.471
23480.0,22234.181
23481.0,22234.89
23482.0,22235.599
23483.0,22236.308
23484.0,22237.017
23485.0,22237.727
23486.0,22238.436
23487.0,22239.145
23488.0,22239.854
23489.0,22240.563
23490.0,22241.272
23491.0,22241.98
23492.0,22242.689
23493.0,22243.397
23494.0,22244.106
23495.0,22244.814
23496.0,22245.522
23497.0,22246.231
23498.0,22246.939
23499.0,22247.648
23500.0,22248.356
23501.0,22249.064
23502.0,22249.772
23503.0,22250.479
23504.0,22251.187
23505.0,22251.895
23506.0,22252.603
23507.0,22253.311
23508.0,22254.018
23509.0,22254.726
23510.0,22255.434
23511.0,22256.141
23512.0,22256.848
23513.0,22257.555
23514.0,22258.262
23515.0,22258.97
23516.0,22259.677
23517.0,22260.384
23518.0,22261.091
23519.0,22261.798
23520.0,22262.505
23521.0,22263.212
23522.0,22263.918
23523.0,22264.625
23524.0,22265.331
23525.0,22266.038
23526.0,22266.744
23527.0,22267.451
23528.0,22268.157
23529.0,22268.864
23530.0,22269.57
23531.0,22270.276
23532.0,22270.982
23533.0,22271.687
23534.0,22272.393
23535.0,22273.099
23536.0,22273.805
23537.0,22274.511
23538.0,22275.216
23539.0,22275.922
23540.0,22276.628
23541.0,22277.333
23542.0,22278.038
23543.0,22278.744
23544.0,22279.449
23545.0,22280.154
23546.0,22280.859
23547.0,22281.564
23548.0,22282.27
23549.0,22282.975
23550.0,22283.68
23551.0,22284.385
23552.0,22285.089
23553.0,22285.794
23554.0,22286.498
23555.0,22287.203
23556.0,22287.907
23557.0,22288.612
23558.0,22289.316
23559.0,22290.021
23560.0,22290.725
23561.0,22291.429
23562.0,22292.133
23563.0,22292.837
23564.0,22293.541
23565.0,22294.245
23566.0,22294.948
23567.0,22295.652
23568.0,22296.356
23569.0,22297.06
23570.0,22297.764
23571.0,22298.467
23572.0,22299.17
23573.0,22299.874
23574.0,22300.577
23575.0,22301.28
23576.0,22301.983
23577.0,22302.686
23578.0,22303.39
23579.0,22304.093
23580.0,22304.796
23581.0,22305.499
23582.0,22306.201
23583.0,22306.904
23584.0,22307.606
23585.0,22308.309
23586.0,22309.011
23587.0,22309.714
23588.0,22310.416
23589.0,22311.119
23590.0,22311.821
23591.0,22312.523
23592.0,22313.225
23593.0,22313.927
23594.0,22314.629
23595.0,22315.331
23596.0,22316.033
23597.0,22316.735
23598.0,22317.437
23599.0,22318.139
23600.0,22318.841
23601.0,22319.542
23602.0,22320.244
23603.0,22320.945
23604.0,22321.646
23605.0,22322.348
23606.0,22323.049
23607.0,22323.75
23608.0,22324.451
23609.0,22325.153
23610.0,22325.854
23611.0,22326.555
23612.0,22327.255
23613.0,22327.956
23614.0,22328.657
23615.0,22329.358
23616.0,22330.058
23617.0,22330.759
23618.0,22331.46
23619.0,22332.16
23620.0,22332.861
23621.0,22333.561
23622.0,22334.261
23623.0,22334.96
23624.0,22335.66
23625.0,22336.36
23626.0,22337.06
23627.0,22337.76
23628.0,22338.459
23629.0,22339.159
23630.0,22339.859
23631.0,22340.558
23632.0,22341.258
23633.0,22341.957
23634.0,22342.657
23635.0,22343.356
23636.0,22344.055
23637.0,22344.755
23638.0,22345.454
23639.0,22346.154
23640.0,22346.853
23641.0,22347.552
23642.0,22348.25
23643.0,22348.949
23644.0,22349.648
23645.0,22350.347
23646.0,22351.045
23647.0,22351.744
23648.0,22352.443
23649.0,22353.141
23650.0,22353.84
23651.0,22354.538
23652.0,22355.236
23653.0,22355.934
23654.0,22356.632
23655.0,22357.33
23656.0,22358.028
23657.0,22358.726
23658.0,22359.424
23659.0,22360.122
23660.0,22360.82
23661.0,22361.517
23662.0,22362.215
23663.0,22362.912
23664.0,22363.609
23665.0,22364.307
23666.0,22365.004
23667.0,22365.701
23668.0,22366.398
23669.0,22367.096
23670.0,22367.793
23671.0,22368.49
23672.0,22369.187
23673.0,22369.883
23674.0,22370.58
23675.0,22371.277
23676.0,22371.974
23677.0,22372.671
23678.0,22373.367
23679.0,22374.064
23680.0,22374.761
23681.0,22375.457
23682.0,22376.153
23683.0,22376.849
23684.0,22377.545
23685.0,22378.242
23686.0,22378.938
23687.0,22379.634
23688.0,22380.33
23689.0,22381.026
23690.0,22381.722
23691.0,22382.417
23692.0,22383.113
23693.0,22383.808
23694.0,22384.504
23695.0,22385.199
23696.0,22385.894
23697.0,22386.59
23698.0,22387.285
23699.0,22387.981
23700.0,22388.676
23701.0,22389.371
23702.0,22390.065
23703.0,22390.76
23704.0,22391.455
23705.0,22392.15
23706.0,22392.844
23707.0,22393.539
23708.0,22394.234
23709.0,22394.928
23710.0,22395.623
23711.0,22396.317
23712.0,22397.011
23713.0,22397.705
23714.0,22398.399
23715.0,22399.094
23716.0,22399.788
23717.0,22400.482
23718.0,22401.176
23719.0,22401.87
23720.0,22402.564
23721.0,22403.258
23722.0,22403.951
23723.0,22404.645
23724.0,22405.338
23725.0,22406.032
23726.0,22406.726
23727.0,22407.419
23728.0,22408.113
23729.0,22408.806
23730.0,22409.5
23731.0,22410.193
23732.0,22410.886
23733.0,22411.578
23734.0,22412.271
23735.0,22412.964
23736.0,22413.657
23737.0,22414.35
23738.0,22415.042
23739.0,22415.735
23740.0,22416.428
23741.0,22417.12
23742.0,22417.812
23743.0,22418.504
23744.0,22419.196
23745.0,22419.889
23746.0,22420.581
23747.0,22421.273
23748.0,22421.965
23749.0,22422.657
23750.0,22423.349
23751.0,22424.041
23752.0,22424.732
23753.0,22425.424
23754.0,22426.115
23755.0,22426.807
23756.0,22427.498
23757.0,22428.19
23758.0,22428.881
23759.0,22429.573
23760.0,22430.264
23761.0,22430.955
23762.0,22431.646
23763.0,22432.337
23764.0,22433.028
23765.0,22433.719
23766.0,22434.409
23767.0,22435.1
23768.0,22435.791
23769.0,22436.482
23770.0,22437.173
23771.0,22437.863
23772.0,22438.553
23773.0,22439.244
23774.0,22439.934
23775.0,22440.624
23776.0,22441.314
23777.0,22442.004
23778.0,22442.695
23779.0,22443.385
23780.0,22444.075
23781.0,22444.765
23782.0,22445.454
23783.0,22446.144
23784.0,22446.833
23785.0,22447.523
23786.0,22448.212
23787.0,22448.902
23788.0,22449.591
23789.0,22450.281
23790.0,22450.97
23791.0,22451.659
23792.0,22452.348
23793.0,22453.037
23794.0,22453.726
23795.0,22454.415
23796.0,22455.104
23797.0,22455.793
23798.0,22456.482
23799.0,22457.171
23800.0,22457.86
23801.0,22458.548
23802.0,22459.237
23803.0,22459.925
23804.0,22460.613
23805.0,22461.302
23806.0,22461.99
23807.0,22462.678
23808.0,22463.366
23809.0,22464.055
23810.0,22464.743
23811.0,22465.431
23812.0,22466.118
23813.0,22466.806
23814.0,22467.493
23815.0,22468.181
23816.0,22468.868
23817.0,22469.556
23818.0,22470.243
23819.0,22470.931
23820.0,22471.618
23821.0,22472.305
23822.0,22472.992
23823.0,22473.679
23824.0,22474.366
23825.0,22475.053
23826.0,22475.74
23827.0,22476.427
23828.0,22477.114
23829.0,22477.801
23830.0,22478.488
23831.0,22479.174
23832.0,22479.861
23833.0,22480.547
23834.0,22481.233
23835.0,22481.92
23836.0,22482.606
23837.0,22483.292
23838.0,22483.978
23839.0,22484.665
23840.0,22485.351
23841.0,22486.037
23842.0,22486.722
23843.0,22487.408
23844.0,22488.094
23845.0,22488.78
23846.0,22489.465
23847.0,22490.151
23848.0,22490.837
23849.0,22491.522
23850.0,22492.208
23851.0,22492.893
23852.0,22493.578
23853.0,22494.263
23854.0,22494.948
23855.0,22495.633
23856.0,22496.317
23857.0,22497.002
23858.0,22497.687
23859.0,22498.372
23860.0,22499.057
23861.0,22499.741
23862.0,22500.426
23863.0,22501.11
23864.0,22501.795
23865.0,22502.479
23866.0,22503.163
23867.0,22503.848
23868.0,22504.532
23869.0,22505.217
23870.0,22505.901
23871.0,22506.585
23872.0,22507.269
23873.0,22507.952
23874.0,22508.636
23875.0,22509.32
23876.0,22510.004
23877.0,22510.688
23878.0,22511.371
23879.0,22512.055
23880.0,22512.739
23881.0,22513.422
23882.0,22514.105
23883.0,22514.788
23884.0,22515.471
23885.0,22516.154
23886.0,22516.837
23887.0,22517.52
23888.0,22518.203
23889.0,22518.886
23890.0,22519.569
23891.0,22520.251
23892.0,22520.934
23893.0,22521.616
23894.0,22522.299
23895.0,22522.981
23896.0,22523.663
23897.0,22524.346
23898.0,22525.028
23899.0,22525.711
23900.0,22526.393
23901.0,22527.075
23902.0,22527.757
23903.0,22528.438
23904.0,22529.12
23905.0,22529.802
23906.0,22530.484
23907.0,22531.166
23908.0,22531.847
23909.0,22532.529
23910.0,22533.211
23911.0,22533.892
23912.0,22534.573
23913.0,22535.254
23914.0,22535.935
23915.0,22536.617
23916.0,22537.298
23917.0,22537.979
23918.0,22538.66
23919.0,22539.341
23920.0,22540.022
23921.0,22540.703
23922.0,22541.383
23923.0,22542.064
23924.0,22542.744
23925.0,22543.425
23926.0,22544.105
23927.0,22544.786
23928.0,22545.466
23929.0,22546.147
23930.0,22546.827
23931.0,22547.507
23932.0,22548.186
23933.0,22548.866
23934.0,22549.546
23935.0,22550.226
23936.0,22550.905
23937.0,22551.585
23938.0,22552.265
23939.0,22552.944
23940.0,22553.624
23941.0,22554.303
23942.0,22554.982
23943.0,22555.662
23944.0,22556.341
23945.0,22557.02
23946.0,22557.699
23947.0,22558.378
23948.0,22559.058
23949.0,22559.737
23950.0,22560.416
23951.0,22561.095
23952.0,22561.773
23953.0,22562.452
23954.0,22563.13
23955.0,22563.809
23956.0,22564.487
23957.0,22565.166
23958.0,22565.844
23959.0,22566.523
23960.0,22567.201
23961.0,22567.879
23962.0,22568.557
23963.0,22569.235
23964.0,22569.913
23965.0,22570.591
23966.0,22571.268
23967.0,22571.946
23968.0,22572.624
23969.0,22573.302
23970.0,22573.98
23971.0,22574.657
23972.0,22575.334
23973.0,22576.011
23974.0,22576.688
23975.0,22577.366
23976.0,22578.043
23977.0,22578.72
23978.0,22579.397
23979.0,22580.074
23980.0,22580.751
23981.0,22581.428
23982.0,22582.104
23983.0,22582.781
23984.0,22583.457
23985.0,22584.134
23986.0,22584.811
23987.0,22585.487
23988.0,22586.164
23989.0,22586.84
23990.0,22587.517
23991.0,22588.193
23992.0,22588.869
23993.0,22589.545
23994.0,22590.221
23995.0,22590.897
23996.0,22591.572
23997.0,22592.248
23998.0,22592.924
23999.0,22593.6
24000.0,22594.276
24001.0,22594.951
24002.0,22595.627
24003.0,22596.302
24004.0,22596.977
24005.0,22597.653
24006.0,22598.328
24007.0,22599.003
24008.0,22599.678
24009.0,22600.354
24010.0,22601.029
24011.0,22601.704
24012.0,22602.378
24013.0,22603.053
24014.0,22603.727
24015.0,22604.402
24016.0,22605.076
24017.0,22605.751
24018.0,22606.425
24019.0,22607.1
24020.0,22607.774
24021.0,22608.448
24022.0,22609.122
24023.0,22609.796
24024.0,22610.47
24025.0,22611.144
24026.0,22611.818
24027.0,22612.492
24028.0,22613.166
24029.0,22613.84
24030.0,22614.514
24031.0,22615.187
24032.0,22615.861
24033.0,22616.534
24034.0,22617.207
24035.0,22617.881
24036.0,22618.554
24037.0,22619.227
24038.0,22619.9
24039.0,22620.574
24040.0,22621.247
24041.0,22621.92
24042.0,22622.592
24043.0,22623.265
24044.0,22623.937
24045.0,22624.61
24046.0,22625.283
24047.0,22625.955
24048.0,22626.628
24049.0,22627.3
24050.0,22627.973
24051.0,22628.645
24052.0,22629.317
24053.0,22629.989
24054.0,22630.661
24055.0,22631.333
24056.0,22632.005
24057.0,22632.677
24058.0,22633.349
24059.0,22634.021
24060.0,22634.693
24061.0,22635.364
24062.0,22636.036
24063.0,22636.707
24064.0,22637.379
24065.0,22638.05
24066.0,22638.721
24067.0,22639.393
24068.0,22640.064
24069.0,22640.736
24070.0,22641.407
24071.0,22642.078
24072.0,22642.748
24073.0,22643.419
24074.0,22644.09
24075.0,22644.761
24076.0,22645.431
24077.0,22646.102
24078.0,22646.773
24079.0,22647.443
24080.0,22648.114
24081.0,22648.784
24082.0,22649.454
24083.0,22650.124
24084.0,22650.794
24085.0,22651.464
24086.0,22652.134
24087.0,22652.804
24088.0,22653.474
24089.0,22654.144
24090.0,22654.814
24091.0,22655.483
24092.0,22656.153
24093.0,22656.822
24094.0,22657.492
24095.0,22658.161
24096.0,22658.83
24097.0,22659.5
24098.0,22660.169
24099.0,22660.839
24100.0,22661.508
24101.0,22662.177
24102.0,22662.846
24103.0,22663.514
24104.0,22664.183
24105.0,22664.852
24106.0,22665.521
24107.0,22666.19
24108.0,22666.858
24109.0,22667.527
24110.0,22668.196
24111.0,22668.864
24112.0,22669.532
24113.0,22670.2
24114.0,22670.868
24115.0,22671.537
24116.0,22672.205
24117.0,22672.873
24118.0,22673.541
24119.0,22674.209
24120.0,22674.877
24121.0,22675.544
24122.0,22676.212
24123.0,22676.879
24124.0,22677.547
24125.0,22678.214
24126.0,22678.881
24127.0,22679.549
24128.0,22680.216
24129.0,22680.884
24130.0,22681.551
24131.0,22682.218
24132.0,22682.885
24133.0,22683.551
24134.0,22684.218
24135.0,22684.885
24136.0,22685.552
24137.0,22686.219
24138.0,22686.885
24139.0,22687.552
24140.0,22688.219
24141.0,22688.885
24142.0,22689.551
24143.0,22690.218
24144.0,22690.884
24145.0,22691.55
24146.0,22692.216
24147.0,22692.882
24148.0,22693.549
24149.0,22694.215
24150.0,22694.881
24151.0,22695.547
24152.0,22696.212
24153.0,22696.878
24154.0,22697.543
24155.0,22698.209
24156.0,22698.874
24157.0,22699.54
24158.0,22700.205
24159.0,22700.871
24160.0,22701.536
24161.0,22702.201
24162.0,22702.866
24163.0,22703.53
24164.0,22704.195
24165.0,22704.86
24166.0,22705.525
24167.0,22706.19
24168.0,22706.854
24169.0,22707.519
24170.0,22708.184
24171.0,22708.848
24172.0,22709.512
24173.0,22710.177
24174.0,22710.841
24175.0,22711.505
24176.0,22712.169
24177.0,22712.833
24178.0,22713.498
24179.0,22714.162
24180.0,22714.826
24181.0,22715.49
24182.0,22716.153
24183.0,22716.817
24184.0,22717.48
24185.0,22718.144
24186.0,22718.807
24187.0,22719.471
24188.0,22720.134
24189.0,22720.798
24190.0,22721.461
24191.0,22722.124
24192.0,22722.787
24193.0,22723.45
24194.0,22724.113
24195.0,22724.776
24196.0,22725.438
24197.0,22726.101
24198.0,22726.764
24199.0,22727.427
24200.0,22728.09
24201.0,22728.752
24202.0,22729.414
24203.0,22730.077
24204.0,22730.739
24205.0,22731.401
24206.0,22732.063
24207.0,22732.725
24208.0,22733.388
24209.0,22734.05
24210.0,22734.712
24211.0,22735.374
24212.0,22736.035
24213.0,22736.697
24214.0,22737.358
24215.0,22738.02
24216.0,22738.682
24217.0,22739.343
24218.0,22740.005
24219.0,22740.666
24220.0,22741.328
24221.0,22741.989
24222.0,22742.65
24223.0,22743.311
24224.0,22743.972
24225.0,22744.633
24226.0,22745.294
24227.0,22745.955
24228.0,22746.616
24229.0,22747.277
24230.0,22747.938
24231.0,22748.598
24232.0,22749.259
24233.0,22749.919
24234.0,22750.579
24235.0,22751.24
24236.0,22751.9
24237.0,22752.56
24238.0,22753.22
24239.0,22753.881
24240.0,22754.541
24241.0,22755.201
24242.0,22755.86
24243.0,22756.52
24244.0,22757.179
24245.0,22757.839
24246.0,22758.499
24247.0,22759.158
24248.0,22759.818
24249.0,22760.477
24250.0,22761.137
24251.0,22761.796
24252.0,22762.455
24253.0,22763.114
24254.0,22763.773
24255.0,22764.432
24256.0,22765.091
24257.0,22765.75
24258.0,22766.409
24259.0,22767.068
24260.0,22767.727
24261.0,22768.385
24262.0,22769.044
24263.0,22769.702
24264.0,22770.361
24265.0,22771.019
24266.0,22771.677
24267.0,22772.336
24268.0,22772.994
24269.0,22773.653
24270.0,22774.311
24271.0,22774.969
24272.0,22775.626
24273.0,22776.284
24274.0,22776.941
24275.0,22777.599
24276.0,22778.256
24277.0,22778.914
24278.0,22779.571
24279.0,22780.229
24280.0,22780.886
24281.0,22781.543
24282.0,22782.2
24283.0,22782.857
24284.0,22783.514
24285.0,22784.172
24286.0,22784.829
24287.0,22785.486
24288.0,22786.143
24289.0,22786.8
24290.0,22787.457
24291.0,22788.113
24292.0,22788.77
24293.0,22789.426
24294.0,22790.083
24295.0,22790.739
24296.0,22791.395
24297.0,22792.052
24298.0,22792.708
24299.0,22793.365
24300.0,22794.021
24301.0,22794.677
24302.0,22795.333
24303.0,22795.988
24304.0,22796.644
24305.0,22797.3
24306.0,22797.956
24307.0,22798.612
24308.0,22799.267
24309.0,22799.923
24310.0,22800.579
24311.0,22801.234
24312.0,22801.889
24313.0,22802.544
24314.0,22803.199
24315.0,22803.854
24316.0,22804.509
24317.0,22805.164
24318.0,22805.819
24319.0,22806.474
24320.0,22807.129
24321.0,22807.783
24322.0,22808.438
24323.0,22809.092
24324.0,22809.747
24325.0,22810.401
24326.0,22811.055
24327.0,22811.71
24328.0,22812.364
24329.0,22813.019
24330.0,22813.673
24331.0,22814.327
24332.0,22814.981
24333.0,22815.635
24334.0,22816.289
24335.0,22816.943
24336.0,22817.596
24337.0,22818.25
24338.0,22818.904
24339.0,22819.558
24340.0,22820.212
24341.0,22820.865
24342.0,22821.518
24343.0,22822.171
24344.0,22822.824
24345.0,22823.478
24346.0,22824.131
24347.0,22824.784
24348.0,22825.437
24349.0,22826.09
24350.0,22826.743
24351.0,22827.395
24352.0,22828.048
24353.0,22828.7
24354.0,22829.353
24355.0,22830.005
24356.0,22830.657
24357.0,22831.31
24358.0,22831.962
24359.0,22832.615
24360.0,22833.267
24361.0,22833.919
24362.0,22834.571
24363.0,22835.223
24364.0,22835.875
24365.0,22836.527
24366.0,22837.178
24367.0,22837.83
24368.0,22838.482
24369.0,22839.134
24370.0,22839.786
24371.0,22840.437
24372.0,22841.088
24373.0,22841.74
24374.0,22842.391
24375.0,22843.042
24376.0,22843.693
24377.0,22844.344
24378.0,22844.996
24379.0,22845.647
24380.0,22846.298
24381.0,22846.949
24382.0,22847.599
24383.0,22848.25
24384.0,22848.9
24385.0,22849.551
24386.0,22850.201
24387.0,22850.852
24388.0,22851.502
24389.0,22852.153
24390.0,22852.803
24391.0,22853.453
24392.0,22854.103
24393.0,22854.752
24394.0,22855.402
24395.0,22856.052
24396.0,22856.702
24397.0,22857.352
24398.0,22858.001
24399.0,22858.651
24400.0,22859.301
24401.0,22859.95
24402.0,22860.6
24403.0,22861.249
24404.0,22861.898
24405.0,22862.548
24406.0,22863.197
24407.0,22863.846
24408.0,22864.495
24409.0,22865.145
24410.0,22865.794
24411.0,22866.443
24412.0,22867.091
24413.0,22867.74
24414.0,22868.388
24415.0,22869.037
24416.0,22869.686
24417.0,22870.334
24418.0,22870.983
24419.0,22871.631
24420.0,22872.28
24421.0,22872.928
24422.0,22873.576
24423.0,22874.224
24424.0,22874.872
24425.0,22875.52
24426.0,22876.167
24427.0,22876.815
24428.0,22877.463
24429.0,22878.111
24430.0,22878.759
24431.0,22879.406
24432.0,22880.053
24433.0,22880.701
24434.0,22881.348
24435.0,22881.995
24436.0,22882.642
24437.0,22883.289
24438.0,22883.937
24439.0,22884.584
24440.0,22885.231
24441.0,22885.878
24442.0,22886.524
24443.0,22887.171
24444.0,22887.818
24445.0,22888.465
24446.0,22889.111
24447.0,22889.758
24448.0,22890.405
24449.0,22891.051
24450.0,22891.698
24451.0,22892.344
24452.0,22892.99
24453.0,22893.636
24454.0,22894.282
24455.0,22894.928
24456.0,22895.574
24457.0,22896.22
24458.0,22896.866
24459.0,22897.512
24460.0,22898.158
24461.0,22898.803
24462.0,22899.449
24463.0,22900.094
24464.0,22900.739
24465.0,22901.385
24466.0,22902.03
24467.0,22902.675
24468.0,22903.32
24469.0,22903.966
24470.0,22904.611
24471.0,22905.256
24472.0,22905.9
24473.0,22906.545
24474.0,22907.189
24475.0,22907.834
24476.0,22908.479
24477.0,22909.123
24478.0,22909.768
24479.0,22910.412
24480.0,22911.057
24481.0,22911.701
24482.0,22912.345
24483.0,22912.989
24484.0,22913.633
24485.0,22914.278
24486.0,22914.922
24487.0,22915.566
24488.0,22916.21
24489.0,22916.854
24490.0,22917.498
24491.0,22918.141
24492.0,22918.785
24493.0,22919.428
24494.0,22920.072
24495.0,22920.715
24496.0,22921.358
24497.0,22922.002
24498.0,22922.645
24499.0,22923.289
24500.0,22923.932
24501.0,22924.575
24502.0,22925.217
24503.0,22925.86
24504.0,22926.502
24505.0,22927.145
24506.0,22927.788
24507.0,22928.43
24508.0,22929.073
24509.0,22929.715
24510.0,22930.358
24511.0,22931.0
24512.0,22931.642
24513.0,22932.284
24514.0,22932.926
24515.0,22933.569
24516.0,22934.211
24517.0,22934.853
24518.0,22935.495
24519.0,22936.137
24520.0,22936.779
24521.0,22937.421
24522.0,22938.062
24523.0,22938.704
24524.0,22939.345
24525.0,22939.987
24526.0,22940.628
24527.0,22941.27
24528.0,22941.911
24529.0,22942.553
24530.0,22943.194
24531.0,22943.835
24532.0,22944.476
24533.0,22945.116
24534.0,22945.757
24535.0,22946.398
24536.0,22947.039
24537.0,22947.68
24538.0,22948.32
24539.0,22948.961
24540.0,22949.602
24541.0,22950.242
24542.0,22950.882
24543.0,22951.522
24544.0,22952.162
24545.0,22952.802
24546.0,22953.442
24547.0,22954.082
24548.0,22954.722
24549.0,22955.362
24550.0,22956.002
24551.0,22956.642
24552.0,22957.281
24553.0,22957.921
24554.0,22958.56
24555.0,22959.2
24556.0,22959.839
24557.0,22960.479
24558.0,22961.118
24559.0,22961.758
24560.0,22962.397
24561.0,22963.036
24562.0,22963.675
24563.0,22964.313
24564.0,22964.952
24565.0,22965.591
24566.0,22966.23
24567.0,22966.869
24568.0,22967.507
24569.0,22968.146
24570.0,22968.785
24571.0,22969.423
24572.0,22970.061
24573.0,22970.7
24574.0,22971.338
24575.0,22971.976
24576.0,22972.614
24577.0,22973.252
24578.0,22973.891
24579.0,22974.529
24580.0,22975.167
24581.0,22975.804
24582.0,22976.442
24583.0,22977.079
24584.0,22977.717
24585.0,22978.354
24586.0,22978.991
24587.0,22979.629
24588.0,22980.266
24589.0,22980.904
24590.0,22981.541
24591.0,22982.178
24592.0,22982.815
24593.0,22983.452
24594.0,22984.089
24595.0,22984.726
24596.0,22985.363
24597.0,22986.0
24598.0,22986.637
24599.0,22987.274
24600.0,22987.911
24601.0,22988.547
24602.0,22989.183
24603.0,22989.82
24604.0,22990.456
24605.0,22991.092
24606.0,22991.728
24607.0,22992.364
24608.0,22993.001
24609.0,22993.637
24610.0,22994.273
24611.0,22994.909
24612.0,22995.544
24613.0,22996.18
24614.0,22996.815
24615.0,22997.451
24616.0,22998.087
24617.0,22998.722
24618.0,22999.358
24619.0,22999.993
24620.0,23000.629
24621.0,23001.264
24622.0,23001.899
24623.0,23002.533
24624.0,23003.168
24625.0,23003.803
24626.0,23004.438
24627.0,23005.073
24628.0,23005.707
24629.0,23006.342
24630.0,23006.977
24631.0,23007.611
24632.0,23008.246
24633.0,23008.88
24634.0,23009.514
24635.0,23010.149
24636.0,23010.783
24637.0,23011.417
24638.0,23012.051
24639.0,23012.686
24640.0,23013.32
24641.0,23013.954
24642.0,23014.587
24643.0,23015.221
24644.0,23015.855
24645.0,23016.489
24646.0,23017.122
24647.0,23017.756
24648.0,23018.39
24649.0,23019.023
24650.0,23019.657
24651.0,23020.29
24652.0,23020.923
24653.0,23021.556
24654.0,23022.189
24655.0,23022.822
24656.0,23023.455
24657.0,23024.088
24658.0,23024.721
24659.0,23025.354
24660.0,23025.987
24661.0,23026.619
24662.0,23027.251
24663.0,23027.884
24664.0,23028.516
24665.0,23029.148
24666.0,23029.78
24667.0,23030.412
24668.0,23031.045
24669.0,23031.677
24670.0,23032.309
24671.0,23032.941
24672.0,23033.572
24673.0,23034.204
24674.0,23034.836
24675.0,23035.468
24676.0,23036.099
24677.0,23036.731
24678.0,23037.363
24679.0,23037.994
24680.0,23038.626
24681.0,23039.257
24682.0,23039.888
24683.0,23040.519
24684.0,23041.15
24685.0,23041.781
24686.0,23042.412
24687.0,23043.043
24688.0,23043.674
24689.0,23044.305
24690.0,23044.936
24691.0,23045.566
24692.0,23046.197
24693.0,23046.827
24694.0,23047.458
24695.0,23048.088
24696.0,23048.718
24697.0,23049.349
24698.0,23049.979
24699.0,23050.61
24700.0,23051.24
24701.0,23051.87
24702.0,23052.499
24703.0,23053.129
24704.0,23053.758
24705.0,23054.388
24706.0,23055.018
24707.0,23055.647
24708.0,23056.277
24709.0,23056.906
24710.0,23057.536
24711.0,23058.165
24712.0,23058.794
24713.0,23059.424
24714.0,23060.053
24715.0,23060.682
24716.0,23061.311
24717.0,23061.94
24718.0,23062.57
24719.0,23063.199
24720.0,23063.828
24721.0,23064.456
24722.0,23065.085
24723.0,23065.713
24724.0,23066.342
24725.0,23066.97
24726.0,23067.598
24727.0,23068.227
24728.0,23068.855
24729.0,23069.484
24730.0,23070.112
24731.0,23070.74
24732.0,23071.368
24733.0,23071.995
24734.0,23072.623
24735.0,23073.251
24736.0,23073.879
24737.0,23074.507
24738.0,23075.134
24739.0,23075.762
24740.0,23076.39
24741.0,23077.017
24742.0,23077.644
24743.0,23078.271
24744.0,23078.898
24745.0,23079.525
24746.0,23080.152
24747.0,23080.779
24748.0,23081.406
24749.0,23082.033
24750.0,23082.66
24751.0,23083.287
24752.0,23083.913
24753.0,23084.54
24754.0,23085.166
24755.0,23085.793
24756.0,23086.419
24757.0,23087.046
24758.0,23087.672
24759.0,23088.299
24760.0,23088.925
24761.0,23089.551
24762.0,23090.177
24763.0,23090.802
24764.0,23091.428
24765.0,23092.054
24766.0,23092.68
24767.0,23093.306
24768.0,23093.931
24769.0,23094.557
24770.0,23095.183
24771.0,23095.808
24772.0,23096.433
24773.0,23097.058
24774.0,23097.683
24775.0,23098.309
24776.0,23098.934
24777.0,23099.559
24778.0,23100.184
24779.0,23100.809
24780.0,23101.434
24781.0,23102.059
24782.0,23102.683
24783.0,23103.308
24784.0,23103.932
24785.0,23104.557
24786.0,23105.181
24787.0,23105.806
24788.0,23106.43
24789.0,23107.055
24790.0,23107.679
24791.0,23108.303
24792.0,23108.927
24793.0,23109.551
24794.0,23110.175
24795.0,23110.799
24796.0,23111.422
24797.0,23112.046
24798.0,23112.67
24799.0,23113.294
24800.0,23113.918
24801.0,23114.541
24802.0,23115.164
24803.0,23115.788
24804.0,23116.411
24805.0,23117.034
24806.0,23117.657
24807.0,23118.28
24808.0,23118.904
24809.0,23119.527
24810.0,23120.15
24811.0,23120.773
24812.0,23121.395
24813.0,23122.018
24814.0,23122.64
24815.0,23123.263
24816.0,23123.885
24817.0,23124.508
24818.0,23125.13
24819.0,23125.753
24820.0,23126.375
24821.0,23126.997
24822.0,23127.619
24823.0,23128.241
24824.0,23128.863
24825.0,23129.485
24826.0,23130.106
24827.0,23130.728
24828.0,23131.35
24829.0,23131.972
24830.0,23132.594
24831.0,23133.215
24832.0,23133.837
24833.0,23134.458
24834.0,23135.079
24835.0,23135.701
24836.0,23136.322
24837.0,23136.943
24838.0,23137.564
24839.0,23138.186
24840.0,23138.807
24841.0,23139.428
24842.0,23140.048
24843.0,23140.669
24844.0,23141.29
24845.0,23141.911
24846.0,23142.531
24847.0,23143.152
24848.0,23143.773
24849.0,23144.393
24850.0,23145.014
24851.0,23145.634
24852.0,23146.254
24853.0,23146.873
24854.0,23147.493
24855.0,23148.113
24856.0,23148.733
24857.0,23149.353
24858.0,23149.972
24859.0,23150.592
24860.0,23151.212
24861.0,23151.831
24862.0,23152.451
24863.0,23153.07
24864.0,23153.689
24865.0,23154.309
24866.0,23154.928
24867.0,23155.547
24868.0,23156.166
24869.0,23156.786
24870.0,23157.405
24871.0,23158.024
24872.0,23158.642
24873.0,23159.261
24874.0,23159.88
24875.0,23160.499
24876.0,23161.117
24877.0,23161.736
24878.0,23162.355
24879.0,23162.973
24880.0,23163.592
24881.0,23164.21
24882.0,23164.828
24883.0,23165.446
24884.0,23166.064
24885.0,23166.682
24886.0,23167.3
24887.0,23167.918
24888.0,23168.536
24889.0,23169.154
24890.0,23169.772
24891.0,23170.389
24892.0,23171.007
24893.0,23171.624
24894.0,23172.241
24895.0,23172.859
24896.0,23173.476
24897.0,23174.093
24898.0,23174.71
24899.0,23175.328
24900.0,23175.945
24901.0,23176.562
24902.0,23177.178
24903.0,23177.795
24904.0,23178.412
24905.0,23179.029
24906.0,23179.645
24907.0,23180.262
24908.0,23180.879
24909.0,23181.495
24910.0,23182.112
24911.0,23182.728
24912.0,23183.344
24913.0,23183.96
24914.0,23184.576
24915.0,23185.193
24916.0,23185.809
24917.0,23186.425
24918.0,23187.041
24919.0,23187.657
24920.0,23188.273
24921.0,23188.888
24922.0,23189.504
24923.0,23190.119
24924.0,23190.735
24925.0,23191.35
24926.0,23191.965
24927.0,23192.581
24928.0,23193.196
24929.0,23193.812
24930.0,23194.427
24931.0,23195.042
24932.0,23195.656
24933.0,23196.271
24934.0,23196.886
24935.0,23197.501
24936.0,23198.115
24937.0,23198.73
24938.0,23199.345
24939.0,23199.959
24940.0,23200.574
24941.0,23201.188
24942.0,23201.802
24943.0,23202.416
24944.0,23203.03
24945.0,23203.645
24946.0,23204.259
24947.0,23204.873
24948.0,23205.487
24949.0,23206.101
24950.0,23206.715
24951.0,23207.329
24952.0,23207.942
24953.0,23208.556
24954.0,23209.169
24955.0,23209.783
24956.0,23210.396
24957.0,23211.01
24958.0,23211.623
24959.0,23212.237
24960.0,23212.85
24961.0,23213.463
24962.0,23214.076
24963.0,23214.688
24964.0,23215.301
24965.0,23215.914
24966.0,23216.527
24967.0,23217.14
24968.0,23217.752
24969.0,23218.365
24970.0,23218.978
24971.0,23219.59
24972.0,23220.202
24973.0,23220.814
24974.0,23221.426
24975.0,23222.039
24976.0,23222.651
24977.0,23223.263
24978.0,23223.875
24979.0,23224.487
24980.0,23225.099
24981.0,23225.711
24982.0,23226.322
24983.0,23226.934
24984.0,23227.545
24985.0,23228.157
24986.0,23228.768
24987.0,23229.38
24988.0,23229.991
24989.0,23230.603
24990.0,23231.214
24991.0,23231.825
24992.0,23232.436
24993.0,23233.046
24994.0,23233.657
24995.0,23234.268
24996.0,23234.879
24997.0,23235.49
24998.0,23236.1
24999.0,23236.711
25000.0,23237.322
25001.0,23237.932
25002.0,23238.542
25003.0,23239.153
25004.0,23239.763
25005.0,23240.373
25006.0,23240.983
25007.0,23241.593
25008.0,23242.204
25009.0,23242.814
25010.0,23243.424
25011.0,23244.034
25012.0,23244.643
25013.0,23245.253
25014.0,23245.862
25015.0,23246.472
25016.0,23247.081
25017.0,23247.691
25018.0,23248.3
25019.0,23248.91
25020.0,23249.519
25021.0,23250.128
25022.0,23250.737
25023.0,23251.346
25024.0,23251.955
25025.0,23252.564
25026.0,23253.173
25027.0,23253.782
25028.0,23254.391
25029.0,23255.0
25030.0,23255.609
25031.0,23256.217
25032.0,23256.825
25033.0,23257.434
25034.0,23258.042
25035.0,23258.65
25036.0,23259.258
25037.0,23259.866
25038.0,23260.475
25039.0,23261.083
25040.0,23261.691
25041.0,23262.299
25042.0,23262.906
25043.0,23263.514
25044.0,23264.121
25045.0,23264.729
25046.0,23265.336
25047.0,23265.944
25048.0,23266.551
25049.0,23267.159
25050.0,23267.766
25051.0,23268.373
25052.0,23268.98
25053.0,23269.587
25054.0,23270.194
25055.0,23270.801
25056.0,23271.408
25057.0,23272.015
25058.0,23272.622
25059.0,23273.229
25060.0,23273.836
25061.0,23274.442
25062.0,23275.049
25063.0,23275.655
25064.0,23276.261
25065.0,23276.868
25066.0,23277.474
25067.0,23278.08
25068.0,23278.686
25069.0,23279.293
25070.0,23279.899
25071.0,23280.505
25072.0,23281.11
25073.0,23281.716
25074.0,23282.322
25075.0,23282.928
25076.0,23283.533
25077.0,23284.139
25078.0,23284.745
25079.0,23285.35
25080.0,23285.956
25081.0,23286.561
25082.0,23287.166
25083.0,23287.771
25084.0,23288.376
25085.0,23288.981
25086.0,23289.585
25087.0,23290.19
25088.0,23290.795
25089.0,23291.4
25090.0,23292.005
25091.0,23292.609
25092.0,23293.214
25093.0,23293.818
25094.0,23294.422
25095.0,23295.027
25096.0,23295.631
25097.0,23296.235
25098.0,23296.839
25099.0,23297.444
25100.0,23298.048
25101.0,23298.652
25102.0,23299.256
25103.0,23299.859
25104.0,23300.463
25105.0,23301.067
25106.0,23301.671
25107.0,23302.275
25108.0,23302.878
25109.0,23303.482
25110.0,23304.086
25111.0,23304.689
25112.0,23305.292
25113.0,23305.895
25114.0,23306.498
25115.0,23307.101
25116.0,23307.704
25117.0,23308.307
25118.0,23308.91
25119.0,23309.513
25120.0,23310.116
25121.0,23310.718
25122.0,23311.321
25123.0,23311.923
25124.0,23312.525
25125.0,23313.128
25126.0,23313.73
25127.0,23314.332
25128.0,23314.934
25129.0,23315.537
25130.0,23316.139
25131.0,23316.741
25132.0,23317.343
25133.0,23317.944
25134.0,23318.546
25135.0,23319.148
25136.0,23319.75
25137.0,23320.352
25138.0,23320.953
25139.0,23321.555
25140.0,23322.157
25141.0,23322.758
25142.0,23323.359
25143.0,23323.96
25144.0,23324.561
25145.0,23325.163
25146.0,23325.764
25147.0,23326.365
25148.0,23326.966
25149.0,23327.567
25150.0,23328.168
25151.0,23328.769
25152.0,23329.369
25153.0,23329.97
25154.0,23330.57
25155.0,23331.171
25156.0,23331.771
25157.0,23332.372
25158.0,23332.972
25159.0,23333.573
25160.0,23334.173
25161.0,23334.773
25162.0,23335.372
25163.0,23335.972
25164.0,23336.571
25165.0,23337.171
25166.0,23337.771
25167.0,23338.37
25168.0,23338.97
25169.0,23339.569
25170.0,23340.169
25171.0,23340.768
25172.0,23341.367
25173.0,23341.967
25174.0,23342.566
25175.0,23343.165
25176.0,23343.764
25177.0,23344.363
25178.0,23344.963
25179.0,23345.562
25180.0,23346.161
25181.0,23346.76
25182.0,23347.358
25183.0,23347.957
25184.0,23348.555
25185.0,23349.154
25186.0,23349.752
25187.0,23350.351
25188.0,23350.949
25189.0,23351.548
25190.0,23352.146
25191.0,23352.744
25192.0,23353.342
25193.0,23353.94
25194.0,23354.538
25195.0,23355.136
25196.0,23355.733
25197.0,23356.331
25198.0,23356.929
25199.0,23357.527
25200.0,23358.125
25201.0,23358.722
25202.0,23359.319
25203.0,23359.916
25204.0,23360.513
25205.0,23361.111
25206.0,23361.708
25207.0,23362.305
25208.0,23362.902
25209.0,23363.499
25210.0,23364.096
25211.0,23364.693
25212.0,23365.289
25213.0,23365.886
25214.0,23366.482
25215.0,23367.079
25216.0,23367.676
25217.0,23368.272
25218.0,23368.869
25219.0,23369.465
25220.0,23370.062
25221.0,23370.658
25222.0,23371.254
25223.0,23371.849
25224.0,23372.445
25225.0,23373.041
25226.0,23373.637
25227.0,23374.233
25228.0,23374.828
25229.0,23375.424
25230.0,23376.02
25231.0,23376.615
25232.0,23377.21
25233.0,23377.806
25234.0,23378.401
25235.0,23378.996
25236.0,23379.591
25237.0,23380.186
25238.0,23380.782
25239.0,23381.377
25240.0,23381.972
25241.0,23382.567
25242.0,23383.161
25243.0,23383.756
25244.0,23384.35
25245.0,23384.945
25246.0,23385.54
25247.0,23386.134
25248.0,23386.729
25249.0,23387.323
25250.0,23387.918
25251.0,23388.512
25252.0,23389.106
25253.0,23389.7
25254.0,23390.294
25255.0,23390.888
25256.0,23391.482
25257.0,23392.076
25258.0,23392.67
25259.0,23393.264
25260.0,23393.858
25261.0,23394.451
25262.0,23395.045
25263.0,23395.638
25264.0,23396.231
25265.0,23396.825
25266.0,23397.418
25267.0,23398.011
25268.0,23398.604
25269.0,23399.198
25270.0,23399.791
25271.0,23400.384
25272.0,23400.976
25273.0,23401.569
25274.0,23402.161
25275.0,23402.754
25276.0,23403.346
25277.0,23403.939
25278.0,23404.531
25279.0,23405.124
25280.0,23405.716
25281.0,23406.308
25282.0,23406.9
25283.0,23407.492
25284.0,23408.084
25285.0,23408.676
25286.0,23409.268
25287.0,23409.86
25288.0,23410.452
25289.0,23411.044
25290.0,23411.636
25291.0,23412.227
25292.0,23412.819
25293.0,23413.41
25294.0,23414.001
25295.0,23414.593
25296.0,23415.184
25297.0,23415.775
25298.0,23416.366
25299.0,23416.958
25300.0,23417.549
25301.0,23418.14
25302.0,23418.731
25303.0,23419.321
25304.0,23419.912
25305.0,23420.503
25306.0,23421.094
25307.0,23421.685
25308.0,23422.275
25309.0,23422.866
25310.0,23423.457
25311.0,23424.047
25312.0,23424.637
25313.0,23425.227
25314.0,23425.817
25315.0,23426.407
25316.0,23426.996
25317.0,23427.586
25318.0,23428.176
25319.0,23428.766
25320.0,23429.356
25321.0,23429.945
25322.0,23430.535
25323.0,23431.124
25324.0,23431.714
25325.0,23432.303
25326.0,23432.892
25327.0,23433.482
25328.0,23434.071
25329.0,23434.661
25330.0,23435.25
25331.0,23435.839
25332.0,23436.427
25333.0,23437.016
25334.0,23437.605
25335.0,23438.194
25336.0,23438.782
25337.0,23439.371
25338.0,23439.96
25339.0,23440.548
25340.0,23441.137
25341.0,23441.725
25342.0,23442.313
25343.0,23442.902
25344.0,23443.49
25345.0,23444.078
25346.0,23444.666
25347.0,23445.254
25348.0,23445.843
25349.0,23446.431
25350.0,23447.019
25351.0,23447.606
25352.0,23448.194
25353.0,23448.781
25354.0,23449.368
25355.0,23449.956
25356.0,23450.543
25357.0,23451.13
25358.0,23451.717
25359.0,23452.305
25360.0,23452.892
25361.0,23453.479
25362.0,23454.066
25363.0,23454.652
25364.0,23455.239
25365.0,23455.826
25366.0,23456.413
25367.0,23457.0
25368.0,23457.586
25369.0,23458.173
25370.0,23458.76
25371.0,23459.346
25372.0,23459.932
25373.0,23460.519
25374.0,23461.105
25375.0,23461.691
25376.0,23462.277
25377.0,23462.863
25378.0,23463.45
25379.0,23464.036
25380.0,23464.622
25381.0,23465.208
25382.0,23465.793
25383.0,23466.379
25384.0,23466.964
25385.0,23467.55
25386.0,23468.135
25387.0,23468.721
25388.0,23469.306
25389.0,23469.892
25390.0,23470.477
25391.0,23471.062
25392.0,23471.646
25393.0,23472.231
25394.0,23472.816
25395.0,23473.401
25396.0,23473.985
25397.0,23474.57
25398.0,23475.155
25399.0,23475.739
25400.0,23476.324
25401.0,23476.908
25402.0,23477.492
25403.0,23478.077
25404.0,23478.661
25405.0,23479.245
25406.0,23479.829
25407.0,23480.413
25408.0,23480.998
25409.0,23481.582
25410.0,23482.166
25411.0,23482.75
25412.0,23483.333
25413.0,23483.917
25414.0,23484.5
25415.0,23485.084
25416.0,23485.668
25417.0,23486.251
25418.0,23486.835
25419.0,23487.418
25420.0,23488.002
25421.0,23488.585
25422.0,23489.168
25423.0,23489.75
25424.0,23490.333
25425.0,23490.916
25426.0,23491.499
25427.0,23492.082
25428.0,23492.664
25429.0,23493.247
25430.0,23493.83
25431.0,23494.412
25432.0,23494.994
25433.0,23495.577
25434.0,23496.159
25435.0,23496.741
25436.0,23497.323
25437.0,23497.905
25438.0,23498.488
25439.0,23499.07
25440.0,23499.652
25441.0,23500.234
25442.0,23500.815
25443.0,23501.397
25444.0,23501.978
25445.0,23502.56
25446.0,23503.142
25447.0,23503.723
25448.0,23504.305
25449.0,23504.886
25450.0,23505.468
25451.0,23506.049
25452.0,23506.63
25453.0,23507.211
25454.0,23507.792
25455.0,23508.373
25456.0,23508.953
25457.0,23509.534
25458.0,23510.115
25459.0,23510.696
25460.0,23511.277
25461.0,23511.857
25462.0,23512.437
25463.0,23513.018
25464.0,23513.598
25465.0,23514.178
25466.0,23514.758
25467.0,23515.338
25468.0,23515.919
25469.0,23516.499
25470.0,23517.079
25471.0,23517.659
25472.0,23518.238
25473.0,23518.818
25474.0,23519.397
25475.0,23519.977
25476.0,23520.557
25477.0,23521.136
25478.0,23521.716
25479.0,23522.295
25480.0,23522.875
25481.0,23523.454
25482.0,23524.033
25483.0,23524.612
25484.0,23525.191
25485.0,23525.77
25486.0,23526.349
25487.0,23526.928
25488.0,23527.507
25489.0,23528.086
25490.0,23528.665
25491.0,23529.243
25492.0,23529.822
25493.0,23530.4
25494.0,23530.979
25495.0,23531.557
25496.0,23532.135
25497.0,23532.714
25498.0,23533.292
25499.0,23533.871
25500.0,23534.449
25501.0,23535.027
25502.0,23535.604
25503.0,23536.182
25504.0,23536.759
25505.0,23537.337
25506.0,23537.914
25507.0,23538.492
25508.0,23539.069
25509.0,23539.647
25510.0,23540.224
25511.0,23540.801
25512.0,23541.378
25513.0,23541.955
25514.0,23542.532
25515.0,23543.11
25516.0,23543.687
25517.0,23544.264
25518.0,23544.841
25519.0,23545.418
25520.0,23545.995
25521.0,23546.571
25522.0,23547.148
25523.0,23547.724
25524.0,23548.301
25525.0,23548.877
25526.0,23549.453
25527.0,23550.03
25528.0,23550.606
25529.0,23551.183
25530.0,23551.759
25531.0,23552.335
25532.0,23552.91
25533.0,23553.486
25534.0,23554.062
25535.0,23554.638
25536.0,23555.213
25537.0,23555.789
25538.0,23556.365
25539.0,23556.94
25540.0,23557.516
25541.0,23558.091
25542.0,23558.666
25543.0,23559.241
25544.0,23559.816
25545.0,23560.391
25546.0,23560.966
25547.0,23561.541
25548.0,23562.116
25549.0,23562.691
25550.0,23563.266
25551.0,23563.84
25552.0,23564.415
25553.0,23564.989
25554.0,23565.564
25555.0,23566.138
25556.0,23566.712
25557.0,23567.287
25558.0,23567.861
25559.0,23568.436
25560.0,23569.01
25561.0,23569.584
25562.0,23570.158
25563.0,23570.731
25564.0,23571.305
25565.0,23571.879
25566.0,23572.453
25567.0,23573.027
25568.0,23573.6
25569.0,23574.174
25570.0,23574.748
25571.0,23575.321
25572.0,23575.894
25573.0,23576.468
25574.0,23577.041
25575.0,23577.614
25576.0,23578.187
25577.0,23578.76
25578.0,23579.334
25579.0,23579.907
25580.0,23580.48
25581.0,23581.052
25582.0,23581.625
25583.0,23582.197
25584.0,23582.77
25585.0,23583.342
25586.0,23583.914
25587.0,23584.487
25588.0,23585.059
25589.0,23585.632
25590.0,23586.204
25591.0,23586.776
25592.0,23587.348
25593.0,23587.919
25594.0,23588.491
25595.0,23589.063
25596.0,23589.635
25597.0,23590.207
25598.0,23590.778
25599.0,23591.35
25600.0,23591.922
25601.0,23592.493
25602.0,23593.064
25603.0,23593.636
25604.0,23594.207
25605.0,23594.778
25606.0,23595.349
25607.0,23595.92
25608.0,23596.492
25609.0,23597.063
25610.0,23597.634
25611.0,23598.205
25612.0,23598.775
25613.0,23599.346
25614.0,23599.916
25615.0,23600.487
25616.0,23601.058
25617.0,23601.628
25618.0,23602.199
25619.0,23602.769
25620.0,23603.34
25621.0,23603.91
25622.0,23604.479
25623.0,23605.049
25624.0,23605.619
25625.0,23606.189
25626.0,23606.758
25627.0,23607.328
25628.0,23607.898
25629.0,23608.467
25630.0,23609.037
25631.0,23609.606
25632.0,23610.176
25633.0,23610.745
25634.0,23611.314
25635.0,23611.884
25636.0,23612.453
25637.0,23613.022
25638.0,23613.591
25639.0,23614.161
25640.0,23614.73
25641.0,23615.299
25642.0,23615.867
25643.0,23616.436
25644.0,23617.004
25645.0,23617.573
25646.0,23618.142
25647.0,23618.71
25648.0,23619.279
25649.0,23619.847
25650.0,23620.416
25651.0,23620.984
25652.0,23621.552
25653.0,23622.12
25654.0,23622.688
25655.0,23623.256
25656.0,23623.823
25657.0,23624.391
25658.0,23624.959
25659.0,23625.527
25660.0,23626.095
25661.0,23626.662
25662.0,23627.229
25663.0,23627.797
25664.0,23628.364
25665.0,23628.931
25666.0,23629.498
25667.0,23630.065
25668.0,23630.633
25669.0,23631.2
25670.0,23631.767
25671.0,23632.334
25672.0,23632.9
25673.0,23633.467
25674.0,23634.033
25675.0,23634.6
25676.0,23635.167
25677.0,23635.733
25678.0,23636.3
25679.0,23636.866
25680.0,23637.433
25681.0,23637.999
25682.0,23638.565
25683.0,23639.131
25684.0,23639.697
25685.0,23640.263
25686.0,23640.829
25687.0,23641.395
25688.0,23641.961
25689.0,23642.527
25690.0,23643.093
25691.0,23643.658
25692.0,23644.223
25693.0,23644.789
25694.0,23645.354
25695.0,23645.919
25696.0,23646.484
25697.0,23647.049
25698.0,23647.615
25699.0,23648.18
25700.0,23648.745
25701.0,23649.31
25702.0,23649.874
25703.0,23650.439
25704.0,23651.004
25705.0,23651.569
25706.0,23652.133
25707.0,23652.698
25708.0,23653.263
25709.0,23653.827
25710.0,23654.392
25711.0,23654.956
25712.0,23655.52
25713.0,23656.084
25714.0,23656.648
25715.0,23657.213
25716.0,23657.777
25717.0,23658.341
25718.0,23658.905
25719.0,23659.469
25720.0,23660.033
25721.0,23660.596
25722.0,23661.16
25723.0,23661.723
25724.0,23662.287
25725.0,23662.85
25726.0,23663.413
25727.0,23663.977
25728.0,23664.54
25729.0,23665.104
25730.0,23665.667
25731.0,23666.23
25732.0,23666.792
25733.0,23667.355
25734.0,23667.917
25735.0,23668.48
25736.0,23669.043
25737.0,23669.605
25738.0,23670.168
25739.0,23670.73
25740.0,23671.293
25741.0,23671.855
25742.0,23672.417
25743.0,23672.979
25744.0,23673.541
25745.0,23674.104
25746.0,23674.666
25747.0,23675.228
25748.0,23675.79
25749.0,23676.352
25750.0,23676.914
25751.0,23677.475
25752.0,23678.037
25753.0,23678.598
25754.0,23679.16
25755.0,23679.721
25756.0,23680.282
25757.0,23680.844
25758.0,23681.405
25759.0,23681.967
25760.0,23682.528
25761.0,23683.089
25762.0,23683.65
25763.0,23684.21
25764.0,23684.771
25765.0,23685.332
25766.0,23685.893
25767.0,23686.454
25768.0,23687.014
25769.0,23687.575
25770.0,23688.136
25771.0,23688.696
25772.0,23689.256
25773.0,23689.816
25774.0,23690.376
25775.0,23690.936
25776.0,23691.496
25777.0,23692.056
25778.0,23692.616
25779.0,23693.176
25780.0,23693.736
25781.0,23694.296
25782.0,23694.855
25783.0,23695.415
25784.0,23695.974
25785.0,23696.534
25786.0,23697.093
25787.0,23697.653
25788.0,23698.212
25789.0,23698.772
25790.0,23699.331
25791.0,23699.89
25792.0,23700.449
25793.0,23701.008
25794.0,23701.567
25795.0,23702.126
25796.0,23702.684
25797.0,23703.243
25798.0,23703.802
25799.0,23704.361
25800.0,23704.92
25801.0,23705.478
25802.0,23706.036
25803.0,23706.595
25804.0,23707.153
25805.0,23707.711
25806.0,23708.269
25807.0,23708.827
25808.0,23709.386
25809.0,23709.944
25810.0,23710.502
25811.0,23711.059
25812.0,23711.617
25813.0,23712.174
25814.0,23712.731
25815.0,23713.289
25816.0,23713.846
25817.0,23714.403
25818.0,23714.96
25819.0,23715.518
25820.0,23716.075
25821.0,23716.632
25822.0,23717.189
25823.0,23717.746
25824.0,23718.303
25825.0,23718.86
25826.0,23719.416
25827.0,23719.973
25828.0,23720.53
25829.0,23721.087
25830.0,23721.644
25831.0,23722.2
25832.0,23722.757
25833.0,23723.313
25834.0,23723.869
25835.0,23724.426
25836.0,23724.982
25837.0,23725.538
25838.0,23726.094
25839.0,23726.651
25840.0,23727.207
25841.0,23727.763
25842.0,23728.318
25843.0,23728.874
25844.0,23729.429
25845.0,23729.985
25846.0,23730.541
25847.0,23731.096
25848.0,23731.652
25849.0,23732.207
25850.0,23732.763
25851.0,23733.318
25852.0,23733.873
25853.0,23734.427
25854.0,23734.982
25855.0,23735.537
25856.0,23736.092
25857.0,23736.647
25858.0,23737.201
25859.0,23737.756
25860.0,23738.311
25861.0,23738.865
25862.0,23739.42
25863.0,23739.974
25864.0,23740.528
25865.0,23741.083
25866.0,23741.637
25867.0,23742.191
25868.0,23742.745
25869.0,23743.3
25870.0,23743.854
25871.0,23744.408
25872.0,23744.961
25873.0,23745.515
25874.0,23746.068
25875.0,23746.622
25876.0,23747.176
25877.0,23747.729
25878.0,23748.283
25879.0,23748.836
25880.0,23749.39
25881.0,23749.943
25882.0,23750.496
25883.0,23751.049
25884.0,23751.602
25885.0,23752.155
25886.0,23752.708
25887.0,23753.261
25888.0,23753.814
25889.0,23754.367
25890.0,23754.92
25891.0,23755.472
25892.0,23756.024
25893.0,23756.577
25894.0,23757.129
25895.0,23757.681
25896.0,23758.233
25897.0,23758.785
25898.0,23759.338
25899.0,23759.89
25900.0,23760.442
25901.0,23760.994
25902.0,23761.545
25903.0,23762.097
25904.0,23762.649
25905.0,23763.201
25906.0,23763.752
25907.0,23764.304
25908.0,23764.856
25909.0,23765.407
25910.0,23765.959
25911.0,23766.51
25912.0,23767.061
25913.0,23767.612
25914.0,23768.163
25915.0,23768.714
25916.0,23769.265
25917.0,23769.816
25918.0,23770.367
25919.0,23770.918
25920.0,23771.469
25921.0,23772.019
25922.0,23772.57
25923.0,23773.12
25924.0,23773.67
25925.0,23774.221
25926.0,23774.771
25927.0,23775.321
25928.0,23775.871
25929.0,23776.422
25930.0,23776.972
25931.0,23777.522
25932.0,23778.071
25933.0,23778.621
25934.0,23779.171
25935.0,23779.721
25936.0,23780.27
25937.0,23780.82
25938.0,23781.37
25939.0,23781.919
25940.0,23782.469
25941.0,23783.018
25942.0,23783.567
25943.0,23784.116
25944.0,23784.665
25945.0,23785.215
25946.0,23785.764
25947.0,23786.313
25948.0,23786.862
25949.0,23787.411
25950.0,23787.96
25951.0,23788.508
25952.0,23789.057
25953.0,23789.605
25954.0,23790.154
25955.0,23790.702
25956.0,23791.25
25957.0,23791.799
25958.0,23792.347
25959.0,23792.896
25960.0,23793.444
25961.0,23793.992
25962.0,23794.539
25963.0,23795.087
25964.0,23795.634
25965.0,23796.182
25966.0,23796.73
25967.0,23797.277
25968.0,23797.825
25969.0,23798.372
25970.0,23798.92
25971.0,23799.467
25972.0,23800.014
25973.0,23800.562
25974.0,23801.109
25975.0,23801.656
25976.0,23802.203
25977.0,23802.75
25978.0,23803.298
25979.0,23803.845
25980.0,23804.392
25981.0,23804.938
25982.0,23805.485
25983.0,23806.031
25984.0,23806.578
25985.0,23807.124
25986.0,23807.67
25987.0,23808.217
25988.0,23808.763
25989.0,23809.31
25990.0,23809.856
25991.0,23810.402
25992.0,23810.948
25993.0,23811.494
25994.0,23812.04
25995.0,23812.586
25996.0,23813.131
25997.0,23813.677
25998.0,23814.223
25999.0,23814.769
26000.0,23815.315
26001.0,23815.86
26002.0,23816.405
26003.0,23816.95
26004.0,23817.495
26005.0,23818.04
26006.0,23818.585
26007.0,23819.13
26008.0,23819.675
26009.0,23820.22
26010.0,23820.765
26011.0,23821.31
26012.0,23821.854
26013.0,23822.399
26014.0,23822.943
26015.0,23823.488
26016.0,23824.033
26017.0,23824.577
26018.0,23825.122
26019.0,23825.666
26020.0,23826.211
26021.0,23826.755
26022.0,23827.299
26023.0,23827.843
26024.0,23828.387
26025.0,23828.931
26026.0,23829.474
26027.0,23830.018
26028.0,23830.562
26029.0,23831.106
26030.0,23831.65
26031.0,23832.193
26032.0,23832.736
26033.0,23833.28
26034.0,23833.823
26035.0,23834.366
26036.0,23834.909
26037.0,23835.452
26038.0,23835.996
26039.0,23836.539
26040.0,23837.082
26041.0,23837.624
26042.0,23838.167
26043.0,23838.709
26044.0,23839.252
26045.0,23839.794
26046.0,23840.336
26047.0,23840.879
26048.0,23841.421
26049.0,23841.964
26050.0,23842.506
26051.0,23843.048
26052.0,23843.59
26053.0,23844.132
26054.0,23844.674
26055.0,23845.216
26056.0,23845.758
26057.0,23846.3
26058.0,23846.842
26059.0,23847.384
26060.0,23847.926
26061.0,23848.467
26062.0,23849.008
26063.0,23849.55
26064.0,23850.091
26065.0,23850.632
26066.0,23851.173
26067.0,23851.714
26068.0,23852.256
26069.0,23852.797
26070.0,23853.338
26071.0,23853.879
26072.0,23854.419
26073.0,23854.96
26074.0,23855.501
26075.0,23856.042
26076.0,23856.582
26077.0,23857.123
26078.0,23857.664
26079.0,23858.204
26080.0,23858.745
26081.0,23859.285
26082.0,23859.825
26083.0,23860.364
26084.0,23860.904
26085.0,23861.444
26086.0,23861.984
26087.0,23862.524
26088.0,23863.063
26089.0,23863.603
26090.0,23864.143
26091.0,23864.682
26092.0,23865.222
26093.0,23865.761
26094.0,23866.3
26095.0,23866.84
26096.0,23867.379
26097.0,23867.918
26098.0,23868.457
26099.0,23868.997
26100.0,23869.536
26101.0,23870.075
26102.0,23870.613
26103.0,23871.152
26104.0,23871.691
26105.0,23872.23
26106.0,23872.768
26107.0,23873.307
26108.0,23873.846
26109.0,23874.384
26110.0,23874.923
26111.0,23875.461
26112.0,23875.999
26113.0,23876.537
26114.0,23877.075
26115.0,23877.613
26116.0,23878.151
26117.0,23878.689
26118.0,23879.227
26119.0,23879.765
26120.0,23880.303
26121.0,23880.84
26122.0,23881.377
26123.0,23881.915
26124.0,23882.452
26125.0,23882.989
26126.0,23883.526
26127.0,23884.063
26128.0,23884.601
26129.0,23885.138
26130.0,23885.675
26131.0,23886.212
26132.0,23886.749
26133.0,23887.285
26134.0,23887.822
26135.0,23888.359
26136.0,23888.896
26137.0,23889.433
26138.0,23889.969
26139.0,23890.506
26140.0,23891.043
26141.0,23891.579
26142.0,23892.115
26143.0,23892.651
26144.0,23893.187
26145.0,23893.723
26146.0,23894.259
26147.0,23894.795
26148.0,23895.331
26149.0,23895.867
26150.0,23896.403
26151.0,23896.938
26152.0,23897.474
26153.0,23898.009
26154.0,23898.544
26155.0,23899.08
26156.0,23899.615
26157.0,23900.15
26158.0,23900.685
26159.0,23901.221
26160.0,23901.756
26161.0,23902.291
26162.0,23902.826
26163.0,23903.36
26164.0,23903.895
26165.0,23904.43
26166.0,23904.965
26167.0,23905.5
26168.0,23906.034
26169.0,23906.569
26170.0,23907.104
26171.0,23907.638
26172.0,23908.172
26173.0,23908.706
26174.0,23909.24
26175.0,23909.775
26176.0,23910.309
26177.0,23910.843
26178.0,23911.377
26179.0,23911.911
26180.0,23912.445
26181.0,23912.979
26182.0,23913.512
26183.0,23914.046
26184.0,23914.579
26185.0,23915.113
26186.0,23915.646
26187.0,23916.18
26188.0,23916.713
26189.0,23917.247
26190.0,23917.78
26191.0,23918.313
26192.0,23918.845
26193.0,23919.378
26194.0,23919.91
26195.0,23920.443
26196.0,23920.976
26197.0,23921.508
26198.0,23922.041
26199.0,23922.573
26200.0,23923.106
26201.0,23923.638
26202.0,23924.17
26203.0,23924.703
26204.0,23925.235
26205.0,23925.767
26206.0,23926.299
26207.0,23926.831
26208.0,23927.364
26209.0,23927.896
26210.0,23928.428
26211.0,23928.96
26212.0,23929.491
26213.0,23930.023
26214.0,23930.554
26215.0,23931.086
26216.0,23931.617
26217.0,23932.149
26218.0,23932.68
26219.0,23933.212
26220.0,23933.743
26221.0,23934.274
26222.0,23934.805
26223.0,23935.336
26224.0,23935.867
26225.0,23936.398
26226.0,23936.928
26227.0,23937.459
26228.0,23937.99
26229.0,23938.521
26230.0,23939.052
26231.0,23939.582
26232.0,23940.112
26233.0,23940.642
26234.0,23941.172
26235.0,23941.703
26236.0,23942.233
26237.0,23942.763
26238.0,23943.293
26239.0,23943.823
26240.0,23944.353
26241.0,23944.883
26242.0,23945.412
26243.0,23945.942
26244.0,23946.471
26245.0,23947.001
26246.0,23947.53
26247.0,23948.06
26248.0,23948.589
26249.0,23949.119
26250.0,23949.648
26251.0,23950.177
26252.0,23950.706
26253.0,23951.235
26254.0,23951.764
26255.0,23952.293
26256.0,23952.822
26257.0,23953.351
26258.0,23953.88
26259.0,23954.409
26260.0,23954.938
26261.0,23955.466
26262.0,23955.994
26263.0,23956.523
26264.0,23957.051
26265.0,23957.579
26266.0,23958.107
26267.0,23958.635
26268.0,23959.164
26269.0,23959.692
26270.0,23960.22
26271.0,23960.748
26272.0,23961.275
26273.0,23961.803
26274.0,23962.33
26275.0,23962.858
26276.0,23963.385
26277.0,23963.913
26278.0,23964.44
26279.0,23964.968
26280.0,23965.495
26281.0,23966.022
26282.0,23966.549
26283.0,23967.076
26284.0,23967.603
26285.0,23968.13
26286.0,23968.656
26287.0,23969.183
26288.0,23969.71
26289.0,23970.237
26290.0,23970.764
26291.0,23971.29
26292.0,23971.817
26293.0,23972.343
26294.0,23972.87
26295.0,23973.396
26296.0,23973.922
26297.0,23974.449
26298.0,23974.975
26299.0,23975.502
26300.0,23976.028
26301.0,23976.554
26302.0,23977.079
26303.0,23977.605
26304.0,23978.13
26305.0,23978.656
26306.0,23979.182
26307.0,23979.707
26308.0,23980.233
26309.0,23980.758
26310.0,23981.284
26311.0,23981.809
26312.0,23982.334
26313.0,23982.859
26314.0,23983.384
26315.0,23983.909
26316.0,23984.433
26317.0,23984.958
26318.0,23985.483
26319.0,23986.008
26320.0,23986.533
26321.0,23987.057
26322.0,23987.582
26323.0,23988.106
26324.0,23988.631
26325.0,23989.155
26326.0,23989.679
26327.0,23990.204
26328.0,23990.728
26329.0,23991.253
26330.0,23991.777
26331.0,23992.301
26332.0,23992.824
26333.0,23993.348
26334.0,23993.872
26335.0,23994.396
26336.0,23994.919
26337.0,23995.443
26338.0,23995.967
26339.0,23996.49
26340.0,23997.014
26341.0,23997.537
26342.0,23998.06
26343.0,23998.583
26344.0,23999.106
26345.0,23999.629
26346.0,24000.152
26347.0,24000.675
26348.0,24001.198
26349.0,24001.721
26350.0,24002.244
26351.0,24002.766
26352.0,24003.289
26353.0,24003.811
26354.0,24004.333
26355.0,24004.856
26356.0,24005.378
26357.0,24005.9
26358.0,24006.422
26359.0,24006.945
26360.0,24007.467
26361.0,24007.989
26362.0,24008.511
26363.0,24009.032
26364.0,24009.554
26365.0,24010.076
26366.0,24010.598
26367.0,24011.12
26368.0,24011.641
26369.0,24012.163
26370.0,24012.685
26371.0,24013.206
26372.0,24013.727
26373.0,24014.248
26374.0,24014.769
26375.0,24015.291
26376.0,24015.812
26377.0,24016.333
26378.0,24016.854
26379.0,24017.375
26380.0,24017.896
26381.0,24018.416
26382.0,24018.937
26383.0,24019.457
26384.0,24019.977
26385.0,24020.498
26386.0,24021.018
26387.0,24021.538
26388.0,24022.058
26389.0,24022.579
26390.0,24023.099
26391.0,24023.619
26392.0,24024.139
26393.0,24024.658
26394.0,24025.178
26395.0,24025.698
26396.0,24026.218
26397.0,24026.738
26398.0,24027.257
26399.0,24027.777
26400.0,24028.297
26401.0,24028.816
26402.0,24029.335
26403.0,24029.855
26404.0,24030.374
26405.0,24030.893
26406.0,24031.412
26407.0,24031.931
26408.0,24032.451
26409.0,24032.97
26410.0,24033.489
26411.0,24034.008
26412.0,24034.526
26413.0,24035.045
26414.0,24035.563
26415.0,24036.082
26416.0,24036.6
26417.0,24037.119
26418.0,24037.637
26419.0,24038.156
26420.0,24038.674
26421.0,24039.192
26422.0,24039.709
26423.0,24040.227
26424.0,24040.745
26425.0,24041.263
26426.0,24041.78
26427.0,24042.298
26428.0,24042.816
26429.0,24043.333
26430.0,24043.851
26431.0,24044.368
26432.0,24044.885
26433.0,24045.403
26434.0,24045.92
26435.0,24046.437
26436.0,24046.954
26437.0,24047.471
26438.0,24047.989
26439.0,24048.506
26440.0,24049.023
26441.0,24049.54
26442.0,24050.056
26443.0,24050.573
26444.0,24051.089
26445.0,24051.606
26446.0,24052.122
26447.0,24052.639
26448.0,24053.155
26449.0,24053.672
26450.0,24054.188
26451.0,24054.704
26452.0,24055.22
26453.0,24055.736
26454.0,24056.252
26455.0,24056.768
26456.0,24057.283
26457.0,24057.799
26458.0,24058.315
26459.0,24058.831
26460.0,24059.347
26461.0,24059.862
26462.0,24060.377
26463.0,24060.893
26464.0,24061.408
26465.0,24061.923
26466.0,24062.438
26467.0,24062.953
26468.0,24063.469
26469.0,24063.984
26470.0,24064.499
26471.0,24065.014
26472.0,24065.528
26473.0,24066.043
26474.0,24066.557
26475.0,24067.072
26476.0,24067.586
26477.0,24068.101
26478.0,24068.615
26479.0,24069.13
26480.0,24069.644
26481.0,24070.158
26482.0,24070.672
26483.0,24071.186
26484.0,24071.7
26485.0,24072.214
26486.0,24072.728
26487.0,24073.242
26488.0,24073.756
26489.0,24074.27
26490.0,24074.784
26491.0,24075.297
26492.0,24075.811
26493.0,24076.324
26494.0,24076.837
26495.0,24077.351
26496.0,24077.864
26497.0,24078.377
26498.0,24078.89
26499.0,24079.404
26500.0,24079.917
26501.0,24080.43
26502.0,24080.942
26503.0,24081.455
26504.0,24081.967
26505.0,24082.48
26506.0,24082.992
26507.0,24083.505
26508.0,24084.017
26509.0,24084.53
26510.0,24085.042
26511.0,24085.554
26512.0,24086.066
26513.0,24086.578
26514.0,24087.09
26515.0,24087.602
26516.0,24088.114
26517.0,24088.626
26518.0,24089.138
26519.0,24089.65
26520.0,24090.162
26521.0,24090.673
26522.0,24091.185
26523.0,24091.696
26524.0,24092.207
26525.0,24092.719
26526.0,24093.23
26527.0,24093.741
26528.0,24094.252
26529.0,24094.764
26530.0,24095.275
26531.0,24095.786
26532.0,24096.297
26533.0,24096.807
26534.0,24097.318
26535.0,24097.829
26536.0,24098.34
26537.0,24098.851
26538.0,24099.361
26539.0,24099.872
26540.0,24100.383
26541.0,24100.893
26542.0,24101.403
26543.0,24101.912
26544.0,24102.422
26545.0,24102.932
26546.0,24103.442
26547.0,24103.952
26548.0,24104.461
26549.0,24104.971
26550.0,24105.481
26551.0,24105.991
26552.0,24106.5
26553.0,24107.01
26554.0,24107.519
26555.0,24108.029
26556.0,24108.538
26557.0,24109.048
26558.0,24109.557
26559.0,24110.067
26560.0,24110.576
26561.0,24111.085
26562.0,24111.593
26563.0,24112.102
26564.0,24112.611
26565.0,24113.12
26566.0,24113.628
26567.0,24114.137
26568.0,24114.646
26569.0,24115.154
26570.0,24115.663
26571.0,24116.171
26572.0,24116.679
26573.0,24117.187
26574.0,24117.695
26575.0,24118.204
26576.0,24118.712
26577.0,24119.22
26578.0,24119.728
26579.0,24120.236
26580.0,24120.744
26581.0,24121.251
26582.0,24121.759
26583.0,24122.266
26584.0,24122.773
26585.0,24123.281
26586.0,24123.788
26587.0,24124.295
26588.0,24124.802
26589.0,24125.31
26590.0,24125.817
26591.0,24126.324
26592.0,24126.831
26593.0,24127.337
26594.0,24127.844
26595.0,24128.351
26596.0,24128.858
26597.0,24129.365
26598.0,24129.871
26599.0,24130.378
26600.0,24130.885
26601.0,24131.391
26602.0,24131.897
26603.0,24132.403
26604.0,24132.909
26605.0,24133.416
26606.0,24133.922
26607.0,24134.428
26608.0,24134.934
26609.0,24135.44
26610.0,24135.946
26611.0,24136.451
26612.0,24136.957
26613.0,24137.462
26614.0,24137.968
26615.0,24138.473
26616.0,24138.978
26617.0,24139.484
26618.0,24139.989
26619.0,24140.495
26620.0,24141.0
26621.0,24141.505
26622.0,24142.01
26623.0,24142.514
26624.0,24143.019
26625.0,24143.524
26626.0,24144.029
26627.0,24144.534
26628.0,24145.038
26629.0,24145.543
26630.0,24146.048
26631.0,24146.552
26632.0,24147.057
26633.0,24147.561
26634.0,24148.065
26635.0,24148.57
26636.0,24149.074
26637.0,24149.578
26638.0,24150.082
26639.0,24150.587
26640.0,24151.091
26641.0,24151.595
26642.0,24152.098
26643.0,24152.602
26644.0,24153.105
26645.0,24153.609
26646.0,24154.112
26647.0,24154.616
26648.0,24155.119
26649.0,24155.623
26650.0,24156.126
26651.0,24156.629
26652.0,24157.131
26653.0,24157.634
26654.0,24158.137
26655.0,24158.64
26656.0,24159.142
26657.0,24159.645
26658.0,24160.148
26659.0,24160.65
26660.0,24161.153
26661.0,24161.655
26662.0,24162.158
26663.0,24162.66
26664.0,24163.162
26665.0,24163.665
26666.0,24164.167
26667.0,24164.669
26668.0,24165.171
26669.0,24165.674
26670.0,24166.176
26671.0,24166.678
26672.0,24167.179
26673.0,24167.681
26674.0,24168.182
26675.0,24168.684
26676.0,24169.185
26677.0,24169.687
26678.0,24170.188
26679.0,24170.69
26680.0,24171.191
26681.0,24171.692
26682.0,24172.193
26683.0,24172.694
26684.0,24173.195
26685.0,24173.697
26686.0,24174.198
26687.0,24174.699
26688.0,24175.2
26689.0,24175.701
26690.0,24176.202
26691.0,24176.702
26692.0,24177.202
26693.0,24177.702
26694.0,24178.202
26695.0,24178.703
26696.0,24179.203
26697.0,24179.703
26698.0,24180.203
26699.0,24180.703
26700.0,24181.203
26701.0,24181.703
26702.0,24182.202
26703.0,24182.702
26704.0,24183.201
26705.0,24183.701
26706.0,24184.201
26707.0,24184.7
26708.0,24185.2
26709.0,24185.699
26710.0,24186.199
26711.0,24186.698
26712.0,24187.197
26713.0,24187.696
26714.0,24188.195
26715.0,24188.694
26716.0,24189.193
26717.0,24189.692
26718.0,24190.191
26719.0,24190.69
26720.0,24191.189
26721.0,24191.687
26722.0,24192.186
26723.0,24192.684
26724.0,24193.183
26725.0,24193.681
26726.0,24194.179
26727.0,24194.678
26728.0,24195.176
26729.0,24195.675
26730.0,24196.173
26731.0,24196.671
26732.0,24197.168
26733.0,24197.666
26734.0,24198.163
26735.0,24198.661
26736.0,24199.158
26737.0,24199.656
26738.0,24200.153
26739.0,24200.651
26740.0,24201.148
26741.0,24201.645
26742.0,24202.142
26743.0,24202.639
26744.0,24203.136
26745.0,24203.633
26746.0,24204.13
26747.0,24204.627
26748.0,24205.124
26749.0,24205.621
26750.0,24206.118
26751.0,24206.614
26752.0,24207.111
26753.0,24207.607
26754.0,24208.104
26755.0,24208.6
26756.0,24209.096
26757.0,24209.593
26758.0,24210.089
26759.0,24210.586
26760.0,24211.082
26761.0,24211.578
26762.0,24212.074
26763.0,24212.569
26764.0,24213.065
26765.0,24213.561
26766.0,24214.057
26767.0,24214.553
26768.0,24215.048
26769.0,24215.544
26770.0,24216.04
26771.0,24216.535
26772.0,24217.03
26773.0,24217.525
26774.0,24218.02
26775.0,24218.515
26776.0,24219.009
26777.0,24219.504
26778.0,24219.999
26779.0,24220.494
26780.0,24220.989
26781.0,24221.483
26782.0,24221.978
26783.0,24222.472
26784.0,24222.967
26785.0,24223.461
26786.0,24223.955
26787.0,24224.45
26788.0,24224.944
26789.0,24225.439
26790.0,24225.933
26791.0,24226.427
26792.0,24226.921
26793.0,24227.414
26794.0,24227.908
26795.0,24228.402
26796.0,24228.896
26797.0,24229.39
26798.0,24229.883
26799.0,24230.377
26800.0,24230.871
26801.0,24231.364
26802.0,24231.857
26803.0,24232.35
26804.0,24232.843
26805.0,24233.337
26806.0,24233.83
26807.0,24234.323
26808.0,24234.816
26809.0,24235.309
26810.0,24235.802
26811.0,24236.294
26812.0,24236.787
26813.0,24237.279
26814.0,24237.772
26815.0,24238.264
26816.0,24238.756
26817.0,24239.249
26818.0,24239.741
26819.0,24240.234
26820.0,24240.726
26821.0,24241.218
26822.0,24241.71
26823.0,24242.201
26824.0,24242.693
26825.0,24243.185
26826.0,24243.677
26827.0,24244.169
26828.0,24244.66
26829.0,24245.152
26830.0,24245.644
26831.0,24246.135
26832.0,24246.626
26833.0,24247.118
26834.0,24247.609
26835.0,24248.1
26836.0,24248.591
26837.0,24249.082
26838.0,24249.574
26839.0,24250.065
26840.0,24250.556
26841.0,24251.046
26842.0,24251.537
26843.0,24252.027
26844.0,24252.518
26845.0,24253.008
26846.0,24253.498
26847.0,24253.989
26848.0,24254.479
26849.0,24254.97
26850.0,24255.46
26851.0,24255.95
26852.0,24256.44
26853.0,24256.93
26854.0,24257.42
26855.0,24257.91
26856.0,24258.399
26857.0,24258.889
26858.0,24259.379
26859.0,24259.869
26860.0,24260.359
26861.0,24260.848
26862.0,24261.337
26863.0,24261.827
26864.0,24262.316
26865.0,24262.805
26866.0,24263.294
26867.0,24263.783
26868.0,24264.273
26869.0,24264.762
26870.0,24265.251
26871.0,24265.74
26872.0,24266.228
26873.0,24266.717
26874.0,24267.205
26875.0,24267.694
26876.0,24268.183
26877.0,24268.671
26878.0,24269.16
26879.0,24269.648
26880.0,24270.137
26881.0,24270.625
26882.0,24271.112
26883.0,24271.6
26884.0,24272.088
26885.0,24272.576
26886.0,24273.063
26887.0,24273.551
26888.0,24274.039
26889.0,24274.526
26890.0,24275.014
26891.0,24275.501
26892.0,24275.989
26893.0,24276.476
26894.0,24276.964
26895.0,24277.451
26896.0,24277.938
26897.0,24278.426
26898.0,24278.913
26899.0,24279.401
26900.0,24279.888
26901.0,24280.375
26902.0,24280.861
26903.0,24281.348
26904.0,24281.834
26905.0,24282.321
26906.0,24282.808
26907.0,24283.294
26908.0,24283.781
26909.0,24284.267
26910.0,24284.754
26911.0,24285.24
26912.0,24285.726
26913.0,24286.212
26914.0,24286.698
26915.0,24287.184
26916.0,24287.669
26917.0,24288.155
26918.0,24288.641
26919.0,24289.127
26920.0,24289.613
26921.0,24290.098
26922.0,24290.583
26923.0,24291.069
26924.0,24291.554
26925.0,24292.039
26926.0,24292.524
26927.0,24293.009
26928.0,24293.495
26929.0,24293.98
26930.0,24294.465
26931.0,24294.95
26932.0,24295.434
26933.0,24295.919
26934.0,24296.404
26935.0,24296.889
26936.0,24297.373
26937.0,24297.858
26938.0,24298.343
26939.0,24298.827
26940.0,24299.312
26941.0,24299.796
26942.0,24300.28
26943.0,24300.764
26944.0,24301.248
26945.0,24301.732
26946.0,24302.216
26947.0,24302.7
26948.0,24303.184
26949.0,24303.668
26950.0,24304.152
26951.0,24304.635
26952.0,24305.119
26953.0,24305.602
26954.0,24306.086
26955.0,24306.569
26956.0,24307.052
26957.0,24307.536
26958.0,24308.019
26959.0,24308.503
26960.0,24308.986
26961.0,24309.469
26962.0,24309.951
26963.0,24310.434
26964.0,24310.916
26965.0,24311.399
26966.0,24311.882
26967.0,24312.364
26968.0,24312.847
26969.0,24313.329
26970.0,24313.812
26971.0,24314.294
26972.0,24314.776
26973.0,24315.258
26974.0,24315.74
26975.0,24316.222
26976.0,24316.704
26977.0,24317.186
26978.0,24317.668
26979.0,24318.15
26980.0,24318.632
26981.0,24319.114
26982.0,24319.595
26983.0,24320.077
26984.0,24320.558
26985.0,24321.04
26986.0,24321.521
26987.0,24322.003
26988.0,24322.484
26989.0,24322.966
26990.0,24323.447
26991.0,24323.928
26992.0,24324.409
26993.0,24324.889
26994.0,24325.37
26995.0,24325.851
26996.0,24326.332
26997.0,24326.813
26998.0,24327.293
26999.0,24327.774
27000.0,24328.255
27001.0,24328.735
27002.0,24329.215
27003.0,24329.695
27004.0,24330.175
27005.0,24330.655
27006.0,24331.134
27007.0,24331.614
27008.0,24332.094
27009.0,24332.574
27010.0,24333.054
27011.0,24333.534
27012.0,24334.013
27013.0,24334.493
27014.0,24334.972
27015.0,24335.452
27016.0,24335.931
27017.0,24336.411
27018.0,24336.89
27019.0,24337.37
27020.0,24337.849
27021.0,24338.328
27022.0,24338.807
27023.0,24339.285
27024.0,24339.764
27025.0,24340.243
27026.0,24340.722
27027.0,24341.201
27028.0,24341.679
27029.0,24342.158
27030.0,24342.637
27031.0,24343.115
27032.0,24343.593
27033.0,24344.072
27034.0,24344.55
27035.0,24345.028
27036.0,24345.506
27037.0,24345.984
27038.0,24346.463
27039.0,24346.941
27040.0,24347.419
27041.0,24347.896
27042.0,24348.374
27043.0,24348.851
27044.0,24349.329
27045.0,24349.806
27046.0,24350.283
27047.0,24350.761
27048.0,24351.238
27049.0,24351.716
27050.0,24352.193
27051.0,24352.67
27052.0,24353.147
27053.0,24353.623
27054.0,24354.1
27055.0,24354.577
27056.0,24355.054
27057.0,24355.531
27058.0,24356.007
27059.0,24356.484
27060.0,24356.961
27061.0,24357.437
27062.0,24357.913
27063.0,24358.39
27064.0,24358.866
27065.0,24359.342
27066.0,24359.818
27067.0,24360.294
27068.0,24360.771
27069.0,24361.247
27070.0,24361.723
27071.0,24362.199
27072.0,24362.674
27073.0,24363.15
27074.0,24363.625
27075.0,24364.101
27076.0,24364.576
27077.0,24365.052
27078.0,24365.527
27079.0,24366.003
27080.0,24366.478
27081.0,24366.953
27082.0,24367.428
27083.0,24367.903
27084.0,24368.378
27085.0,24368.853
27086.0,24369.327
27087.0,24369.802
27088.0,24370.277
27089.0,24370.752
27090.0,24371.227
27091.0,24371.701
27092.0,24372.176
27093.0,24372.65
27094.0,24373.124
27095.0,24373.599
27096.0,24374.073
27097.0,24374.547
27098.0,24375.021
27099.0,24375.496
27100.0,24375.97
27101.0,24376.444
27102.0,24376.917
27103.0,24377.391
27104.0,24377.864
27105.0,24378.338
27106.0,24378.812
27107.0,24379.285
27108.0,24379.759
27109.0,24380.232
27110.0,24380.706
27111.0,24381.179
27112.0,24381.652
27113.0,24382.124
27114.0,24382.597
27115.0,24383.07
27116.0,24383.543
27117.0,24384.016
27118.0,24384.488
27119.0,24384.961
27120.0,24385.434
27121.0,24385.906
27122.0,24386.379
27123.0,24386.851
27124.0,24387.323
27125.0,24387.796
27126.0,24388.268
27127.0,24388.74
27128.0,24389.212
27129.0,24389.685
27130.0,24390.157
27131.0,24390.629
27132.0,24391.1
27133.0,24391.572
27134.0,24392.044
27135.0,24392.516
27136.0,24392.987
27137.0,24393.459
27138.0,24393.931
27139.0,24394.402
27140.0,24394.874
27141.0,24395.345
27142.0,24395.816
27143.0,24396.287
27144.0,24396.758
27145.0,24397.229
27146.0,24397.7
27147.0,24398.171
27148.0,24398.642
27149.0,24399.113
27150.0,24399.584
27151.0,24400.054
27152.0,24400.524
27153.0,24400.995
27154.0,24401.465
27155.0,24401.935
27156.0,24402.405
27157.0,24402.875
27158.0,24403.346
27159.0,24403.816
27160.0,24404.286
27161.0,24404.756
27162.0,24405.225
27163.0,24405.695
27164.0,24406.165
27165.0,24406.635
27166.0,24407.104
27167.0,24407.574
27168.0,24408.044
27169.0,24408.513
27170.0,24408.983
27171.0,24409.452
27172.0,24409.921
27173.0,24410.39
27174.0,24410.859
27175.0,24411.329
27176.0,24411.798
27177.0,24412.267
27178.0,24412.736
27179.0,24413.205
27180.0,24413.674
27181.0,24414.142
27182.0,24414.611
27183.0,24415.079
27184.0,24415.548
27185.0,24416.016
27186.0,24416.484
27187.0,24416.953
27188.0,24417.421
27189.0,24417.89
27190.0,24418.358
27191.0,24418.826
27192.0,24419.293
27193.0,24419.761
27194.0,24420.228
27195.0,24420.696
27196.0,24421.164
27197.0,24421.631
27198.0,24422.099
27199.0,24422.566
27200.0,24423.034
27201.0,24423.501
27202.0,24423.968
27203.0,24424.435
27204.0,24424.902
27205.0,24425.37
27206.0,24425.837
27207.0,24426.304
27208.0,24426.771
27209.0,24427.238
27210.0,24427.705
27211.0,24428.172
27212.0,24428.638
27213.0,24429.105
27214.0,24429.571
27215.0,24430.038
27216.0,24430.504
27217.0,24430.971
27218.0,24431.437
27219.0,24431.904
27220.0,24432.37
27221.0,24432.836
27222.0,24433.302
27223.0,24433.767
27224.0,24434.233
27225.0,24434.699
27226.0,24435.165
27227.0,24435.631
27228.0,24436.096
27229.0,24436.562
27230.0,24437.028
27231.0,24437.493
27232.0,24437.958
27233.0,24438.423
27234.0,24438.888
27235.0,24439.353
27236.0,24439.818
27237.0,24440.283
27238.0,24440.748
27239.0,24441.213
27240.0,24441.678
27241.0,24442.143
27242.0,24442.607
27243.0,24443.072
27244.0,24443.536
27245.0,24444.001
27246.0,24444.465
27247.0,24444.93
27248.0,24445.394
27249.0,24445.859
27250.0,24446.323
27251.0,24446.787
27252.0,24447.251
27253.0,24447.715
27254.0,24448.179
27255.0,24448.643
27256.0,24449.106
27257.0,24449.57
27258.0,24450.034
27259.0,24450.498
27260.0,24450.962
27261.0,24451.425
27262.0,24451.888
27263.0,24452.352
27264.0,24452.815
27265.0,24453.278
27266.0,24453.741
27267.0,24454.204
27268.0,24454.668
27269.0,24455.131
27270.0,24455.594
27271.0,24456.056
27272.0,24456.519
27273.0,24456.981
27274.0,24457.444
27275.0,24457.906
27276.0,24458.368
27277.0,24458.831
27278.0,24459.293
27279.0,24459.756
27280.0,24460.218
27281.0,24460.68
27282.0,24461.142
27283.0,24461.604
27284.0,24462.066
27285.0,24462.528
27286.0,24462.989
27287.0,24463.451
27288.0,24463.913
27289.0,24464.375
27290.0,24464.837
27291.0,24465.298
27292.0,24465.759
27293.0,24466.221
27294.0,24466.682
27295.0,24467.143
27296.0,24467.604
27297.0,24468.065
27298.0,24468.527
27299.0,24468.988
27300.0,24469.449
27301.0,24469.91
27302.0,24470.37
27303.0,24470.831
27304.0,24471.291
27305.0,24471.752
27306.0,24472.212
27307.0,24472.673
27308.0,24473.133
27309.0,24473.594
27310.0,24474.054
27311.0,24474.514
27312.0,24474.974
27313.0,24475.434
27314.0,24475.894
27315.0,24476.354
27316.0,24476.813
27317.0,24477.273
27318.0,24477.733
27319.0,24478.193
27320.0,24478.653
27321.0,24479.112
27322.0,24479.572
27323.0,24480.031
27324.0,24480.49
27325.0,24480.95
27326.0,24481.409
27327.0,24481.868
27328.0,24482.327
27329.0,24482.787
27330.0,24483.246
27331.0,24483.705
27332.0,24484.163
27333.0,24484.622
27334.0,24485.081
27335.0,24485.54
27336.0,24485.998
27337.0,24486.457
27338.0,24486.916
27339.0,24487.374
27340.0,24487.833
27341.0,24488.291
27342.0,24488.749
27343.0,24489.206
27344.0,24489.664
27345.0,24490.122
27346.0,24490.58
27347.0,24491.038
27348.0,24491.495
27349.0,24491.953
27350.0,24492.411
27351.0,24492.869
27352.0,24493.326
27353.0,24493.784
27354.0,24494.241
27355.0,24494.699
27356.0,24495.156
27357.0,24495.614
27358.0,24496.071
27359.0,24496.529
27360.0,24496.986
27361.0,24497.443
27362.0,24497.899
27363.0,24498.356
27364.0,24498.812
27365.0,24499.269
27366.0,24499.726
27367.0,24500.182
27368.0,24500.639
27369.0,24501.095
27370.0,24501.552
27371.0,24502.008
27372.0,24502.464
27373.0,24502.92
27374.0,24503.376
27375.0,24503.833
27376.0,24504.289
27377.0,24504.745
27378.0,24505.201
27379.0,24505.657
27380.0,24506.113
27381.0,24506.568
27382.0,24507.023
27383.0,24507.479
27384.0,24507.934
27385.0,24508.389
27386.0,24508.844
27387.0,24509.299
27388.0,24509.755
27389.0,24510.21
27390.0,24510.665
27391.0,24511.12
27392.0,24511.575
27393.0,24512.029
27394.0,24512.484
27395.0,24512.939
27396.0,24513.394
27397.0,24513.849
27398.0,24514.303
27399.0,24514.758
27400.0,24515.213
27401.0,24515.667
27402.0,24516.121
27403.0,24516.575
27404.0,24517.029
27405.0,24517.484
27406.0,24517.938
27407.0,24518.392
27408.0,24518.846
27409.0,24519.3
27410.0,24519.754
27411.0,24520.208
27412.0,24520.661
27413.0,24521.115
27414.0,24521.568
27415.0,24522.022
27416.0,24522.475
27417.0,24522.929
27418.0,24523.382
27419.0,24523.836
27420.0,24524.289
27421.0,24524.742
27422.0,24525.194
27423.0,24525.647
27424.0,24526.099
27425.0,24526.552
27426.0,24527.005
27427.0,24527.457
27428.0,24527.91
27429.0,24528.362
27430.0,24528.815
27431.0,24529.267
27432.0,24529.719
27433.0,24530.172
27434.0,24530.624
27435.0,24531.076
27436.0,24531.528
27437.0,24531.98
27438.0,24532.433
27439.0,24532.885
27440.0,24533.337
27441.0,24533.789
27442.0,24534.24
27443.0,24534.692
27444.0,24535.143
27445.0,24535.595
27446.0,24536.046
27447.0,24536.498
27448.0,24536.949
27449.0,24537.401
27450.0,24537.852
27451.0,24538.303
27452.0,24538.754
27453.0,24539.204
27454.0,24539.655
27455.0,24540.106
27456.0,24540.557
27457.0,24541.008
27458.0,24541.458
27459.0,24541.909
27460.0,24542.36
27461.0,24542.81
27462.0,24543.26
27463.0,24543.71
27464.0,24544.16
27465.0,24544.61
27466.0,24545.06
27467.0,24545.51
27468.0,24545.96
27469.0,24546.41
27470.0,24546.86
27471.0,24547.31
27472.0,24547.759
27473.0,24548.209
27474.0,24548.658
27475.0,24549.108
27476.0,24549.558
27477.0,24550.007
27478.0,24550.457
27479.0,24550.906
27480.0,24551.356
27481.0,24551.805
27482.0,24552.254
27483.0,24552.703
27484.0,24553.152
27485.0,24553.601
27486.0,24554.049
27487.0,24554.498
27488.0,24554.947
27489.0,24555.396
27490.0,24555.845
27491.0,24556.293
27492.0,24556.741
27493.0,24557.19
27494.0,24557.638
27495.0,24558.086
27496.0,24558.534
27497.0,24558.982
27498.0,24559.431
27499.0,24559.879
27500.0,24560.327
27501.0,24560.775
27502.0,24561.222
27503.0,24561.67
27504.0,24562.117
27505.0,24562.565
27506.0,24563.012
27507.0,24563.46
27508.0,24563.907
27509.0,24564.355
27510.0,24564.802
27511.0,24565.249
27512.0,24565.696
27513.0,24566.143
27514.0,24566.59
27515.0,24567.037
27516.0,24567.483
27517.0,24567.93
27518.0,24568.377
27519.0,24568.824
27520.0,24569.271
27521.0,24569.717
27522.0,24570.164
27523.0,24570.61
27524.0,24571.056
27525.0,24571.503
27526.0,24571.949
27527.0,24572.395
27528.0,24572.841
27529.0,24573.288
27530.0,24573.734
27531.0,24574.18
27532.0,24574.625
27533.0,24575.071
27534.0,24575.517
27535.0,24575.963
27536.0,24576.408
27537.0,24576.854
27538.0,24577.3
27539.0,24577.745
27540.0,24578.191
27541.0,24578.636
27542.0,24579.081
27543.0,24579.525
27544.0,24579.97
27545.0,24580.415
27546.0,24580.86
27547.0,24581.305
27548.0,24581.749
27549.0,24582.194
27550.0,24582.639
27551.0,24583.083
27552.0,24583.528
27553.0,24583.972
27554.0,24584.416
27555.0,24584.861
27556.0,24585.305
27557.0,24585.749
27558.0,24586.193
27559.0,24586.638
27560.0,24587.082
27561.0,24587.526
27562.0,24587.969
27563.0,24588.413
27564.0,24588.857
27565.0,24589.301
27566.0,24589.744
27567.0,24590.188
27568.0,24590.632
27569.0,24591.075
27570.0,24591.519
27571.0,24591.962
27572.0,24592.405
27573.0,24592.848
27574.0,24593.291
27575.0,24593.734
27576.0,24594.176
27577.0,24594.619
27578.0,24595.062
27579.0,24595.505
27580.0,24595.948
27581.0,24596.39
27582.0,24596.833
27583.0,24597.275
27584.0,24597.718
27585.0,24598.16
27586.0,24598.602
27587.0,24599.045
27588.0,24599.487
27589.0,24599.93
27590.0,24600.372
27591.0,24600.814
27592.0,24601.255
27593.0,24601.697
27594.0,24602.139
27595.0,24602.581
27596.0,24603.022
27597.0,24603.464
27598.0,24603.906
27599.0,24604.347
27600.0,24604.789
27601.0,24605.23
27602.0,24605.671
27603.0,24606.112
27604.0,24606.553
27605.0,24606.995
27606.0,24607.436
27607.0,24607.877
27608.0,24608.318
27609.0,24608.759
27610.0,24609.2
27611.0,24609.64
27612.0,24610.081
27613.0,24610.521
27614.0,24610.961
27615.0,24611.402
27616.0,24611.842
27617.0,24612.282
27618.0,24612.722
27619.0,24613.163
27620.0,24613.603
27621.0,24614.043
27622.0,24614.483
27623.0,24614.922
27624.0,24615.362
27625.0,24615.802
27626.0,24616.242
27627.0,24616.682
27628.0,24617.121
27629.0,24617.561
27630.0,24618.001
27631.0,24618.44
27632.0,24618.879
27633.0,24619.318
27634.0,24619.757
27635.0,24620.197
27636.0,24620.636
27637.0,24621.075
27638.0,24621.514
27639.0,24621.953
27640.0,24622.392
27641.0,24622.831
27642.0,24623.269
27643.0,24623.708
27644.0,24624.146
27645.0,24624.585
27646.0,24625.023
27647.0,24625.462
27648.0,24625.9
27649.0,24626.339
27650.0,24626.777
27651.0,24627.215
27652.0,24627.652
27653.0,24628.09
27654.0,24628.528
27655.0,24628.966
27656.0,24629.403
27657.0,24629.841
27658.0,24630.279
27659.0,24630.716
27660.0,24631.154
27661.0,24631.591
27662.0,24632.028
27663.0,24632.466
27664.0,24632.903
27665.0,24633.34
27666.0,24633.777
27667.0,24634.214
27668.0,24634.652
27669.0,24635.089
27670.0,24635.526
27671.0,24635.963
27672.0,24636.399
27673.0,24636.836
27674.0,24637.272
27675.0,24637.709
27676.0,24638.145
27677.0,24638.582
27678.0,24639.018
27679.0,24639.455
27680.0,24639.891
27681.0,24640.327
27682.0,24640.763
27683.0,24641.199
27684.0,24641.635
27685.0,24642.071
27686.0,24642.506
27687.0,24642.942
27688.0,24643.378
27689.0,24643.814
27690.0,24644.25
27691.0,24644.685
27692.0,24645.12
27693.0,24645.555
27694.0,24645.99
27695.0,24646.426
27696.0,24646.861
27697.0,24647.296
27698.0,24647.731
27699.0,24648.166
27700.0,24648.601
27701.0,24649.036
27702.0,24649.47
27703.0,24649.905
27704.0,24650.339
27705.0,24650.774
27706.0,24651.209
27707.0,24651.643
27708.0,24652.078
27709.0,24652.512
27710.0,24652.947
27711.0,24653.381
27712.0,24653.815
27713.0,24654.249
27714.0,24654.683
27715.0,24655.117
27716.0,24655.55
27717.0,24655.984
27718.0,24656.418
27719.0,24656.852
27720.0,24657.286
27721.0,24657.719
27722.0,24658.153
27723.0,24658.586
27724.0,24659.019
27725.0,24659.453
27726.0,24659.886
27727.0,24660.319
27728.0,24660.752
27729.0,24661.186
27730.0,24661.619
27731.0,24662.05
27732.0,24662.481
27733.0,24662.912
27734.0,24663.343
27735.0,24663.774
27736.0,24664.205
27737.0,24664.636
27738.0,24665.067
27739.0,24665.498
27740.0,24665.929
27741.0,24666.36
27742.0,24666.79
27743.0,24667.221
27744.0,24667.651
27745.0,24668.082
27746.0,24668.512
27747.0,24668.943
27748.0,24669.373
27749.0,24669.804
27750.0,24670.234
27751.0,24670.664
