Gauge[mm],Volume[m3]
0.0,0.0
1.0,1.59
2.0,3.18
3.0,4.77
4.0,6.36
5.0,7.95
6.0,9.539
7.0,11.129
8.0,12.719
9.0,14.309
10.0,15.899
11.0,17.49
12.0,19.081
13.0,20.672
14.0,22.263
15.0,23.854
16.0,25.444
17.0,27.035
18.0,28.626
19.0,30.217
20.0,31.808
21.0,33.406
22.0,35.003
23.0,36.601
24.0,38.199
25.0,39.797
26.0,41.394
27.0,42.992
28.0,44.59
29.0,46.187
30.0,47.785
31.0,49.384
32.0,50.982
33.0,52.581
34.0,54.179
35.0,55.778
36.0,57.377
37.0,58.975
38.0,60.574
39.0,62.172
40.0,63.771
41.0,65.371
42.0,66.97
43.0,68.57
44.0,70.169
45.0,71.769
46.0,73.369
47.0,74.968
48.0,76.568
49.0,78.167
50.0,79.767
51.0,81.368
52.0,82.968
53.0,84.569
54.0,86.169
55.0,87.77
56.0,89.371
57.0,90.971
58.0,92.572
59.0,94.172
60.0,95.773
61.0,97.375
62.0,98.976
63.0,100.578
64.0,102.179
65.0,103.781
66.0,105.382
67.0,106.984
68.0,108.585
69.0,110.187
70.0,111.788
71.0,113.39
72.0,114.993
73.0,116.595
74.0,118.197
75.0,119.8
76.0,121.402
77.0,123.004
78.0,124.606
79.0,126.209
80.0,127.811
81.0,129.414
82.0,131.017
83.0,132.621
84.0,134.224
85.0,135.827
86.0,137.43
87.0,139.033
88.0,140.637
89.0,142.24
90.0,143.843
91.0,145.447
92.0,147.05
93.0,148.654
94.0,150.257
95.0,151.861
96.0,153.464
97.0,155.068
98.0,156.671
99.0,158.275
100.0,159.878
101.0,161.483
102.0,163.087
103.0,164.692
104.0,166.296
105.0,167.901
106.0,169.505
107.0,171.11
108.0,172.714
109.0,174.319
110.0,175.923
111.0,177.529
112.0,179.134
113.0,180.74
114.0,182.345
115.0,183.951
116.0,185.556
117.0,187.162
118.0,188.767
119.0,190.373
120.0,191.978
121.0,193.584
122.0,195.191
123.0,196.797
124.0,198.404
125.0,200.01
126.0,201.616
127.0,203.223
128.0,204.829
129.0,206.436
130.0,208.042
131.0,209.65
132.0,211.257
133.0,212.865
134.0,214.472
135.0,216.08
136.0,217.687
137.0,219.295
138.0,220.902
139.0,222.51
140.0,224.117
141.0,225.725
142.0,227.334
143.0,228.942
144.0,230.551
145.0,232.159
146.0,233.767
147.0,235.376
148.0,236.984
149.0,238.593
150.0,240.201
151.0,241.81
152.0,243.42
153.0,245.029
154.0,246.639
155.0,248.248
156.0,249.857
157.0,251.467
158.0,253.076
159.0,254.686
160.0,256.295
161.0,257.905
162.0,259.516
163.0,261.126
164.0,262.737
165.0,264.347
166.0,265.957
167.0,267.568
168.0,269.178
169.0,270.789
170.0,272.399
171.0,274.01
172.0,275.622
173.0,277.233
174.0,278.845
175.0,280.456
176.0,282.067
177.0,283.679
178.0,285.29
179.0,286.902
180.0,288.513
181.0,290.125
182.0,291.738
183.0,293.35
184.0,294.963
185.0,296.575
186.0,298.187
187.0,299.8
188.0,301.412
189.0,303.025
190.0,304.637
191.0,306.25
192.0,307.864
193.0,309.477
194.0,311.091
195.0,312.704
196.0,314.317
197.0,315.931
198.0,317.544
199.0,319.158
200.0,320.771
201.0,322.385
202.0,324.0
203.0,325.614
204.0,327.228
205.0,328.843
206.0,330.457
207.0,332.071
208.0,333.685
209.0,335.3
210.0,336.914
211.0,338.529
212.0,340.145
213.0,341.76
214.0,343.375
215.0,344.991
216.0,346.606
217.0,348.221
218.0,349.836
219.0,351.452
220.0,353.067
221.0,354.683
222.0,356.3
223.0,357.916
224.0,359.533
225.0,361.149
226.0,362.765
227.0,364.382
228.0,365.998
229.0,367.615
230.0,369.231
231.0,370.848
232.0,372.466
233.0,374.083
234.0,375.7
235.0,377.318
236.0,378.935
237.0,380.552
238.0,382.169
239.0,383.787
240.0,385.404
241.0,387.022
242.0,388.641
243.0,390.259
244.0,391.877
245.0,393.496
246.0,395.114
247.0,396.732
248.0,398.35
249.0,399.969
250.0,401.587
251.0,403.206
252.0,404.826
253.0,406.445
254.0,408.064
255.0,409.684
256.0,411.303
257.0,412.922
258.0,414.541
259.0,416.161
260.0,417.78
261.0,419.4
262.0,421.021
263.0,422.641
264.0,424.261
265.0,425.882
266.0,427.502
267.0,429.122
268.0,430.742
269.0,432.363
270.0,433.983
271.0,435.604
272.0,437.225
273.0,438.847
274.0,440.468
275.0,442.089
276.0,443.71
277.0,445.331
278.0,446.953
279.0,448.574
280.0,450.195
281.0,451.817
282.0,453.44
283.0,455.062
284.0,456.684
285.0,458.307
286.0,459.929
287.0,461.551
288.0,463.173
289.0,464.796
290.0,466.418
291.0,468.041
292.0,469.664
293.0,471.288
294.0,472.911
295.0,474.534
296.0,476.157
297.0,477.78
298.0,479.404
299.0,481.027
300.0,482.65
301.0,484.274
302.0,485.898
303.0,487.523
304.0,489.147
305.0,490.771
306.0,492.395
307.0,494.019
308.0,495.644
309.0,497.268
310.0,498.892
311.0,500.517
312.0,502.142
313.0,503.768
314.0,505.393
315.0,507.018
316.0,508.643
317.0,510.268
318.0,511.894
319.0,513.519
320.0,515.144
321.0,516.77
322.0,518.396
323.0,520.023
324.0,521.649
325.0,523.275
326.0,524.901
327.0,526.527
328.0,528.154
329.0,529.78
330.0,531.406
331.0,533.033
332.0,534.66
333.0,536.288
334.0,537.915
335.0,539.542
336.0,541.169
337.0,542.796
338.0,544.424
339.0,546.051
340.0,547.678
341.0,549.306
342.0,550.934
343.0,552.563
344.0,554.191
345.0,555.819
346.0,557.447
347.0,559.075
348.0,560.704
349.0,562.332
350.0,563.96
351.0,565.589
352.0,567.218
353.0,568.848
354.0,570.477
355.0,572.106
356.0,573.735
357.0,575.364
358.0,576.994
359.0,578.623
360.0,580.252
361.0,581.882
362.0,583.512
363.0,585.142
364.0,586.772
365.0,588.403
366.0,590.033
367.0,591.663
368.0,593.293
369.0,594.923
370.0,596.553
371.0,598.184
372.0,599.815
373.0,601.446
374.0,603.077
375.0,604.709
376.0,606.34
377.0,607.971
378.0,609.602
379.0,611.233
380.0,612.864
381.0,614.496
382.0,616.128
383.0,617.761
384.0,619.393
385.0,621.025
386.0,622.657
387.0,624.289
388.0,625.922
389.0,627.554
390.0,629.186
391.0,630.819
392.0,632.452
393.0,634.085
394.0,635.718
395.0,637.352
396.0,638.985
397.0,640.618
398.0,642.251
399.0,643.884
400.0,645.517
401.0,647.151
402.0,648.785
403.0,650.419
404.0,652.053
405.0,653.688
406.0,655.322
407.0,656.956
408.0,658.59
409.0,660.224
410.0,661.858
411.0,663.493
412.0,665.128
413.0,666.763
414.0,668.398
415.0,670.034
416.0,671.669
417.0,673.304
418.0,674.939
419.0,676.574
420.0,678.209
421.0,679.845
422.0,681.481
423.0,683.117
424.0,684.753
425.0,686.389
426.0,688.025
427.0,689.661
428.0,691.297
429.0,692.933
430.0,694.569
431.0,696.206
432.0,697.843
433.0,699.48
434.0,701.117
435.0,702.755
436.0,704.392
437.0,706.029
438.0,707.666
439.0,709.303
440.0,710.94
441.0,712.578
442.0,714.216
443.0,715.854
444.0,717.492
445.0,719.131
446.0,720.769
447.0,722.407
448.0,724.045
449.0,725.683
450.0,727.321
451.0,728.96
452.0,730.599
453.0,732.238
454.0,733.877
455.0,735.516
456.0,737.155
457.0,738.794
458.0,740.433
459.0,742.072
460.0,743.711
461.0,745.351
462.0,746.991
463.0,748.631
464.0,750.271
465.0,751.911
466.0,753.551
467.0,755.191
468.0,756.831
469.0,758.471
470.0,760.111
471.0,761.752
472.0,763.393
473.0,765.034
474.0,766.675
475.0,768.316
476.0,769.957
477.0,771.598
478.0,773.239
479.0,774.88
480.0,776.521
481.0,778.163
482.0,779.805
483.0,781.447
484.0,783.089
485.0,784.731
486.0,786.373
487.0,788.015
488.0,789.657
489.0,791.299
490.0,792.941
491.0,794.584
492.0,796.227
493.0,797.87
494.0,799.513
495.0,801.156
496.0,802.799
497.0,804.442
498.0,806.085
499.0,807.728
500.0,809.371
501.0,811.015
502.0,812.659
503.0,814.303
504.0,815.947
505.0,817.591
506.0,819.235
507.0,820.879
508.0,822.523
509.0,824.167
510.0,825.811
511.0,827.456
512.0,829.101
513.0,830.746
514.0,832.391
515.0,834.036
516.0,835.68
517.0,837.325
518.0,838.97
519.0,840.615
520.0,842.26
521.0,843.906
522.0,845.552
523.0,847.198
524.0,848.844
525.0,850.49
526.0,852.136
527.0,853.782
528.0,855.428
529.0,857.074
530.0,858.72
531.0,860.367
532.0,862.014
533.0,863.661
534.0,865.308
535.0,866.955
536.0,868.601
537.0,870.248
538.0,871.895
539.0,873.542
540.0,875.189
541.0,876.837
542.0,878.485
543.0,880.133
544.0,881.781
545.0,883.429
546.0,885.076
547.0,886.724
548.0,888.372
549.0,890.02
550.0,891.668
551.0,893.317
552.0,894.966
553.0,896.615
554.0,898.264
555.0,899.913
556.0,901.561
557.0,903.21
558.0,904.859
559.0,906.508
560.0,908.157
561.0,909.807
562.0,911.457
563.0,913.107
564.0,914.757
565.0,916.407
566.0,918.056
567.0,919.706
568.0,921.356
569.0,923.006
570.0,924.656
571.0,926.307
572.0,927.958
573.0,929.609
574.0,931.26
575.0,932.911
576.0,934.561
577.0,936.212
578.0,937.863
579.0,939.514
580.0,941.165
581.0,942.817
582.0,944.469
583.0,946.121
584.0,947.773
585.0,949.425
586.0,951.076
587.0,952.728
588.0,954.38
589.0,956.032
590.0,957.684
591.0,959.337
592.0,960.99
593.0,962.643
594.0,964.296
595.0,965.949
596.0,967.601
597.0,969.254
598.0,970.907
599.0,972.56
600.0,974.213
601.0,975.867
602.0,977.521
603.0,979.174
604.0,980.828
605.0,982.482
606.0,984.136
607.0,985.79
608.0,987.443
609.0,989.097
610.0,990.751
611.0,992.406
612.0,994.061
613.0,995.715
614.0,997.37
615.0,999.025
616.0,1000.68
617.0,1002.335
618.0,1003.989
619.0,1005.644
620.0,1007.299
621.0,1008.955
622.0,1010.611
623.0,1012.266
624.0,1013.922
625.0,1015.578
626.0,1017.234
627.0,1018.89
628.0,1020.545
629.0,1022.201
630.0,1023.857
631.0,1025.514
632.0,1027.171
633.0,1028.827
634.0,1030.484
635.0,1032.141
636.0,1033.798
637.0,1035.455
638.0,1037.111
639.0,1038.768
640.0,1040.425
641.0,1042.083
642.0,1043.741
643.0,1045.398
644.0,1047.056
645.0,1048.714
646.0,1050.372
647.0,1052.03
648.0,1053.687
649.0,1055.345
650.0,1057.003
651.0,1058.662
652.0,1060.321
653.0,1061.979
654.0,1063.638
655.0,1065.297
656.0,1066.956
657.0,1068.615
658.0,1070.273
659.0,1071.932
660.0,1073.591
661.0,1075.251
662.0,1076.911
663.0,1078.57
664.0,1080.23
665.0,1081.89
666.0,1083.55
667.0,1085.21
668.0,1086.869
669.0,1088.529
670.0,1090.189
671.0,1091.85
672.0,1093.51
673.0,1095.171
674.0,1096.832
675.0,1098.493
676.0,1100.153
677.0,1101.814
678.0,1103.475
679.0,1105.135
680.0,1106.796
681.0,1108.458
682.0,1110.12
683.0,1111.781
684.0,1113.443
685.0,1115.105
686.0,1116.767
687.0,1118.429
688.0,1120.09
689.0,1121.752
690.0,1123.414
691.0,1125.077
692.0,1126.739
693.0,1128.402
694.0,1130.065
695.0,1131.728
696.0,1133.39
697.0,1135.053
698.0,1136.716
699.0,1138.378
700.0,1140.041
701.0,1141.705
702.0,1143.368
703.0,1145.032
704.0,1146.696
705.0,1148.36
706.0,1150.023
707.0,1151.687
708.0,1153.351
709.0,1155.014
710.0,1156.678
711.0,1158.343
712.0,1160.007
713.0,1161.672
714.0,1163.337
715.0,1165.002
716.0,1166.666
717.0,1168.331
718.0,1169.996
719.0,1171.66
720.0,1173.325
721.0,1174.991
722.0,1176.656
723.0,1178.322
724.0,1179.988
725.0,1181.654
726.0,1183.319
727.0,1184.985
728.0,1186.651
729.0,1188.316
730.0,1189.982
731.0,1191.649
732.0,1193.315
733.0,1194.982
734.0,1196.649
735.0,1198.316
736.0,1199.982
737.0,1201.649
738.0,1203.316
739.0,1204.982
740.0,1206.649
741.0,1208.317
742.0,1209.984
743.0,1211.652
744.0,1213.32
745.0,1214.988
746.0,1216.655
747.0,1218.323
748.0,1219.991
749.0,1221.658
750.0,1223.326
751.0,1224.995
752.0,1226.663
753.0,1228.332
754.0,1230.0
755.0,1231.669
756.0,1233.338
757.0,1235.006
758.0,1236.675
759.0,1238.343
760.0,1240.012
761.0,1241.682
762.0,1243.351
763.0,1245.021
764.0,1246.691
765.0,1248.361
766.0,1250.03
767.0,1251.7
768.0,1253.37
769.0,1255.039
770.0,1256.709
771.0,1258.38
772.0,1260.05
773.0,1261.721
774.0,1263.391
775.0,1265.062
776.0,1266.733
777.0,1268.403
778.0,1270.074
779.0,1271.744
780.0,1273.415
781.0,1275.087
782.0,1276.758
783.0,1278.43
784.0,1280.101
785.0,1281.773
786.0,1283.445
787.0,1285.116
788.0,1286.788
789.0,1288.459
790.0,1290.131
791.0,1291.804
792.0,1293.476
793.0,1295.149
794.0,1296.821
795.0,1298.494
796.0,1300.167
797.0,1301.839
798.0,1303.512
799.0,1305.184
800.0,1306.857
801.0,1308.531
802.0,1310.204
803.0,1311.878
804.0,1313.551
805.0,1315.225
806.0,1316.899
807.0,1318.572
808.0,1320.246
809.0,1321.919
810.0,1323.593
811.0,1325.268
812.0,1326.942
813.0,1328.617
814.0,1330.291
815.0,1331.966
816.0,1333.641
817.0,1335.315
818.0,1336.99
819.0,1338.664
820.0,1340.339
821.0,1342.015
822.0,1343.69
823.0,1345.366
824.0,1347.041
825.0,1348.717
826.0,1350.392
827.0,1352.068
828.0,1353.743
829.0,1355.419
830.0,1357.094
831.0,1358.771
832.0,1360.447
833.0,1362.124
834.0,1363.8
835.0,1365.477
836.0,1367.154
837.0,1368.83
838.0,1370.507
839.0,1372.183
840.0,1373.86
841.0,1375.538
842.0,1377.215
843.0,1378.893
844.0,1380.57
845.0,1382.248
846.0,1383.925
847.0,1385.603
848.0,1387.28
849.0,1388.958
850.0,1390.635
851.0,1392.314
852.0,1393.992
853.0,1395.671
854.0,1397.349
855.0,1399.028
856.0,1400.707
857.0,1402.385
858.0,1404.064
859.0,1405.742
860.0,1407.421
861.0,1409.101
862.0,1410.78
863.0,1412.46
864.0,1414.139
865.0,1415.819
866.0,1417.498
867.0,1419.178
868.0,1420.857
869.0,1422.537
870.0,1424.216
871.0,1425.897
872.0,1427.577
873.0,1429.258
874.0,1430.938
875.0,1432.619
876.0,1434.299
877.0,1435.98
878.0,1437.66
879.0,1439.341
880.0,1441.021
881.0,1442.702
882.0,1444.384
883.0,1446.065
884.0,1447.747
885.0,1449.428
886.0,1451.109
887.0,1452.791
888.0,1454.472
889.0,1456.154
890.0,1457.835
891.0,1459.518
892.0,1461.2
893.0,1462.883
894.0,1464.565
895.0,1466.248
896.0,1467.93
897.0,1469.613
898.0,1471.295
899.0,1472.978
900.0,1474.66
901.0,1476.344
902.0,1478.027
903.0,1479.711
904.0,1481.394
905.0,1483.078
906.0,1484.761
907.0,1486.445
908.0,1488.128
909.0,1489.812
910.0,1491.495
911.0,1493.179
912.0,1494.864
913.0,1496.548
914.0,1498.233
915.0,1499.917
916.0,1501.601
917.0,1503.286
918.0,1504.97
919.0,1506.655
920.0,1508.339
921.0,1510.025
922.0,1511.71
923.0,1513.396
924.0,1515.081
925.0,1516.767
926.0,1518.452
927.0,1520.138
928.0,1521.823
929.0,1523.509
930.0,1525.194
931.0,1526.88
932.0,1528.567
933.0,1530.253
934.0,1531.94
935.0,1533.626
936.0,1535.312
937.0,1536.999
938.0,1538.685
939.0,1540.372
940.0,1542.058
941.0,1543.745
942.0,1545.433
943.0,1547.12
944.0,1548.808
945.0,1550.495
946.0,1552.182
947.0,1553.87
948.0,1555.557
949.0,1557.245
950.0,1558.932
951.0,1560.62
952.0,1562.309
953.0,1563.997
954.0,1565.686
955.0,1567.374
956.0,1569.062
957.0,1570.751
958.0,1572.439
959.0,1574.128
960.0,1575.816
961.0,1577.506
962.0,1579.195
963.0,1580.885
964.0,1582.574
965.0,1584.264
966.0,1585.953
967.0,1587.643
968.0,1589.332
969.0,1591.022
970.0,1592.711
971.0,1594.402
972.0,1596.092
973.0,1597.783
974.0,1599.473
975.0,1601.164
976.0,1602.854
977.0,1604.545
978.0,1606.235
979.0,1607.926
980.0,1609.616
981.0,1611.308
982.0,1612.999
983.0,1614.691
984.0,1616.382
985.0,1618.074
986.0,1619.765
987.0,1621.457
988.0,1623.148
989.0,1624.84
990.0,1626.531
991.0,1628.223
992.0,1629.916
993.0,1631.608
994.0,1633.301
995.0,1634.993
996.0,1636.685
997.0,1638.378
998.0,1640.07
999.0,1641.763
1000.0,1643.455
1001.0,1645.149
1002.0,1646.842
1003.0,1648.536
1004.0,1650.229
1005.0,1651.923
1006.0,1653.616
1007.0,1655.31
1008.0,1657.003
1009.0,1658.697
1010.0,1660.39
1011.0,1662.084
1012.0,1663.779
1013.0,1665.473
1014.0,1667.168
1015.0,1668.862
1016.0,1670.556
1017.0,1672.251
1018.0,1673.945
1019.0,1675.64
1020.0,1677.334
1021.0,1679.029
1022.0,1680.725
1023.0,1682.42
1024.0,1684.115
1025.0,1685.811
1026.0,1687.506
1027.0,1689.201
1028.0,1690.896
1029.0,1692.592
1030.0,1694.287
1031.0,1695.983
1032.0,1697.68
1033.0,1699.376
1034.0,1701.073
1035.0,1702.769
1036.0,1704.465
1037.0,1706.162
1038.0,1707.858
1039.0,1709.555
1040.0,1711.251
1041.0,1712.948
1042.0,1714.646
1043.0,1716.343
1044.0,1718.041
1045.0,1719.738
1046.0,1721.435
1047.0,1723.133
1048.0,1724.83
1049.0,1726.528
1050.0,1728.225
1051.0,1729.923
1052.0,1731.622
1053.0,1733.32
1054.0,1735.018
1055.0,1736.717
1056.0,1738.415
1057.0,1740.113
1058.0,1741.811
1059.0,1743.51
1060.0,1745.208
1061.0,1746.907
1062.0,1748.607
1063.0,1750.306
1064.0,1752.006
1065.0,1753.705
1066.0,1755.404
1067.0,1757.104
1068.0,1758.803
1069.0,1760.503
1070.0,1762.202
1071.0,1763.902
1072.0,1765.603
1073.0,1767.303
1074.0,1769.003
1075.0,1770.704
1076.0,1772.404
1077.0,1774.104
1078.0,1775.804
1079.0,1777.505
1080.0,1779.205
1081.0,1780.906
1082.0,1782.608
1083.0,1784.309
1084.0,1786.01
1085.0,1787.712
1086.0,1789.413
1087.0,1791.114
1088.0,1792.815
1089.0,1794.517
1090.0,1796.218
1091.0,1797.92
1092.0,1799.623
1093.0,1801.325
1094.0,1803.027
1095.0,1804.73
1096.0,1806.432
1097.0,1808.134
1098.0,1809.836
1099.0,1811.539
1100.0,1813.241
1101.0,1814.944
1102.0,1816.648
1103.0,1818.351
1104.0,1820.054
1105.0,1821.758
1106.0,1823.461
1107.0,1825.164
1108.0,1826.867
1109.0,1828.571
1110.0,1830.274
1111.0,1831.978
1112.0,1833.683
1113.0,1835.387
1114.0,1837.091
1115.0,1838.796
1116.0,1840.5
1117.0,1842.204
1118.0,1843.908
1119.0,1845.613
1120.0,1847.317
1121.0,1849.022
1122.0,1850.728
1123.0,1852.433
1124.0,1854.138
1125.0,1855.844
1126.0,1857.549
1127.0,1859.254
1128.0,1860.959
1129.0,1862.665
1130.0,1864.37
1131.0,1866.076
1132.0,1867.782
1133.0,1869.489
1134.0,1871.195
1135.0,1872.901
1136.0,1874.607
1137.0,1876.313
1138.0,1878.02
1139.0,1879.726
1140.0,1881.432
1141.0,1883.139
1142.0,1884.847
1143.0,1886.554
1144.0,1888.261
1145.0,1889.969
1146.0,1891.676
1147.0,1893.383
1148.0,1895.09
1149.0,1896.798
1150.0,1898.505
1151.0,1900.213
1152.0,1901.921
1153.0,1903.629
1154.0,1905.337
1155.0,1907.046
1156.0,1908.754
1157.0,1910.462
1158.0,1912.17
1159.0,1913.878
1160.0,1915.586
1161.0,1917.295
1162.0,1919.005
1163.0,1920.714
1164.0,1922.423
1165.0,1924.133
1166.0,1925.842
1167.0,1927.551
1168.0,1929.26
1169.0,1930.97
1170.0,1932.679
1171.0,1934.389
1172.0,1936.099
1173.0,1937.81
1174.0,1939.52
1175.0,1941.23
1176.0,1942.94
1177.0,1944.65
1178.0,1946.361
1179.0,1948.071
1180.0,1949.781
1181.0,1951.492
1182.0,1953.203
1183.0,1954.915
1184.0,1956.626
1185.0,1958.337
1186.0,1960.048
1187.0,1961.759
1188.0,1963.471
1189.0,1965.182
1190.0,1966.893
1191.0,1968.605
1192.0,1970.317
1193.0,1972.029
1194.0,1973.741
1195.0,1975.454
1196.0,1977.166
1197.0,1978.878
1198.0,1980.59
1199.0,1982.302
1200.0,1984.014
1201.0,1985.727
1202.0,1987.44
1203.0,1989.154
1204.0,1990.867
1205.0,1992.58
1206.0,1994.293
1207.0,1996.006
1208.0,1997.72
1209.0,1999.433
1210.0,2001.146
1211.0,2002.86
1212.0,2004.574
1213.0,2006.289
1214.0,2008.003
1215.0,2009.717
1216.0,2011.431
1217.0,2013.145
1218.0,2014.86
1219.0,2016.574
1220.0,2018.288
1221.0,2020.003
1222.0,2021.718
1223.0,2023.433
1224.0,2025.148
1225.0,2026.864
1226.0,2028.579
1227.0,2030.294
1228.0,2032.009
1229.0,2033.724
1230.0,2035.439
1231.0,2037.155
1232.0,2038.871
1233.0,2040.587
1234.0,2042.303
1235.0,2044.02
1236.0,2045.736
1237.0,2047.452
1238.0,2049.168
1239.0,2050.884
1240.0,2052.6
1241.0,2054.317
1242.0,2056.034
1243.0,2057.751
1244.0,2059.468
1245.0,2061.186
1246.0,2062.903
1247.0,2064.62
1248.0,2066.337
1249.0,2068.054
1250.0,2069.771
1251.0,2071.489
1252.0,2073.207
1253.0,2074.926
1254.0,2076.644
1255.0,2078.362
1256.0,2080.08
1257.0,2081.798
1258.0,2083.517
1259.0,2085.235
1260.0,2086.953
1261.0,2088.672
1262.0,2090.391
1263.0,2092.11
1264.0,2093.829
1265.0,2095.548
1266.0,2097.267
1267.0,2098.986
1268.0,2100.705
1269.0,2102.424
1270.0,2104.143
1271.0,2105.863
1272.0,2107.583
1273.0,2109.303
1274.0,2111.023
1275.0,2112.744
1276.0,2114.464
1277.0,2116.184
1278.0,2117.904
1279.0,2119.624
1280.0,2121.344
1281.0,2123.065
1282.0,2124.786
1283.0,2126.507
1284.0,2128.228
1285.0,2129.95
1286.0,2131.671
1287.0,2133.392
1288.0,2135.113
1289.0,2136.834
1290.0,2138.555
1291.0,2140.277
1292.0,2141.999
1293.0,2143.721
1294.0,2145.443
1295.0,2147.165
1296.0,2148.887
1297.0,2150.609
1298.0,2152.331
1299.0,2154.053
1300.0,2155.775
1301.0,2157.498
1302.0,2159.221
1303.0,2160.944
1304.0,2162.667
1305.0,2164.39
1306.0,2166.113
1307.0,2167.836
1308.0,2169.559
1309.0,2171.282
1310.0,2173.005
1311.0,2174.729
1312.0,2176.453
1313.0,2178.177
1314.0,2179.901
1315.0,2181.625
1316.0,2183.349
1317.0,2185.073
1318.0,2186.797
1319.0,2188.521
1320.0,2190.245
1321.0,2191.97
1322.0,2193.695
1323.0,2195.42
1324.0,2197.145
1325.0,2198.871
1326.0,2200.596
1327.0,2202.321
1328.0,2204.046
1329.0,2205.771
1330.0,2207.496
1331.0,2209.222
1332.0,2210.948
1333.0,2212.674
1334.0,2214.4
1335.0,2216.126
1336.0,2217.852
1337.0,2219.578
1338.0,2221.304
1339.0,2223.03
1340.0,2224.756
1341.0,2226.483
1342.0,2228.21
1343.0,2229.937
1344.0,2231.664
1345.0,2233.391
1346.0,2235.118
1347.0,2236.845
1348.0,2238.572
1349.0,2240.299
1350.0,2242.026
1351.0,2243.754
1352.0,2245.482
1353.0,2247.21
1354.0,2248.938
1355.0,2250.666
1356.0,2252.393
1357.0,2254.121
1358.0,2255.849
1359.0,2257.577
1360.0,2259.305
1361.0,2261.034
1362.0,2262.763
1363.0,2264.492
1364.0,2266.221
1365.0,2267.95
1366.0,2269.679
1367.0,2271.408
1368.0,2273.137
1369.0,2274.866
1370.0,2276.595
1371.0,2278.325
1372.0,2280.055
1373.0,2281.785
1374.0,2283.515
1375.0,2285.245
1376.0,2286.974
1377.0,2288.704
1378.0,2290.434
1379.0,2292.164
1380.0,2293.894
1381.0,2295.625
1382.0,2297.356
1383.0,2299.087
1384.0,2300.818
1385.0,2302.549
1386.0,2304.28
1387.0,2306.011
1388.0,2307.742
1389.0,2309.473
1390.0,2311.204
1391.0,2312.936
1392.0,2314.668
1393.0,2316.4
1394.0,2318.132
1395.0,2319.864
1396.0,2321.595
1397.0,2323.327
1398.0,2325.059
1399.0,2326.791
1400.0,2328.523
1401.0,2330.256
1402.0,2331.989
1403.0,2333.722
1404.0,2335.455
1405.0,2337.188
1406.0,2338.92
1407.0,2340.653
1408.0,2342.386
1409.0,2344.119
1410.0,2345.852
1411.0,2347.586
1412.0,2349.32
1413.0,2351.054
1414.0,2352.788
1415.0,2354.522
1416.0,2356.255
1417.0,2357.989
1418.0,2359.723
1419.0,2361.457
1420.0,2363.191
1421.0,2364.926
1422.0,2366.661
1423.0,2368.396
1424.0,2370.131
1425.0,2371.866
1426.0,2373.6
1427.0,2375.335
1428.0,2377.07
1429.0,2378.805
1430.0,2380.54
1431.0,2382.276
1432.0,2384.012
1433.0,2385.747
1434.0,2387.483
1435.0,2389.219
1436.0,2390.955
1437.0,2392.691
1438.0,2394.426
1439.0,2396.162
1440.0,2397.898
1441.0,2399.635
1442.0,2401.372
1443.0,2403.109
1444.0,2404.846
1445.0,2406.583
1446.0,2408.319
1447.0,2410.056
1448.0,2411.793
1449.0,2413.53
1450.0,2415.267
1451.0,2417.005
1452.0,2418.743
1453.0,2420.48
1454.0,2422.218
1455.0,2423.956
1456.0,2425.694
1457.0,2427.432
1458.0,2429.169
1459.0,2430.907
1460.0,2432.645
1461.0,2434.384
1462.0,2436.123
1463.0,2437.862
1464.0,2439.601
1465.0,2441.34
1466.0,2443.078
1467.0,2444.817
1468.0,2446.556
1469.0,2448.295
1470.0,2450.034
1471.0,2451.774
1472.0,2453.514
1473.0,2455.253
1474.0,2456.993
1475.0,2458.733
1476.0,2460.473
1477.0,2462.213
1478.0,2463.952
1479.0,2465.692
1480.0,2467.432
1481.0,2469.173
1482.0,2470.914
1483.0,2472.654
1484.0,2474.395
1485.0,2476.136
1486.0,2477.877
1487.0,2479.618
1488.0,2481.358
1489.0,2483.099
1490.0,2484.84
1491.0,2486.582
1492.0,2488.324
1493.0,2490.065
1494.0,2491.807
1495.0,2493.549
1496.0,2495.291
1497.0,2497.033
1498.0,2498.774
1499.0,2500.516
1500.0,2502.258
1501.0,2504.001
1502.0,2505.744
1503.0,2507.486
1504.0,2509.229
1505.0,2510.972
1506.0,2512.715
1507.0,2514.458
1508.0,2516.2
1509.0,2517.943
1510.0,2519.686
1511.0,2521.43
1512.0,2523.174
1513.0,2524.917
1514.0,2526.661
1515.0,2528.405
1516.0,2530.149
1517.0,2531.893
1518.0,2533.636
1519.0,2535.38
1520.0,2537.124
1521.0,2538.869
1522.0,2540.613
1523.0,2542.358
1524.0,2544.103
1525.0,2545.848
1526.0,2547.592
1527.0,2549.337
1528.0,2551.082
1529.0,2552.826
1530.0,2554.571
1531.0,2556.317
1532.0,2558.063
1533.0,2559.808
1534.0,2561.554
1535.0,2563.3
1536.0,2565.046
1537.0,2566.792
1538.0,2568.537
1539.0,2570.283
1540.0,2572.029
1541.0,2573.776
1542.0,2575.522
1543.0,2577.269
1544.0,2579.016
1545.0,2580.763
1546.0,2582.509
1547.0,2584.256
1548.0,2586.003
1549.0,2587.749
1550.0,2589.496
1551.0,2591.244
1552.0,2592.991
1553.0,2594.739
1554.0,2596.487
1555.0,2598.235
1556.0,2599.982
1557.0,2601.73
1558.0,2603.478
1559.0,2605.225
1560.0,2606.973
1561.0,2608.722
1562.0,2610.47
1563.0,2612.219
1564.0,2613.968
1565.0,2615.717
1566.0,2617.465
1567.0,2619.214
1568.0,2620.963
1569.0,2622.711
1570.0,2624.46
1571.0,2626.21
1572.0,2627.959
1573.0,2629.709
1574.0,2631.459
1575.0,2633.209
1576.0,2634.958
1577.0,2636.708
1578.0,2638.458
1579.0,2640.207
1580.0,2641.957
1581.0,2643.708
1582.0,2645.458
1583.0,2647.209
1584.0,2648.96
1585.0,2650.711
1586.0,2652.461
1587.0,2654.212
1588.0,2655.963
1589.0,2657.713
1590.0,2659.464
1591.0,2661.216
1592.0,2662.967
1593.0,2664.719
1594.0,2666.47
1595.0,2668.222
1596.0,2669.974
1597.0,2671.725
1598.0,2673.477
1599.0,2675.228
1600.0,2676.98
1601.0,2678.733
1602.0,2680.485
1603.0,2682.238
1604.0,2683.991
1605.0,2685.744
1606.0,2687.496
1607.0,2689.249
1608.0,2691.002
1609.0,2692.754
1610.0,2694.507
1611.0,2696.261
1612.0,2698.014
1613.0,2699.768
1614.0,2701.521
1615.0,2703.275
1616.0,2705.029
1617.0,2706.782
1618.0,2708.536
1619.0,2710.289
1620.0,2712.043
1621.0,2713.798
1622.0,2715.552
1623.0,2717.307
1624.0,2719.062
1625.0,2720.817
1626.0,2722.571
1627.0,2724.326
1628.0,2726.081
1629.0,2727.835
1630.0,2729.59
1631.0,2731.346
1632.0,2733.101
1633.0,2734.857
1634.0,2736.612
1635.0,2738.368
1636.0,2740.124
1637.0,2741.879
1638.0,2743.635
1639.0,2745.39
1640.0,2747.146
1641.0,2748.903
1642.0,2750.659
1643.0,2752.416
1644.0,2754.172
1645.0,2755.929
1646.0,2757.686
1647.0,2759.442
1648.0,2761.199
1649.0,2762.955
1650.0,2764.712
1651.0,2766.47
1652.0,2768.227
1653.0,2769.985
1654.0,2771.742
1655.0,2773.5
1656.0,2775.258
1657.0,2777.015
1658.0,2778.773
1659.0,2780.53
1660.0,2782.288
1661.0,2784.047
1662.0,2785.805
1663.0,2787.564
1664.0,2789.322
1665.0,2791.081
1666.0,2792.84
1667.0,2794.598
1668.0,2796.357
1669.0,2798.115
1670.0,2799.874
1671.0,2801.634
1672.0,2803.393
1673.0,2805.153
1674.0,2806.912
1675.0,2808.672
1676.0,2810.432
1677.0,2812.191
1678.0,2813.951
1679.0,2815.71
1680.0,2817.47
1681.0,2819.231
1682.0,2820.991
1683.0,2822.752
1684.0,2824.512
1685.0,2826.273
1686.0,2828.033
1687.0,2829.794
1688.0,2831.554
1689.0,2833.315
1690.0,2835.075
1691.0,2836.837
1692.0,2838.598
1693.0,2840.36
1694.0,2842.121
1695.0,2843.883
1696.0,2845.645
1697.0,2847.406
1698.0,2849.168
1699.0,2850.929
1700.0,2852.691
1701.0,2854.453
1702.0,2856.216
1703.0,2857.978
1704.0,2859.741
1705.0,2861.503
1706.0,2863.265
1707.0,2865.028
1708.0,2866.79
1709.0,2868.553
1710.0,2870.315
1711.0,2872.079
1712.0,2873.842
1713.0,2875.606
1714.0,2877.369
1715.0,2879.133
1716.0,2880.896
1717.0,2882.66
1718.0,2884.423
1719.0,2886.187
1720.0,2887.95
1721.0,2889.715
1722.0,2891.479
1723.0,2893.244
1724.0,2895.008
1725.0,2896.773
1726.0,2898.537
1727.0,2900.302
1728.0,2902.066
1729.0,2903.831
1730.0,2905.595
1731.0,2907.361
1732.0,2909.126
1733.0,2910.892
1734.0,2912.657
1735.0,2914.423
1736.0,2916.188
1737.0,2917.954
1738.0,2919.719
1739.0,2921.485
1740.0,2923.25
1741.0,2925.017
1742.0,2926.783
1743.0,2928.55
1744.0,2930.316
1745.0,2932.083
1746.0,2933.849
1747.0,2935.616
1748.0,2937.382
1749.0,2939.149
1750.0,2940.915
1751.0,2942.683
1752.0,2944.45
1753.0,2946.218
1754.0,2947.985
1755.0,2949.753
1756.0,2951.52
1757.0,2953.288
1758.0,2955.055
1759.0,2956.823
1760.0,2958.59
1761.0,2960.358
1762.0,2962.127
1763.0,2963.895
1764.0,2965.664
1765.0,2967.432
1766.0,2969.2
1767.0,2970.969
1768.0,2972.737
1769.0,2974.506
1770.0,2976.274
1771.0,2978.044
1772.0,2979.813
1773.0,2981.583
1774.0,2983.352
1775.0,2985.122
1776.0,2986.891
1777.0,2988.661
1778.0,2990.43
1779.0,2992.2
1780.0,2993.969
1781.0,2995.739
1782.0,2997.51
1783.0,2999.28
1784.0,3001.051
1785.0,3002.821
1786.0,3004.591
1787.0,3006.362
1788.0,3008.132
1789.0,3009.903
1790.0,3011.673
1791.0,3013.444
1792.0,3015.216
1793.0,3016.987
1794.0,3018.759
1795.0,3020.53
1796.0,3022.301
1797.0,3024.073
1798.0,3025.844
1799.0,3027.616
1800.0,3029.387
1801.0,3031.159
1802.0,3032.932
1803.0,3034.704
1804.0,3036.477
1805.0,3038.249
1806.0,3040.021
1807.0,3041.794
1808.0,3043.566
1809.0,3045.339
1810.0,3047.111
1811.0,3048.884
1812.0,3050.658
1813.0,3052.431
1814.0,3054.205
1815.0,3055.978
1816.0,3057.751
1817.0,3059.525
1818.0,3061.298
1819.0,3063.072
1820.0,3064.845
1821.0,3066.619
1822.0,3068.394
1823.0,3070.168
1824.0,3071.943
1825.0,3073.717
1826.0,3075.491
1827.0,3077.266
1828.0,3079.04
1829.0,3080.815
1830.0,3082.589
1831.0,3084.364
1832.0,3086.14
1833.0,3087.915
1834.0,3089.691
1835.0,3091.466
1836.0,3093.241
1837.0,3095.017
1838.0,3096.792
1839.0,3098.568
1840.0,3100.343
1841.0,3102.119
1842.0,3103.896
1843.0,3105.672
1844.0,3107.448
1845.0,3109.225
1846.0,3111.001
1847.0,3112.777
1848.0,3114.553
1849.0,3116.33
1850.0,3118.106
1851.0,3119.883
1852.0,3121.661
1853.0,3123.438
1854.0,3125.215
1855.0,3126.993
1856.0,3128.77
1857.0,3130.547
1858.0,3132.324
1859.0,3134.102
1860.0,3135.879
1861.0,3137.657
1862.0,3139.436
1863.0,3141.214
1864.0,3142.992
1865.0,3144.771
1866.0,3146.549
1867.0,3148.327
1868.0,3150.105
1869.0,3151.884
1870.0,3153.662
1871.0,3155.441
1872.0,3157.221
1873.0,3159.0
1874.0,3160.78
1875.0,3162.559
1876.0,3164.338
1877.0,3166.118
1878.0,3167.897
1879.0,3169.677
1880.0,3171.456
1881.0,3173.236
1882.0,3175.017
1883.0,3176.797
1884.0,3178.577
1885.0,3180.358
1886.0,3182.138
1887.0,3183.918
1888.0,3185.698
1889.0,3187.479
1890.0,3189.259
1891.0,3191.04
1892.0,3192.821
1893.0,3194.603
1894.0,3196.384
1895.0,3198.165
1896.0,3199.946
1897.0,3201.727
1898.0,3203.509
1899.0,3205.29
1900.0,3207.071
1901.0,3208.853
1902.0,3210.636
1903.0,3212.418
1904.0,3214.2
1905.0,3215.983
1906.0,3217.765
1907.0,3219.547
1908.0,3221.329
1909.0,3223.112
1910.0,3224.894
1911.0,3226.677
1912.0,3228.461
1913.0,3230.244
1914.0,3232.027
1915.0,3233.811
1916.0,3235.594
1917.0,3237.377
1918.0,3239.16
1919.0,3240.944
1920.0,3242.727
1921.0,3244.511
1922.0,3246.296
1923.0,3248.08
1924.0,3249.864
1925.0,3251.649
1926.0,3253.433
1927.0,3255.217
1928.0,3257.001
1929.0,3258.786
1930.0,3260.57
1931.0,3262.355
1932.0,3264.14
1933.0,3265.926
1934.0,3267.711
1935.0,3269.496
1936.0,3271.281
1937.0,3273.066
1938.0,3274.852
1939.0,3276.637
1940.0,3278.422
1941.0,3280.208
1942.0,3281.994
1943.0,3283.781
1944.0,3285.567
1945.0,3287.353
1946.0,3289.139
1947.0,3290.925
1948.0,3292.712
1949.0,3294.498
1950.0,3296.284
1951.0,3298.071
1952.0,3299.858
1953.0,3301.646
1954.0,3303.433
1955.0,3305.22
1956.0,3307.007
1957.0,3308.794
1958.0,3310.582
1959.0,3312.369
1960.0,3314.156
1961.0,3315.944
1962.0,3317.732
1963.0,3319.521
1964.0,3321.309
1965.0,3323.097
1966.0,3324.885
1967.0,3326.673
1968.0,3328.462
1969.0,3330.25
1970.0,3332.038
1971.0,3333.827
1972.0,3335.616
1973.0,3337.405
1974.0,3339.194
1975.0,3340.984
1976.0,3342.773
1977.0,3344.562
1978.0,3346.351
1979.0,3348.14
1980.0,3349.929
1981.0,3351.719
1982.0,3353.509
1983.0,3355.3
1984.0,3357.09
1985.0,3358.88
1986.0,3360.67
1987.0,3362.46
1988.0,3364.251
1989.0,3366.041
1990.0,3367.831
1991.0,3369.622
1992.0,3371.413
1993.0,3373.204
1994.0,3374.995
1995.0,3376.787
1996.0,3378.578
1997.0,3380.369
1998.0,3382.16
1999.0,3383.951
2000.0,3385.742
2001.0,3387.534
2002.0,3389.326
2003.0,3391.119
2004.0,3392.911
2005.0,3394.703
2006.0,3396.495
2007.0,3398.287
2008.0,3400.08
2009.0,3401.872
2010.0,3403.664
2011.0,3405.457
2012.0,3407.25
2013.0,3409.043
2014.0,3410.836
2015.0,3412.63
2016.0,3414.423
2017.0,3416.216
2018.0,3418.009
2019.0,3419.802
2020.0,3421.595
2021.0,3423.389
2022.0,3425.183
2023.0,3426.977
2024.0,3428.771
2025.0,3430.566
2026.0,3432.36
2027.0,3434.154
2028.0,3435.948
2029.0,3437.742
2030.0,3439.536
2031.0,3441.331
2032.0,3443.126
2033.0,3444.921
2034.0,3446.716
2035.0,3448.512
2036.0,3450.307
2037.0,3452.102
2038.0,3453.897
2039.0,3455.692
2040.0,3457.487
2041.0,3459.283
2042.0,3461.079
2043.0,3462.875
2044.0,3464.671
2045.0,3466.468
2046.0,3468.264
2047.0,3470.06
2048.0,3471.856
2049.0,3473.652
2050.0,3475.448
2051.0,3477.245
2052.0,3479.042
2053.0,3480.839
2054.0,3482.636
2055.0,3484.434
2056.0,3486.231
2057.0,3488.028
2058.0,3489.825
2059.0,3491.622
2060.0,3493.419
2061.0,3495.217
2062.0,3497.015
2063.0,3498.813
2064.0,3500.611
2065.0,3502.409
2066.0,3504.207
2067.0,3506.005
2068.0,3507.803
2069.0,3509.601
2070.0,3511.399
2071.0,3513.198
2072.0,3514.997
2073.0,3516.796
2074.0,3518.595
2075.0,3520.395
2076.0,3522.194
2077.0,3523.993
2078.0,3525.792
2079.0,3527.591
2080.0,3529.39
2081.0,3531.19
2082.0,3532.99
2083.0,3534.79
2084.0,3536.59
2085.0,3538.39
2086.0,3540.19
2087.0,3541.99
2088.0,3543.79
2089.0,3545.59
2090.0,3547.39
2091.0,3549.191
2092.0,3550.992
2093.0,3552.793
2094.0,3554.594
2095.0,3556.395
2096.0,3558.196
2097.0,3559.997
2098.0,3561.798
2099.0,3563.599
2100.0,3565.4
2101.0,3567.202
2102.0,3569.004
2103.0,3570.806
2104.0,3572.608
2105.0,3574.411
2106.0,3576.213
2107.0,3578.015
2108.0,3579.817
2109.0,3581.619
2110.0,3583.421
2111.0,3585.224
2112.0,3587.027
2113.0,3588.83
2114.0,3590.633
2115.0,3592.436
2116.0,3594.238
2117.0,3596.041
2118.0,3597.844
2119.0,3599.647
2120.0,3601.45
2121.0,3603.254
2122.0,3605.058
2123.0,3606.862
2124.0,3608.666
2125.0,3610.47
2126.0,3612.273
2127.0,3614.077
2128.0,3615.881
2129.0,3617.685
2130.0,3619.489
2131.0,3621.294
2132.0,3623.099
2133.0,3624.904
2134.0,3626.709
2135.0,3628.514
2136.0,3630.319
2137.0,3632.124
2138.0,3633.929
2139.0,3635.734
2140.0,3637.539
2141.0,3639.345
2142.0,3641.151
2143.0,3642.957
2144.0,3644.763
2145.0,3646.569
2146.0,3648.375
2147.0,3650.181
2148.0,3651.987
2149.0,3653.793
2150.0,3655.599
2151.0,3657.406
2152.0,3659.213
2153.0,3661.02
2154.0,3662.827
2155.0,3664.634
2156.0,3666.44
2157.0,3668.247
2158.0,3670.054
2159.0,3671.861
2160.0,3673.668
2161.0,3675.476
2162.0,3677.284
2163.0,3679.092
2164.0,3680.9
2165.0,3682.708
2166.0,3684.516
2167.0,3686.324
2168.0,3688.132
2169.0,3689.94
2170.0,3691.748
2171.0,3693.557
2172.0,3695.366
2173.0,3697.175
2174.0,3698.984
2175.0,3700.793
2176.0,3702.601
2177.0,3704.41
2178.0,3706.219
2179.0,3708.028
2180.0,3709.837
2181.0,3711.647
2182.0,3713.457
2183.0,3715.267
2184.0,3717.077
2185.0,3718.887
2186.0,3720.696
2187.0,3722.506
2188.0,3724.316
2189.0,3726.126
2190.0,3727.936
2191.0,3729.747
2192.0,3731.558
2193.0,3733.369
2194.0,3735.18
2195.0,3736.991
2196.0,3738.801
2197.0,3740.612
2198.0,3742.423
2199.0,3744.234
2200.0,3746.045
2201.0,3747.857
2202.0,3749.669
2203.0,3751.481
2204.0,3753.293
2205.0,3755.105
2206.0,3756.916
2207.0,3758.728
2208.0,3760.54
2209.0,3762.352
2210.0,3764.164
2211.0,3765.977
2212.0,3767.79
2213.0,3769.603
2214.0,3771.416
2215.0,3773.229
2216.0,3775.041
2217.0,3776.854
2218.0,3778.667
2219.0,3780.48
2220.0,3782.293
2221.0,3784.107
2222.0,3785.921
2223.0,3787.734
2224.0,3789.548
2225.0,3791.362
2226.0,3793.176
2227.0,3794.99
2228.0,3796.803
2229.0,3798.617
2230.0,3800.431
2231.0,3802.246
2232.0,3804.061
2233.0,3805.876
2234.0,3807.691
2235.0,3809.506
2236.0,3811.32
2237.0,3813.135
2238.0,3814.95
2239.0,3816.765
2240.0,3818.58
2241.0,3820.396
2242.0,3822.211
2243.0,3824.027
2244.0,3825.843
2245.0,3827.659
2246.0,3829.474
2247.0,3831.29
2248.0,3833.106
2249.0,3834.921
2250.0,3836.737
2251.0,3838.554
2252.0,3840.371
2253.0,3842.187
2254.0,3844.004
2255.0,3845.821
2256.0,3847.638
2257.0,3849.455
2258.0,3851.271
2259.0,3853.088
2260.0,3854.905
2261.0,3856.723
2262.0,3858.541
2263.0,3860.358
2264.0,3862.176
2265.0,3863.994
2266.0,3865.812
2267.0,3867.63
2268.0,3869.447
2269.0,3871.265
2270.0,3873.083
2271.0,3874.902
2272.0,3876.721
2273.0,3878.539
2274.0,3880.358
2275.0,3882.177
2276.0,3883.996
2277.0,3885.815
2278.0,3887.633
2279.0,3889.452
2280.0,3891.271
2281.0,3893.091
2282.0,3894.911
2283.0,3896.73
2284.0,3898.55
2285.0,3900.37
2286.0,3902.19
2287.0,3904.01
2288.0,3905.829
2289.0,3907.649
2290.0,3909.469
2291.0,3911.29
2292.0,3913.111
2293.0,3914.931
2294.0,3916.752
2295.0,3918.573
2296.0,3920.394
2297.0,3922.215
2298.0,3924.035
2299.0,3925.856
2300.0,3927.677
2301.0,3929.499
2302.0,3931.32
2303.0,3933.142
2304.0,3934.964
2305.0,3936.786
2306.0,3938.607
2307.0,3940.429
2308.0,3942.251
2309.0,3944.072
2310.0,3945.894
2311.0,3947.717
2312.0,3949.54
2313.0,3951.362
2314.0,3953.185
2315.0,3955.008
2316.0,3956.831
2317.0,3958.654
2318.0,3960.476
2319.0,3962.299
2320.0,3964.122
2321.0,3965.946
2322.0,3967.769
2323.0,3969.593
2324.0,3971.417
2325.0,3973.241
2326.0,3975.064
2327.0,3976.888
2328.0,3978.712
2329.0,3980.535
2330.0,3982.359
2331.0,3984.184
2332.0,3986.008
2333.0,3987.833
2334.0,3989.658
2335.0,3991.483
2336.0,3993.307
2337.0,3995.132
2338.0,3996.957
2339.0,3998.781
2340.0,4000.606
2341.0,4002.432
2342.0,4004.257
2343.0,4006.083
2344.0,4007.909
2345.0,4009.735
2346.0,4011.56
2347.0,4013.386
2348.0,4015.212
2349.0,4017.037
2350.0,4018.863
2351.0,4020.69
2352.0,4022.516
2353.0,4024.343
2354.0,4026.17
2355.0,4027.997
2356.0,4029.823
2357.0,4031.65
2358.0,4033.477
2359.0,4035.303
2360.0,4037.13
2361.0,4038.958
2362.0,4040.785
2363.0,4042.613
2364.0,4044.441
2365.0,4046.269
2366.0,4048.096
2367.0,4049.924
2368.0,4051.752
2369.0,4053.579
2370.0,4055.407
2371.0,4057.236
2372.0,4059.065
2373.0,4060.893
2374.0,4062.722
2375.0,4064.551
2376.0,4066.38
2377.0,4068.209
2378.0,4070.037
2379.0,4071.866
2380.0,4073.695
2381.0,4075.525
2382.0,4077.356
2383.0,4079.186
2384.0,4081.017
2385.0,4082.847
2386.0,4084.677
2387.0,4086.508
2388.0,4088.338
2389.0,4090.169
2390.0,4091.999
2391.0,4093.83
2392.0,4095.662
2393.0,4097.493
2394.0,4099.325
2395.0,4101.156
2396.0,4102.987
2397.0,4104.819
2398.0,4106.65
2399.0,4108.482
2400.0,4110.313
2401.0,4112.145
2402.0,4113.978
2403.0,4115.81
2404.0,4117.643
2405.0,4119.475
2406.0,4121.307
2407.0,4123.14
2408.0,4124.972
2409.0,4126.805
2410.0,4128.637
2411.0,4130.47
2412.0,4132.304
2413.0,4134.137
2414.0,4135.971
2415.0,4137.804
2416.0,4139.637
2417.0,4141.471
2418.0,4143.304
2419.0,4145.138
2420.0,4146.971
2421.0,4148.805
2422.0,4150.64
2423.0,4152.474
2424.0,4154.309
2425.0,4156.143
2426.0,4157.977
2427.0,4159.812
2428.0,4161.646
2429.0,4163.481
2430.0,4165.315
2431.0,4167.15
2432.0,4168.986
2433.0,4170.821
2434.0,4172.657
2435.0,4174.492
2436.0,4176.327
2437.0,4178.163
2438.0,4179.998
2439.0,4181.834
2440.0,4183.669
2441.0,4185.505
2442.0,4187.342
2443.0,4189.178
2444.0,4191.014
2445.0,4192.851
2446.0,4194.687
2447.0,4196.523
2448.0,4198.359
2449.0,4200.196
2450.0,4202.032
2451.0,4203.869
2452.0,4205.707
2453.0,4207.544
2454.0,4209.382
2455.0,4211.219
2456.0,4213.056
2457.0,4214.894
2458.0,4216.731
2459.0,4218.569
2460.0,4220.406
2461.0,4222.244
2462.0,4224.083
2463.0,4225.921
2464.0,4227.759
2465.0,4229.598
2466.0,4231.436
2467.0,4233.274
2468.0,4235.112
2469.0,4236.951
2470.0,4238.789
2471.0,4240.628
2472.0,4242.468
2473.0,4244.307
2474.0,4246.146
2475.0,4247.986
2476.0,4249.825
2477.0,4251.664
2478.0,4253.503
2479.0,4255.343
2480.0,4257.182
2481.0,4259.022
2482.0,4260.863
2483.0,4262.703
2484.0,4264.544
2485.0,4266.384
2486.0,4268.224
2487.0,4270.065
2488.0,4271.905
2489.0,4273.746
2490.0,4275.586
2491.0,4277.427
2492.0,4279.269
2493.0,4281.11
2494.0,4282.951
2495.0,4284.793
2496.0,4286.634
2497.0,4288.475
2498.0,4290.316
2499.0,4292.158
2500.0,4293.999
2501.0,4295.841
2502.0,4297.683
2503.0,4299.526
2504.0,4301.368
2505.0,4303.21
2506.0,4305.052
2507.0,4306.894
2508.0,4308.737
2509.0,4310.579
2510.0,4312.421
2511.0,4314.264
2512.0,4316.108
2513.0,4317.951
2514.0,4319.794
2515.0,4321.638
2516.0,4323.481
2517.0,4325.324
2518.0,4327.167
2519.0,4329.011
2520.0,4330.854
2521.0,4332.698
2522.0,4334.542
2523.0,4336.387
2524.0,4338.231
2525.0,4340.075
2526.0,4341.919
2527.0,4343.763
2528.0,4345.608
2529.0,4347.452
2530.0,4349.296
2531.0,4351.141
2532.0,4352.986
2533.0,4354.832
2534.0,4356.677
2535.0,4358.522
2536.0,4360.367
2537.0,4362.212
2538.0,4364.058
2539.0,4365.903
2540.0,4367.748
2541.0,4369.594
2542.0,4371.44
2543.0,4373.287
2544.0,4375.133
2545.0,4376.979
2546.0,4378.825
2547.0,4380.671
2548.0,4382.518
2549.0,4384.364
2550.0,4386.21
2551.0,4388.057
2552.0,4389.905
2553.0,4391.752
2554.0,4393.599
2555.0,4395.447
2556.0,4397.294
2557.0,4399.141
2558.0,4400.988
2559.0,4402.836
2560.0,4404.683
2561.0,4406.531
2562.0,4408.379
2563.0,4410.228
2564.0,4412.076
2565.0,4413.924
2566.0,4415.772
2567.0,4417.62
2568.0,4419.469
2569.0,4421.317
2570.0,4423.165
2571.0,4425.014
2572.0,4426.863
2573.0,4428.713
2574.0,4430.562
2575.0,4432.411
2576.0,4434.26
2577.0,4436.109
2578.0,4437.959
2579.0,4439.808
2580.0,4441.657
2581.0,4443.507
2582.0,4445.357
2583.0,4447.208
2584.0,4449.058
2585.0,4450.908
2586.0,4452.758
2587.0,4454.608
2588.0,4456.459
2589.0,4458.309
2590.0,4460.159
2591.0,4462.01
2592.0,4463.861
2593.0,4465.712
2594.0,4467.563
2595.0,4469.415
2596.0,4471.266
2597.0,4473.117
2598.0,4474.968
2599.0,4476.819
2600.0,4478.67
2601.0,4480.522
2602.0,4482.374
2603.0,4484.227
2604.0,4486.079
2605.0,4487.931
2606.0,4489.783
2607.0,4491.635
2608.0,4493.488
2609.0,4495.34
2610.0,4497.192
2611.0,4499.045
2612.0,4500.898
2613.0,4502.751
2614.0,4504.604
2615.0,4506.458
2616.0,4508.311
2617.0,4510.164
2618.0,4512.017
2619.0,4513.87
2620.0,4515.723
2621.0,4517.577
2622.0,4519.431
2623.0,4521.286
2624.0,4523.14
2625.0,4524.994
2626.0,4526.848
2627.0,4528.702
2628.0,4530.557
2629.0,4532.411
2630.0,4534.265
2631.0,4536.12
2632.0,4537.975
2633.0,4539.83
2634.0,4541.685
2635.0,4543.541
2636.0,4545.396
2637.0,4547.251
2638.0,4549.106
2639.0,4550.961
2640.0,4552.816
2641.0,4554.672
2642.0,4556.528
2643.0,4558.384
2644.0,4560.24
2645.0,4562.097
2646.0,4563.953
2647.0,4565.809
2648.0,4567.665
2649.0,4569.521
2650.0,4571.377
2651.0,4573.234
2652.0,4575.091
2653.0,4576.948
2654.0,4578.805
2655.0,4580.662
2656.0,4582.519
2657.0,4584.376
2658.0,4586.233
2659.0,4588.09
2660.0,4589.947
2661.0,4591.805
2662.0,4593.663
2663.0,4595.521
2664.0,4597.379
2665.0,4599.238
2666.0,4601.096
2667.0,4602.954
2668.0,4604.812
2669.0,4606.67
2670.0,4608.528
2671.0,4610.387
2672.0,4612.246
2673.0,4614.105
2674.0,4615.964
2675.0,4617.823
2676.0,4619.682
2677.0,4621.541
2678.0,4623.4
2679.0,4625.259
2680.0,4627.118
2681.0,4628.978
2682.0,4630.838
2683.0,4632.698
2684.0,4634.558
2685.0,4636.419
2686.0,4638.279
2687.0,4640.139
2688.0,4641.999
2689.0,4643.859
2690.0,4645.719
2691.0,4647.58
2692.0,4649.441
2693.0,4651.302
2694.0,4653.163
2695.0,4655.024
2696.0,4656.885
2697.0,4658.746
2698.0,4660.607
2699.0,4662.468
2700.0,4664.329
2701.0,4666.191
2702.0,4668.053
2703.0,4669.915
2704.0,4671.777
2705.0,4673.64
2706.0,4675.502
2707.0,4677.364
2708.0,4679.226
2709.0,4681.088
2710.0,4682.95
2711.0,4684.813
2712.0,4686.676
2713.0,4688.539
2714.0,4690.402
2715.0,4692.265
2716.0,4694.128
2717.0,4695.991
2718.0,4697.854
2719.0,4699.717
2720.0,4701.58
2721.0,4703.444
2722.0,4705.308
2723.0,4707.172
2724.0,4709.036
2725.0,4710.9
2726.0,4712.764
2727.0,4714.628
2728.0,4716.492
2729.0,4718.356
2730.0,4720.22
2731.0,4722.085
2732.0,4723.95
2733.0,4725.815
2734.0,4727.68
2735.0,4729.545
2736.0,4731.41
2737.0,4733.275
2738.0,4735.14
2739.0,4737.005
2740.0,4738.87
2741.0,4740.736
2742.0,4742.602
2743.0,4744.468
2744.0,4746.334
2745.0,4748.2
2746.0,4750.066
2747.0,4751.932
2748.0,4753.798
2749.0,4755.664
2750.0,4757.53
2751.0,4759.397
2752.0,4761.264
2753.0,4763.131
2754.0,4764.998
2755.0,4766.865
2756.0,4768.732
2757.0,4770.599
2758.0,4772.466
2759.0,4774.333
2760.0,4776.2
2761.0,4778.068
2762.0,4779.936
2763.0,4781.804
2764.0,4783.672
2765.0,4785.54
2766.0,4787.407
2767.0,4789.275
2768.0,4791.143
2769.0,4793.011
2770.0,4794.879
2771.0,4796.748
2772.0,4798.617
2773.0,4800.486
2774.0,4802.355
2775.0,4804.224
2776.0,4806.093
2777.0,4807.962
2778.0,4809.831
2779.0,4811.7
2780.0,4813.569
2781.0,4815.439
2782.0,4817.309
2783.0,4819.179
2784.0,4821.049
2785.0,4822.919
2786.0,4824.788
2787.0,4826.658
2788.0,4828.528
2789.0,4830.398
2790.0,4832.268
2791.0,4834.139
2792.0,4836.01
2793.0,4837.88
2794.0,4839.751
2795.0,4841.622
2796.0,4843.493
2797.0,4845.364
2798.0,4847.234
2799.0,4849.105
2800.0,4850.976
2801.0,4852.848
2802.0,4854.72
2803.0,4856.592
2804.0,4858.464
2805.0,4860.336
2806.0,4862.207
2807.0,4864.079
2808.0,4865.951
2809.0,4867.823
2810.0,4869.695
2811.0,4871.568
2812.0,4873.441
2813.0,4875.314
2814.0,4877.187
2815.0,4879.06
2816.0,4880.932
2817.0,4882.805
2818.0,4884.678
2819.0,4886.551
2820.0,4888.424
2821.0,4890.298
2822.0,4892.172
2823.0,4894.046
2824.0,4895.92
2825.0,4897.794
2826.0,4899.667
2827.0,4901.541
2828.0,4903.415
2829.0,4905.289
2830.0,4907.163
2831.0,4909.038
2832.0,4910.913
2833.0,4912.787
2834.0,4914.662
2835.0,4916.537
2836.0,4918.412
2837.0,4920.287
2838.0,4922.161
2839.0,4924.036
2840.0,4925.911
2841.0,4927.787
2842.0,4929.663
2843.0,4931.539
2844.0,4933.415
2845.0,4935.291
2846.0,4937.166
2847.0,4939.042
2848.0,4940.918
2849.0,4942.794
2850.0,4944.67
2851.0,4946.547
2852.0,4948.424
2853.0,4950.3
2854.0,4952.177
2855.0,4954.054
2856.0,4955.931
2857.0,4957.808
2858.0,4959.684
2859.0,4961.561
2860.0,4963.438
2861.0,4965.316
2862.0,4967.194
2863.0,4969.072
2864.0,4970.95
2865.0,4972.828
2866.0,4974.705
2867.0,4976.583
2868.0,4978.461
2869.0,4980.339
2870.0,4982.217
2871.0,4984.096
2872.0,4985.975
2873.0,4987.853
2874.0,4989.732
2875.0,4991.611
2876.0,4993.49
2877.0,4995.369
2878.0,4997.247
2879.0,4999.126
2880.0,5001.005
2881.0,5002.885
2882.0,5004.765
2883.0,5006.644
2884.0,5008.524
2885.0,5010.404
2886.0,5012.284
2887.0,5014.164
2888.0,5016.043
2889.0,5017.923
2890.0,5019.803
2891.0,5021.684
2892.0,5023.565
2893.0,5025.445
2894.0,5027.326
2895.0,5029.207
2896.0,5031.088
2897.0,5032.969
2898.0,5034.849
2899.0,5036.73
2900.0,5038.611
2901.0,5040.493
2902.0,5042.375
2903.0,5044.256
2904.0,5046.138
2905.0,5048.02
2906.0,5049.902
2907.0,5051.784
2908.0,5053.665
2909.0,5055.547
2910.0,5057.429
2911.0,5059.312
2912.0,5061.194
2913.0,5063.077
2914.0,5064.96
2915.0,5066.843
2916.0,5068.725
2917.0,5070.608
2918.0,5072.491
2919.0,5074.373
2920.0,5076.256
2921.0,5078.14
2922.0,5080.024
2923.0,5081.907
2924.0,5083.791
2925.0,5085.675
2926.0,5087.559
2927.0,5089.443
2928.0,5091.326
2929.0,5093.21
2930.0,5095.094
2931.0,5096.979
2932.0,5098.863
2933.0,5100.748
2934.0,5102.632
2935.0,5104.517
2936.0,5106.402
2937.0,5108.286
2938.0,5110.171
2939.0,5112.055
2940.0,5113.94
2941.0,5115.826
2942.0,5117.711
2943.0,5119.597
2944.0,5121.483
2945.0,5123.369
2946.0,5125.254
2947.0,5127.14
2948.0,5129.026
2949.0,5130.911
2950.0,5132.797
2951.0,5134.684
2952.0,5136.57
2953.0,5138.457
2954.0,5140.344
2955.0,5142.231
2956.0,5144.117
2957.0,5146.004
2958.0,5147.891
2959.0,5149.777
2960.0,5151.664
2961.0,5153.552
2962.0,5155.439
2963.0,5157.327
2964.0,5159.215
2965.0,5161.103
2966.0,5162.99
2967.0,5164.878
2968.0,5166.766
2969.0,5168.653
2970.0,5170.541
2971.0,5172.43
2972.0,5174.318
2973.0,5176.207
2974.0,5178.096
2975.0,5179.985
2976.0,5181.873
2977.0,5183.762
2978.0,5185.651
2979.0,5187.539
2980.0,5189.428
2981.0,5191.318
2982.0,5193.207
2983.0,5195.097
2984.0,5196.987
2985.0,5198.877
2986.0,5200.766
2987.0,5202.656
2988.0,5204.546
2989.0,5206.435
2990.0,5208.325
2991.0,5210.216
2992.0,5212.106
2993.0,5213.997
2994.0,5215.888
2995.0,5217.779
2996.0,5219.669
2997.0,5221.56
2998.0,5223.451
2999.0,5225.341
3000.0,5227.232
3001.0,5229.124
3002.0,5231.015
3003.0,5232.907
3004.0,5234.798
3005.0,5236.69
3006.0,5238.582
3007.0,5240.473
3008.0,5242.365
3009.0,5244.256
3010.0,5246.148
3011.0,5248.041
3012.0,5249.933
3013.0,5251.826
3014.0,5253.719
3015.0,5255.612
3016.0,5257.504
3017.0,5259.397
3018.0,5261.29
3019.0,5263.182
3020.0,5265.075
3021.0,5266.969
3022.0,5268.862
3023.0,5270.756
3024.0,5272.649
3025.0,5274.543
3026.0,5276.437
3027.0,5278.33
3028.0,5280.224
3029.0,5282.117
3030.0,5284.011
3031.0,5285.906
3032.0,5287.8
3033.0,5289.695
3034.0,5291.589
3035.0,5293.484
3036.0,5295.379
3037.0,5297.273
3038.0,5299.168
3039.0,5301.062
3040.0,5302.957
3041.0,5304.853
3042.0,5306.748
3043.0,5308.644
3044.0,5310.539
3045.0,5312.435
3046.0,5314.331
3047.0,5316.226
3048.0,5318.122
3049.0,5320.017
3050.0,5321.913
3051.0,5323.81
3052.0,5325.706
3053.0,5327.603
3054.0,5329.499
3055.0,5331.396
3056.0,5333.293
3057.0,5335.189
3058.0,5337.086
3059.0,5338.982
3060.0,5340.879
3061.0,5342.776
3062.0,5344.674
3063.0,5346.571
3064.0,5348.469
3065.0,5350.366
3066.0,5352.263
3067.0,5354.161
3068.0,5356.058
3069.0,5357.956
3070.0,5359.853
3071.0,5361.752
3072.0,5363.65
3073.0,5365.549
3074.0,5367.447
3075.0,5369.346
3076.0,5371.245
3077.0,5373.143
3078.0,5375.042
3079.0,5376.94
3080.0,5378.839
3081.0,5380.739
3082.0,5382.638
3083.0,5384.538
3084.0,5386.437
3085.0,5388.337
3086.0,5390.237
3087.0,5392.136
3088.0,5394.036
3089.0,5395.935
3090.0,5397.835
3091.0,5399.736
3092.0,5401.636
3093.0,5403.537
3094.0,5405.437
3095.0,5407.338
3096.0,5409.238
3097.0,5411.139
3098.0,5413.039
3099.0,5414.94
3100.0,5416.84
3101.0,5418.742
3102.0,5420.643
3103.0,5422.545
3104.0,5424.446
3105.0,5426.348
3106.0,5428.249
3107.0,5430.151
3108.0,5432.052
3109.0,5433.954
3110.0,5435.855
3111.0,5437.758
3112.0,5439.66
3113.0,5441.563
3114.0,5443.465
3115.0,5445.368
3116.0,5447.27
3117.0,5449.173
3118.0,5451.075
3119.0,5452.978
3120.0,5454.88
3121.0,5456.784
3122.0,5458.687
3123.0,5460.591
3124.0,5462.494
3125.0,5464.398
3126.0,5466.301
3127.0,5468.205
3128.0,5470.108
3129.0,5472.012
3130.0,5473.915
3131.0,5475.82
3132.0,5477.724
3133.0,5479.629
3134.0,5481.533
3135.0,5483.438
3136.0,5485.342
3137.0,5487.247
3138.0,5489.151
3139.0,5491.056
3140.0,5492.96
3141.0,5494.866
3142.0,5496.771
3143.0,5498.677
3144.0,5500.582
3145.0,5502.488
3146.0,5504.393
3147.0,5506.299
3148.0,5508.204
3149.0,5510.11
3150.0,5512.015
3151.0,5513.922
3152.0,5515.828
3153.0,5517.735
3154.0,5519.641
3155.0,5521.548
3156.0,5523.454
3157.0,5525.361
3158.0,5527.267
3159.0,5529.174
3160.0,5531.08
3161.0,5532.987
3162.0,5534.895
3163.0,5536.802
3164.0,5538.71
3165.0,5540.617
3166.0,5542.524
3167.0,5544.432
3168.0,5546.339
3169.0,5548.247
3170.0,5550.154
3171.0,5552.063
3172.0,5553.971
3173.0,5555.88
3174.0,5557.788
3175.0,5559.697
3176.0,5561.605
3177.0,5563.514
3178.0,5565.422
3179.0,5567.331
3180.0,5569.239
3181.0,5571.148
3182.0,5573.058
3183.0,5574.967
3184.0,5576.877
3185.0,5578.786
3186.0,5580.695
3187.0,5582.605
3188.0,5584.514
3189.0,5586.424
3190.0,5588.333
3191.0,5590.243
3192.0,5592.154
3193.0,5594.064
3194.0,5595.975
3195.0,5597.885
3196.0,5599.795
3197.0,5601.706
3198.0,5603.616
3199.0,5605.527
3200.0,5607.437
3201.0,5609.348
3202.0,5611.259
3203.0,5613.171
3204.0,5615.082
3205.0,5616.993
3206.0,5618.904
3207.0,5620.815
3208.0,5622.727
3209.0,5624.638
3210.0,5626.549
3211.0,5628.461
3212.0,5630.374
3213.0,5632.286
3214.0,5634.199
3215.0,5636.111
3216.0,5638.023
3217.0,5639.936
3218.0,5641.848
3219.0,5643.761
3220.0,5645.673
3221.0,5647.586
3222.0,5649.5
3223.0,5651.413
3224.0,5653.327
3225.0,5655.24
3226.0,5657.153
3227.0,5659.067
3228.0,5660.98
3229.0,5662.894
3230.0,5664.807
3231.0,5666.721
3232.0,5668.636
3233.0,5670.55
3234.0,5672.465
3235.0,5674.379
3236.0,5676.293
3237.0,5678.208
3238.0,5680.122
3239.0,5682.037
3240.0,5683.951
3241.0,5685.866
3242.0,5687.782
3243.0,5689.697
3244.0,5691.612
3245.0,5693.528
3246.0,5695.443
3247.0,5697.358
3248.0,5699.273
3249.0,5701.189
3250.0,5703.104
3251.0,5705.02
3252.0,5706.937
3253.0,5708.853
3254.0,5710.77
3255.0,5712.686
3256.0,5714.602
3257.0,5716.519
3258.0,5718.435
3259.0,5720.352
3260.0,5722.268
3261.0,5724.185
3262.0,5726.103
3263.0,5728.02
3264.0,5729.937
3265.0,5731.855
3266.0,5733.772
3267.0,5735.689
3268.0,5737.606
3269.0,5739.524
3270.0,5741.441
3271.0,5743.359
3272.0,5745.278
3273.0,5747.196
3274.0,5749.114
3275.0,5751.033
3276.0,5752.951
3277.0,5754.869
3278.0,5756.787
3279.0,5758.706
3280.0,5760.624
3281.0,5762.543
3282.0,5764.463
3283.0,5766.382
3284.0,5768.301
3285.0,5770.221
3286.0,5772.14
3287.0,5774.059
3288.0,5775.978
3289.0,5777.898
3290.0,5779.817
3291.0,5781.737
3292.0,5783.658
3293.0,5785.578
3294.0,5787.498
3295.0,5789.419
3296.0,5791.339
3297.0,5793.259
3298.0,5795.179
3299.0,5797.1
3300.0,5799.02
3301.0,5800.941
3302.0,5802.862
3303.0,5804.784
3304.0,5806.705
3305.0,5808.626
3306.0,5810.547
3307.0,5812.468
3308.0,5814.39
3309.0,5816.311
3310.0,5818.232
3311.0,5820.154
3312.0,5822.077
3313.0,5823.999
3314.0,5825.921
3315.0,5827.844
3316.0,5829.766
3317.0,5831.688
3318.0,5833.61
3319.0,5835.533
3320.0,5837.455
3321.0,5839.378
3322.0,5841.302
3323.0,5843.225
3324.0,5845.148
3325.0,5847.072
3326.0,5848.995
3327.0,5850.918
3328.0,5852.841
3329.0,5854.765
3330.0,5856.688
3331.0,5858.612
3332.0,5860.536
3333.0,5862.461
3334.0,5864.385
3335.0,5866.309
3336.0,5868.233
3337.0,5870.157
3338.0,5872.082
3339.0,5874.006
3340.0,5875.93
3341.0,5877.855
3342.0,5879.78
3343.0,5881.705
3344.0,5883.63
3345.0,5885.556
3346.0,5887.481
3347.0,5889.406
3348.0,5891.331
3349.0,5893.256
3350.0,5895.181
3351.0,5897.107
3352.0,5899.033
3353.0,5900.96
3354.0,5902.886
3355.0,5904.812
3356.0,5906.738
3357.0,5908.664
3358.0,5910.591
3359.0,5912.517
3360.0,5914.443
3361.0,5916.37
3362.0,5918.297
3363.0,5920.225
3364.0,5922.152
3365.0,5924.079
3366.0,5926.006
3367.0,5927.933
3368.0,5929.861
3369.0,5931.788
3370.0,5933.715
3371.0,5935.643
3372.0,5937.571
3373.0,5939.499
3374.0,5941.427
3375.0,5943.356
3376.0,5945.284
3377.0,5947.212
3378.0,5949.14
3379.0,5951.068
3380.0,5952.996
3381.0,5954.925
3382.0,5956.854
3383.0,5958.784
3384.0,5960.713
3385.0,5962.642
3386.0,5964.571
3387.0,5966.5
3388.0,5968.43
3389.0,5970.359
3390.0,5972.288
3391.0,5974.218
3392.0,5976.148
3393.0,5978.079
3394.0,5980.009
3395.0,5981.939
3396.0,5983.869
3397.0,5985.799
3398.0,5987.73
3399.0,5989.66
3400.0,5991.59
3401.0,5993.521
3402.0,5995.452
3403.0,5997.383
3404.0,5999.314
3405.0,6001.246
3406.0,6003.177
3407.0,6005.108
3408.0,6007.039
3409.0,6008.97
3410.0,6010.901
3411.0,6012.833
3412.0,6014.765
3413.0,6016.698
3414.0,6018.63
3415.0,6020.562
3416.0,6022.494
3417.0,6024.426
3418.0,6026.359
3419.0,6028.291
3420.0,6030.223
3421.0,6032.156
3422.0,6034.089
3423.0,6036.022
3424.0,6037.955
3425.0,6039.889
3426.0,6041.822
3427.0,6043.755
3428.0,6045.688
3429.0,6047.621
3430.0,6049.554
3431.0,6051.488
3432.0,6053.422
3433.0,6055.356
3434.0,6057.29
3435.0,6059.225
3436.0,6061.159
3437.0,6063.093
3438.0,6065.027
3439.0,6066.961
3440.0,6068.895
3441.0,6070.83
3442.0,6072.765
3443.0,6074.7
3444.0,6076.635
3445.0,6078.571
3446.0,6080.506
3447.0,6082.441
3448.0,6084.376
3449.0,6086.311
3450.0,6088.246
3451.0,6090.182
3452.0,6092.118
3453.0,6094.054
3454.0,6095.99
3455.0,6097.927
3456.0,6099.863
3457.0,6101.799
3458.0,6103.735
3459.0,6105.671
3460.0,6107.607
3461.0,6109.544
3462.0,6111.481
3463.0,6113.418
3464.0,6115.355
3465.0,6117.292
3466.0,6119.229
3467.0,6121.166
3468.0,6123.103
3469.0,6125.04
3470.0,6126.977
3471.0,6128.915
3472.0,6130.853
3473.0,6132.791
3474.0,6134.729
3475.0,6136.667
3476.0,6138.604
3477.0,6140.542
3478.0,6142.48
3479.0,6144.418
3480.0,6146.356
3481.0,6148.295
3482.0,6150.234
3483.0,6152.173
3484.0,6154.112
3485.0,6156.052
3486.0,6157.991
3487.0,6159.93
3488.0,6161.869
3489.0,6163.808
3490.0,6165.747
3491.0,6167.687
3492.0,6169.627
3493.0,6171.567
3494.0,6173.507
3495.0,6175.447
3496.0,6177.387
3497.0,6179.327
3498.0,6181.267
3499.0,6183.207
3500.0,6185.147
3501.0,6187.088
3502.0,6189.029
3503.0,6190.97
3504.0,6192.911
3505.0,6194.852
3506.0,6196.793
3507.0,6198.734
3508.0,6200.675
3509.0,6202.616
3510.0,6204.557
3511.0,6206.499
3512.0,6208.441
3513.0,6210.383
3514.0,6212.325
3515.0,6214.267
3516.0,6216.209
3517.0,6218.151
3518.0,6220.093
3519.0,6222.035
3520.0,6223.977
3521.0,6225.92
3522.0,6227.863
3523.0,6229.806
3524.0,6231.749
3525.0,6233.692
3526.0,6235.635
3527.0,6237.578
3528.0,6239.521
3529.0,6241.464
3530.0,6243.407
3531.0,6245.351
3532.0,6247.295
3533.0,6249.239
3534.0,6251.183
3535.0,6253.127
3536.0,6255.071
3537.0,6257.015
3538.0,6258.959
3539.0,6260.903
3540.0,6262.847
3541.0,6264.792
3542.0,6266.737
3543.0,6268.682
3544.0,6270.627
3545.0,6272.572
3546.0,6274.517
3547.0,6276.462
3548.0,6278.407
3549.0,6280.352
3550.0,6282.297
3551.0,6284.243
3552.0,6286.189
3553.0,6288.135
3554.0,6290.081
3555.0,6292.027
3556.0,6293.972
3557.0,6295.918
3558.0,6297.864
3559.0,6299.81
3560.0,6301.756
3561.0,6303.703
3562.0,6305.65
3563.0,6307.597
3564.0,6309.544
3565.0,6311.491
3566.0,6313.438
3567.0,6315.385
3568.0,6317.332
3569.0,6319.279
3570.0,6321.226
3571.0,6323.174
3572.0,6325.122
3573.0,6327.07
3574.0,6329.018
3575.0,6330.966
3576.0,6332.913
3577.0,6334.861
3578.0,6336.809
3579.0,6338.757
3580.0,6340.705
3581.0,6342.654
3582.0,6344.603
3583.0,6346.552
3584.0,6348.501
3585.0,6350.45
3586.0,6352.398
3587.0,6354.347
3588.0,6356.296
3589.0,6358.245
3590.0,6360.194
3591.0,6362.144
3592.0,6364.094
3593.0,6366.044
3594.0,6367.994
3595.0,6369.944
3596.0,6371.893
3597.0,6373.843
3598.0,6375.793
3599.0,6377.743
3600.0,6379.693
3601.0,6381.644
3602.0,6383.595
3603.0,6385.546
3604.0,6387.497
3605.0,6389.448
3606.0,6391.398
3607.0,6393.349
3608.0,6395.3
3609.0,6397.251
3610.0,6399.202
3611.0,6401.154
3612.0,6403.105
3613.0,6405.057
3614.0,6407.009
3615.0,6408.961
3616.0,6410.912
3617.0,6412.864
3618.0,6414.816
3619.0,6416.767
3620.0,6418.719
3621.0,6420.672
3622.0,6422.625
3623.0,6424.578
3624.0,6426.531
3625.0,6428.484
3626.0,6430.436
3627.0,6432.389
3628.0,6434.342
3629.0,6436.295
3630.0,6438.248
3631.0,6440.202
3632.0,6442.156
3633.0,6444.11
3634.0,6446.064
3635.0,6448.018
3636.0,6449.971
3637.0,6451.925
3638.0,6453.879
3639.0,6455.833
3640.0,6457.787
3641.0,6459.742
3642.0,6461.697
3643.0,6463.651
3644.0,6465.606
3645.0,6467.561
3646.0,6469.516
3647.0,6471.471
3648.0,6473.425
3649.0,6475.38
3650.0,6477.335
3651.0,6479.291
3652.0,6481.247
3653.0,6483.202
3654.0,6485.158
3655.0,6487.114
3656.0,6489.07
3657.0,6491.026
3658.0,6492.981
3659.0,6494.937
3660.0,6496.893
3661.0,6498.85
3662.0,6500.807
3663.0,6502.764
3664.0,6504.721
3665.0,6506.678
3666.0,6508.634
3667.0,6510.591
3668.0,6512.548
3669.0,6514.505
3670.0,6516.462
3671.0,6518.42
3672.0,6520.378
3673.0,6522.335
3674.0,6524.293
3675.0,6526.251
3676.0,6528.209
3677.0,6530.167
3678.0,6532.124
3679.0,6534.082
3680.0,6536.04
3681.0,6537.999
3682.0,6539.958
3683.0,6541.916
3684.0,6543.875
3685.0,6545.834
3686.0,6547.793
3687.0,6549.752
3688.0,6551.71
3689.0,6553.669
3690.0,6555.628
3691.0,6557.588
3692.0,6559.547
3693.0,6561.507
3694.0,6563.467
3695.0,6565.427
3696.0,6567.386
3697.0,6569.346
3698.0,6571.306
3699.0,6573.265
3700.0,6575.225
3701.0,6577.186
3702.0,6579.147
3703.0,6581.107
3704.0,6583.068
3705.0,6585.029
3706.0,6586.99
3707.0,6588.951
3708.0,6590.911
3709.0,6592.872
3710.0,6594.833
3711.0,6596.795
3712.0,6598.757
3713.0,6600.718
3714.0,6602.68
3715.0,6604.642
3716.0,6606.604
3717.0,6608.566
3718.0,6610.527
3719.0,6612.489
3720.0,6614.451
3721.0,6616.414
3722.0,6618.376
3723.0,6620.339
3724.0,6622.302
3725.0,6624.265
3726.0,6626.227
3727.0,6628.19
3728.0,6630.153
3729.0,6632.115
3730.0,6634.078
3731.0,6636.042
3732.0,6638.005
3733.0,6639.969
3734.0,6641.933
3735.0,6643.897
3736.0,6645.86
3737.0,6647.824
3738.0,6649.788
3739.0,6651.751
3740.0,6653.715
3741.0,6655.68
3742.0,6657.644
3743.0,6659.609
3744.0,6661.573
3745.0,6663.538
3746.0,6665.503
3747.0,6667.467
3748.0,6669.432
3749.0,6671.396
3750.0,6673.361
3751.0,6675.327
3752.0,6677.292
3753.0,6679.258
3754.0,6681.224
3755.0,6683.19
3756.0,6685.155
3757.0,6687.121
3758.0,6689.087
3759.0,6691.052
3760.0,6693.018
3761.0,6694.985
3762.0,6696.951
3763.0,6698.918
3764.0,6700.885
3765.0,6702.852
3766.0,6704.818
3767.0,6706.785
3768.0,6708.752
3769.0,6710.718
3770.0,6712.685
3771.0,6714.653
3772.0,6716.62
3773.0,6718.588
3774.0,6720.555
3775.0,6722.523
3776.0,6724.491
3777.0,6726.458
3778.0,6728.426
3779.0,6730.393
3780.0,6732.361
3781.0,6734.329
3782.0,6736.297
3783.0,6738.265
3784.0,6740.233
3785.0,6742.201
3786.0,6744.168
3787.0,6746.136
3788.0,6748.104
3789.0,6750.072
3790.0,6752.04
3791.0,6754.008
3792.0,6755.976
3793.0,6757.944
3794.0,6759.912
3795.0,6761.88
3796.0,6763.847
3797.0,6765.815
3798.0,6767.783
3799.0,6769.751
3800.0,6771.719
3801.0,6773.687
3802.0,6775.655
3803.0,6777.622
3804.0,6779.59
3805.0,6781.558
3806.0,6783.526
3807.0,6785.494
3808.0,6787.461
3809.0,6789.429
3810.0,6791.397
3811.0,6793.365
3812.0,6795.333
3813.0,6797.301
3814.0,6799.269
3815.0,6801.237
3816.0,6803.204
3817.0,6805.172
3818.0,6807.14
3819.0,6809.108
3820.0,6811.076
3821.0,6813.044
3822.0,6815.012
3823.0,6816.98
3824.0,6818.948
3825.0,6820.916
3826.0,6822.883
3827.0,6824.851
3828.0,6826.819
3829.0,6828.787
3830.0,6830.755
3831.0,6832.723
3832.0,6834.691
3833.0,6836.658
3834.0,6838.626
3835.0,6840.594
3836.0,6842.562
3837.0,6844.53
3838.0,6846.497
3839.0,6848.465
3840.0,6850.433
3841.0,6852.401
3842.0,6854.369
3843.0,6856.337
3844.0,6858.305
3845.0,6860.273
3846.0,6862.24
3847.0,6864.208
3848.0,6866.176
3849.0,6868.144
3850.0,6870.112
3851.0,6872.08
3852.0,6874.048
3853.0,6876.016
3854.0,6877.984
3855.0,6879.952
3856.0,6881.919
3857.0,6883.887
3858.0,6885.855
3859.0,6887.823
3860.0,6889.791
3861.0,6891.759
3862.0,6893.727
3863.0,6895.694
3864.0,6897.662
3865.0,6899.63
3866.0,6901.598
3867.0,6903.566
3868.0,6905.533
3869.0,6907.501
3870.0,6909.469
3871.0,6911.437
3872.0,6913.405
3873.0,6915.373
3874.0,6917.341
3875.0,6919.309
3876.0,6921.276
3877.0,6923.244
3878.0,6925.212
3879.0,6927.18
3880.0,6929.148
3881.0,6931.116
3882.0,6933.084
3883.0,6935.052
3884.0,6937.02
3885.0,6938.988
3886.0,6940.955
3887.0,6942.923
3888.0,6944.891
3889.0,6946.859
3890.0,6948.827
3891.0,6950.795
3892.0,6952.763
3893.0,6954.73
3894.0,6956.698
3895.0,6958.666
3896.0,6960.634
3897.0,6962.602
3898.0,6964.569
3899.0,6966.537
3900.0,6968.505
3901.0,6970.473
3902.0,6972.441
3903.0,6974.409
3904.0,6976.377
3905.0,6978.345
3906.0,6980.312
3907.0,6982.28
3908.0,6984.248
3909.0,6986.216
3910.0,6988.184
3911.0,6990.152
3912.0,6992.12
3913.0,6994.088
3914.0,6996.056
3915.0,6998.024
3916.0,6999.991
3917.0,7001.959
3918.0,7003.927
3919.0,7005.895
3920.0,7007.863
3921.0,7009.831
3922.0,7011.799
3923.0,7013.766
3924.0,7015.734
3925.0,7017.702
3926.0,7019.67
3927.0,7021.638
3928.0,7023.605
3929.0,7025.573
3930.0,7027.541
3931.0,7029.509
3932.0,7031.477
3933.0,7033.445
3934.0,7035.413
3935.0,7037.381
3936.0,7039.348
3937.0,7041.316
3938.0,7043.284
3939.0,7045.252
3940.0,7047.22
3941.0,7049.188
3942.0,7051.156
3943.0,7053.124
3944.0,7055.092
3945.0,7057.06
3946.0,7059.027
3947.0,7060.995
3948.0,7062.963
3949.0,7064.931
3950.0,7066.899
3951.0,7068.867
3952.0,7070.835
3953.0,7072.802
3954.0,7074.77
3955.0,7076.738
3956.0,7078.706
3957.0,7080.674
3958.0,7082.641
3959.0,7084.609
3960.0,7086.577
3961.0,7088.545
3962.0,7090.513
3963.0,7092.481
3964.0,7094.449
3965.0,7096.417
3966.0,7098.384
3967.0,7100.352
3968.0,7102.32
3969.0,7104.288
3970.0,7106.256
3971.0,7108.224
3972.0,7110.192
3973.0,7112.159
3974.0,7114.127
3975.0,7116.095
3976.0,7118.063
3977.0,7120.031
3978.0,7121.998
3979.0,7123.966
3980.0,7125.934
3981.0,7127.902
3982.0,7129.87
3983.0,7131.838
3984.0,7133.806
3985.0,7135.774
3986.0,7137.741
3987.0,7139.709
3988.0,7141.677
3989.0,7143.645
3990.0,7145.613
3991.0,7147.581
3992.0,7149.549
3993.0,7151.517
3994.0,7153.485
3995.0,7155.453
3996.0,7157.42
3997.0,7159.388
3998.0,7161.356
3999.0,7163.324
4000.0,7165.292
4001.0,7167.26
4002.0,7169.228
4003.0,7171.195
4004.0,7173.163
4005.0,7175.131
4006.0,7177.099
4007.0,7179.067
4008.0,7181.034
4009.0,7183.002
4010.0,7184.97
4011.0,7186.938
4012.0,7188.906
4013.0,7190.874
4014.0,7192.842
4015.0,7194.81
4016.0,7196.777
4017.0,7198.745
4018.0,7200.713
4019.0,7202.681
4020.0,7204.649
4021.0,7206.617
4022.0,7208.585
4023.0,7210.553
4024.0,7212.521
4025.0,7214.489
4026.0,7216.456
4027.0,7218.424
4028.0,7220.392
4029.0,7222.36
4030.0,7224.328
4031.0,7226.296
4032.0,7228.264
4033.0,7230.231
4034.0,7232.199
4035.0,7234.167
4036.0,7236.135
4037.0,7238.103
4038.0,7240.07
4039.0,7242.038
4040.0,7244.006
4041.0,7245.974
4042.0,7247.942
4043.0,7249.91
4044.0,7251.878
4045.0,7253.846
4046.0,7255.813
4047.0,7257.781
4048.0,7259.749
4049.0,7261.717
4050.0,7263.685
4051.0,7265.653
4052.0,7267.621
4053.0,7269.589
4054.0,7271.557
4055.0,7273.525
4056.0,7275.492
4057.0,7277.46
4058.0,7279.428
4059.0,7281.396
4060.0,7283.364
4061.0,7285.332
4062.0,7287.3
4063.0,7289.267
4064.0,7291.235
4065.0,7293.203
4066.0,7295.171
4067.0,7297.139
4068.0,7299.106
4069.0,7301.074
4070.0,7303.042
4071.0,7305.01
4072.0,7306.978
4073.0,7308.946
4074.0,7310.914
4075.0,7312.882
4076.0,7314.849
4077.0,7316.817
4078.0,7318.785
4079.0,7320.753
4080.0,7322.721
4081.0,7324.689
4082.0,7326.657
4083.0,7328.625
4084.0,7330.593
4085.0,7332.561
4086.0,7334.528
4087.0,7336.496
4088.0,7338.464
4089.0,7340.432
4090.0,7342.4
4091.0,7344.368
4092.0,7346.336
4093.0,7348.303
4094.0,7350.271
4095.0,7352.239
4096.0,7354.207
4097.0,7356.175
4098.0,7358.142
4099.0,7360.11
4100.0,7362.078
4101.0,7364.046
4102.0,7366.014
4103.0,7367.982
4104.0,7369.95
4105.0,7371.918
4106.0,7373.885
4107.0,7375.853
4108.0,7377.821
4109.0,7379.789
4110.0,7381.757
4111.0,7383.725
4112.0,7385.693
4113.0,7387.661
4114.0,7389.629
4115.0,7391.597
4116.0,7393.564
4117.0,7395.532
4118.0,7397.5
4119.0,7399.468
4120.0,7401.436
4121.0,7403.404
4122.0,7405.372
4123.0,7407.339
4124.0,7409.307
4125.0,7411.275
4126.0,7413.243
4127.0,7415.211
4128.0,7417.178
4129.0,7419.146
4130.0,7421.114
4131.0,7423.082
4132.0,7425.05
4133.0,7427.018
4134.0,7428.986
4135.0,7430.954
4136.0,7432.921
4137.0,7434.889
4138.0,7436.857
4139.0,7438.825
4140.0,7440.793
4141.0,7442.761
4142.0,7444.729
4143.0,7446.697
4144.0,7448.665
4145.0,7450.633
4146.0,7452.6
4147.0,7454.568
4148.0,7456.536
4149.0,7458.504
4150.0,7460.472
4151.0,7462.44
4152.0,7464.408
4153.0,7466.375
4154.0,7468.343
4155.0,7470.311
4156.0,7472.279
4157.0,7474.247
4158.0,7476.214
4159.0,7478.182
4160.0,7480.15
4161.0,7482.118
4162.0,7484.086
4163.0,7486.054
4164.0,7488.022
4165.0,7489.99
4166.0,7491.957
4167.0,7493.925
4168.0,7495.893
4169.0,7497.861
4170.0,7499.829
4171.0,7501.797
4172.0,7503.765
4173.0,7505.733
4174.0,7507.701
4175.0,7509.669
4176.0,7511.636
4177.0,7513.604
4178.0,7515.572
4179.0,7517.54
4180.0,7519.508
4181.0,7521.476
4182.0,7523.444
4183.0,7525.411
4184.0,7527.379
4185.0,7529.347
4186.0,7531.315
4187.0,7533.283
4188.0,7535.25
4189.0,7537.218
4190.0,7539.186
4191.0,7541.154
4192.0,7543.122
4193.0,7545.09
4194.0,7547.058
4195.0,7549.026
4196.0,7550.993
4197.0,7552.961
4198.0,7554.929
4199.0,7556.897
4200.0,7558.865
4201.0,7560.833
4202.0,7562.801
4203.0,7564.769
4204.0,7566.737
4205.0,7568.705
4206.0,7570.672
4207.0,7572.64
4208.0,7574.608
4209.0,7576.576
4210.0,7578.544
4211.0,7580.512
4212.0,7582.48
4213.0,7584.447
4214.0,7586.415
4215.0,7588.383
4216.0,7590.351
4217.0,7592.319
4218.0,7594.286
4219.0,7596.254
4220.0,7598.222
4221.0,7600.19
4222.0,7602.158
4223.0,7604.126
4224.0,7606.094
4225.0,7608.062
4226.0,7610.029
4227.0,7611.997
4228.0,7613.965
4229.0,7615.933
4230.0,7617.901
4231.0,7619.869
4232.0,7621.837
4233.0,7623.804
4234.0,7625.772
4235.0,7627.74
4236.0,7629.708
4237.0,7631.676
4238.0,7633.643
4239.0,7635.611
4240.0,7637.579
4241.0,7639.547
4242.0,7641.515
4243.0,7643.483
4244.0,7645.451
4245.0,7647.419
4246.0,7649.386
4247.0,7651.354
4248.0,7653.322
4249.0,7655.29
4250.0,7657.258
4251.0,7659.226
4252.0,7661.194
4253.0,7663.162
4254.0,7665.13
4255.0,7667.098
4256.0,7669.065
4257.0,7671.033
4258.0,7673.001
4259.0,7674.969
4260.0,7676.937
4261.0,7678.905
4262.0,7680.873
4263.0,7682.84
4264.0,7684.808
4265.0,7686.776
4266.0,7688.744
4267.0,7690.712
4268.0,7692.679
4269.0,7694.647
4270.0,7696.615
4271.0,7698.583
4272.0,7700.551
4273.0,7702.519
4274.0,7704.487
4275.0,7706.455
4276.0,7708.422
4277.0,7710.39
4278.0,7712.358
4279.0,7714.326
4280.0,7716.294
4281.0,7718.262
4282.0,7720.23
4283.0,7722.198
4284.0,7724.166
4285.0,7726.134
4286.0,7728.101
4287.0,7730.069
4288.0,7732.037
4289.0,7734.005
4290.0,7735.973
4291.0,7737.941
4292.0,7739.909
4293.0,7741.876
4294.0,7743.844
4295.0,7745.812
4296.0,7747.78
4297.0,7749.748
4298.0,7751.715
4299.0,7753.683
4300.0,7755.651
4301.0,7757.619
4302.0,7759.587
4303.0,7761.555
4304.0,7763.523
4305.0,7765.491
4306.0,7767.458
4307.0,7769.426
4308.0,7771.394
4309.0,7773.362
4310.0,7775.33
4311.0,7777.298
4312.0,7779.266
4313.0,7781.234
4314.0,7783.202
4315.0,7785.17
4316.0,7787.137
4317.0,7789.105
4318.0,7791.073
4319.0,7793.041
4320.0,7795.009
4321.0,7796.977
4322.0,7798.945
4323.0,7800.912
4324.0,7802.88
4325.0,7804.848
4326.0,7806.816
4327.0,7808.784
4328.0,7810.751
4329.0,7812.719
4330.0,7814.687
4331.0,7816.655
4332.0,7818.623
4333.0,7820.591
4334.0,7822.559
4335.0,7824.527
4336.0,7826.494
4337.0,7828.462
4338.0,7830.43
4339.0,7832.398
4340.0,7834.366
4341.0,7836.334
4342.0,7838.302
4343.0,7840.27
4344.0,7842.238
4345.0,7844.206
4346.0,7846.173
4347.0,7848.141
4348.0,7850.109
4349.0,7852.077
4350.0,7854.045
4351.0,7856.013
4352.0,7857.981
4353.0,7859.948
4354.0,7861.916
4355.0,7863.884
4356.0,7865.852
4357.0,7867.82
4358.0,7869.787
4359.0,7871.755
4360.0,7873.723
4361.0,7875.691
4362.0,7877.659
4363.0,7879.627
4364.0,7881.595
4365.0,7883.563
4366.0,7885.53
4367.0,7887.498
4368.0,7889.466
4369.0,7891.434
4370.0,7893.402
4371.0,7895.37
4372.0,7897.338
4373.0,7899.306
4374.0,7901.274
4375.0,7903.242
4376.0,7905.209
4377.0,7907.177
4378.0,7909.145
4379.0,7911.113
4380.0,7913.081
4381.0,7915.049
4382.0,7917.017
4383.0,7918.984
4384.0,7920.952
4385.0,7922.92
4386.0,7924.888
4387.0,7926.856
4388.0,7928.823
4389.0,7930.791
4390.0,7932.759
4391.0,7934.727
4392.0,7936.695
4393.0,7938.663
4394.0,7940.631
4395.0,7942.599
4396.0,7944.566
4397.0,7946.534
4398.0,7948.502
4399.0,7950.47
4400.0,7952.438
4401.0,7954.406
4402.0,7956.374
4403.0,7958.342
4404.0,7960.31
4405.0,7962.278
4406.0,7964.245
4407.0,7966.213
4408.0,7968.181
4409.0,7970.149
4410.0,7972.117
4411.0,7974.085
4412.0,7976.053
4413.0,7978.02
4414.0,7979.988
4415.0,7981.956
4416.0,7983.924
4417.0,7985.892
4418.0,7987.859
4419.0,7989.827
4420.0,7991.795
4421.0,7993.763
4422.0,7995.731
4423.0,7997.699
4424.0,7999.667
4425.0,8001.635
4426.0,8003.602
4427.0,8005.57
4428.0,8007.538
4429.0,8009.506
4430.0,8011.474
4431.0,8013.442
4432.0,8015.41
4433.0,8017.378
4434.0,8019.346
4435.0,8021.314
4436.0,8023.281
4437.0,8025.249
4438.0,8027.217
4439.0,8029.185
4440.0,8031.153
4441.0,8033.121
4442.0,8035.089
4443.0,8037.056
4444.0,8039.024
4445.0,8040.992
4446.0,8042.96
4447.0,8044.928
4448.0,8046.895
4449.0,8048.863
4450.0,8050.831
4451.0,8052.799
4452.0,8054.767
4453.0,8056.735
4454.0,8058.703
4455.0,8060.671
4456.0,8062.638
4457.0,8064.606
4458.0,8066.574
4459.0,8068.542
4460.0,8070.51
4461.0,8072.478
4462.0,8074.446
4463.0,8076.414
4464.0,8078.382
4465.0,8080.35
4466.0,8082.317
4467.0,8084.285
4468.0,8086.253
4469.0,8088.221
4470.0,8090.189
4471.0,8092.157
4472.0,8094.125
4473.0,8096.092
4474.0,8098.06
4475.0,8100.028
4476.0,8101.996
4477.0,8103.964
4478.0,8105.931
4479.0,8107.899
4480.0,8109.867
4481.0,8111.835
4482.0,8113.803
4483.0,8115.771
4484.0,8117.739
4485.0,8119.707
4486.0,8121.674
4487.0,8123.642
4488.0,8125.61
4489.0,8127.578
4490.0,8129.546
4491.0,8131.514
4492.0,8133.482
4493.0,8135.449
4494.0,8137.417
4495.0,8139.385
4496.0,8141.353
4497.0,8143.321
4498.0,8145.288
4499.0,8147.256
4500.0,8149.224
4501.0,8151.192
4502.0,8153.16
4503.0,8155.128
4504.0,8157.096
4505.0,8159.064
4506.0,8161.031
4507.0,8162.999
4508.0,8164.967
4509.0,8166.935
4510.0,8168.903
4511.0,8170.871
4512.0,8172.839
4513.0,8174.807
4514.0,8176.775
4515.0,8178.743
4516.0,8180.71
4517.0,8182.678
4518.0,8184.646
4519.0,8186.614
4520.0,8188.582
4521.0,8190.55
4522.0,8192.518
4523.0,8194.485
4524.0,8196.453
4525.0,8198.421
4526.0,8200.389
4527.0,8202.357
4528.0,8204.324
4529.0,8206.292
4530.0,8208.26
4531.0,8210.228
4532.0,8212.196
4533.0,8214.164
4534.0,8216.132
4535.0,8218.1
4536.0,8220.067
4537.0,8222.035
4538.0,8224.003
4539.0,8225.971
4540.0,8227.939
4541.0,8229.907
4542.0,8231.875
4543.0,8233.843
4544.0,8235.811
4545.0,8237.779
4546.0,8239.746
4547.0,8241.714
4548.0,8243.682
4549.0,8245.65
4550.0,8247.618
4551.0,8249.586
4552.0,8251.554
4553.0,8253.521
4554.0,8255.489
4555.0,8257.457
4556.0,8259.425
4557.0,8261.393
4558.0,8263.36
4559.0,8265.328
4560.0,8267.296
4561.0,8269.264
4562.0,8271.232
4563.0,8273.2
4564.0,8275.168
4565.0,8277.136
4566.0,8279.103
4567.0,8281.071
4568.0,8283.039
4569.0,8285.007
4570.0,8286.975
4571.0,8288.943
4572.0,8290.911
4573.0,8292.879
4574.0,8294.847
4575.0,8296.815
4576.0,8298.782
4577.0,8300.75
4578.0,8302.718
4579.0,8304.686
4580.0,8306.654
4581.0,8308.622
4582.0,8310.59
4583.0,8312.557
4584.0,8314.525
4585.0,8316.493
4586.0,8318.461
4587.0,8320.429
4588.0,8322.396
4589.0,8324.364
4590.0,8326.332
4591.0,8328.3
4592.0,8330.268
4593.0,8332.236
4594.0,8334.204
4595.0,8336.172
4596.0,8338.139
4597.0,8340.107
4598.0,8342.075
4599.0,8344.043
4600.0,8346.011
4601.0,8347.979
4602.0,8349.947
4603.0,8351.915
4604.0,8353.883
4605.0,8355.851
4606.0,8357.818
4607.0,8359.786
4608.0,8361.754
4609.0,8363.722
4610.0,8365.69
4611.0,8367.658
4612.0,8369.626
4613.0,8371.593
4614.0,8373.561
4615.0,8375.529
4616.0,8377.497
4617.0,8379.465
4618.0,8381.432
4619.0,8383.4
4620.0,8385.368
4621.0,8387.336
4622.0,8389.304
4623.0,8391.272
4624.0,8393.24
4625.0,8395.208
4626.0,8397.175
4627.0,8399.143
4628.0,8401.111
4629.0,8403.079
4630.0,8405.047
4631.0,8407.015
4632.0,8408.983
4633.0,8410.951
4634.0,8412.919
4635.0,8414.887
4636.0,8416.854
4637.0,8418.822
4638.0,8420.79
4639.0,8422.758
4640.0,8424.726
4641.0,8426.694
4642.0,8428.662
4643.0,8430.629
4644.0,8432.597
4645.0,8434.565
4646.0,8436.533
4647.0,8438.501
4648.0,8440.468
4649.0,8442.436
4650.0,8444.404
4651.0,8446.372
4652.0,8448.34
4653.0,8450.308
4654.0,8452.276
4655.0,8454.244
4656.0,8456.211
4657.0,8458.179
4658.0,8460.147
4659.0,8462.115
4660.0,8464.083
4661.0,8466.051
4662.0,8468.019
4663.0,8469.987
4664.0,8471.955
4665.0,8473.923
4666.0,8475.89
4667.0,8477.858
4668.0,8479.826
4669.0,8481.794
4670.0,8483.762
4671.0,8485.73
4672.0,8487.698
4673.0,8489.665
4674.0,8491.633
4675.0,8493.601
4676.0,8495.569
4677.0,8497.537
4678.0,8499.504
4679.0,8501.472
4680.0,8503.44
4681.0,8505.408
4682.0,8507.376
4683.0,8509.344
4684.0,8511.312
4685.0,8513.28
4686.0,8515.247
4687.0,8517.215
4688.0,8519.183
4689.0,8521.151
4690.0,8523.119
4691.0,8525.087
4692.0,8527.055
4693.0,8529.023
4694.0,8530.991
4695.0,8532.959
4696.0,8534.926
4697.0,8536.894
4698.0,8538.862
4699.0,8540.83
4700.0,8542.798
4701.0,8544.766
4702.0,8546.734
4703.0,8548.701
4704.0,8550.669
4705.0,8552.637
4706.0,8554.605
4707.0,8556.573
4708.0,8558.54
4709.0,8560.508
4710.0,8562.476
4711.0,8564.444
4712.0,8566.412
4713.0,8568.38
4714.0,8570.348
4715.0,8572.316
4716.0,8574.283
4717.0,8576.251
4718.0,8578.219
4719.0,8580.187
4720.0,8582.155
4721.0,8584.123
4722.0,8586.091
4723.0,8588.059
4724.0,8590.027
4725.0,8591.995
4726.0,8593.962
4727.0,8595.93
4728.0,8597.898
4729.0,8599.866
4730.0,8601.834
4731.0,8603.802
4732.0,8605.77
4733.0,8607.737
4734.0,8609.705
4735.0,8611.673
4736.0,8613.641
4737.0,8615.609
4738.0,8617.576
4739.0,8619.544
4740.0,8621.512
4741.0,8623.48
4742.0,8625.448
4743.0,8627.416
4744.0,8629.384
4745.0,8631.352
4746.0,8633.319
4747.0,8635.287
4748.0,8637.255
4749.0,8639.223
4750.0,8641.191
4751.0,8643.159
4752.0,8645.127
4753.0,8647.094
4754.0,8649.062
4755.0,8651.03
4756.0,8652.998
4757.0,8654.966
4758.0,8656.933
4759.0,8658.901
4760.0,8660.869
4761.0,8662.837
4762.0,8664.805
4763.0,8666.773
4764.0,8668.741
4765.0,8670.709
4766.0,8672.676
4767.0,8674.644
4768.0,8676.612
4769.0,8678.58
4770.0,8680.548
4771.0,8682.516
4772.0,8684.484
4773.0,8686.452
4774.0,8688.42
4775.0,8690.388
4776.0,8692.355
4777.0,8694.323
4778.0,8696.291
4779.0,8698.259
4780.0,8700.227
4781.0,8702.195
4782.0,8704.163
4783.0,8706.13
4784.0,8708.098
4785.0,8710.066
4786.0,8712.034
4787.0,8714.002
4788.0,8715.969
4789.0,8717.937
4790.0,8719.905
4791.0,8721.873
4792.0,8723.841
4793.0,8725.809
4794.0,8727.777
4795.0,8729.745
4796.0,8731.712
4797.0,8733.68
4798.0,8735.648
4799.0,8737.616
4800.0,8739.584
4801.0,8741.552
4802.0,8743.52
4803.0,8745.488
4804.0,8747.456
4805.0,8749.424
4806.0,8751.391
4807.0,8753.359
4808.0,8755.327
4809.0,8757.295
4810.0,8759.263
4811.0,8761.231
4812.0,8763.199
4813.0,8765.166
4814.0,8767.134
4815.0,8769.102
4816.0,8771.07
4817.0,8773.038
4818.0,8775.005
4819.0,8776.973
4820.0,8778.941
4821.0,8780.909
4822.0,8782.877
4823.0,8784.845
4824.0,8786.813
4825.0,8788.781
4826.0,8790.748
4827.0,8792.716
4828.0,8794.684
4829.0,8796.652
4830.0,8798.62
4831.0,8800.588
4832.0,8802.556
4833.0,8804.524
4834.0,8806.492
4835.0,8808.46
4836.0,8810.427
4837.0,8812.395
4838.0,8814.363
4839.0,8816.331
4840.0,8818.299
4841.0,8820.267
4842.0,8822.235
4843.0,8824.202
4844.0,8826.17
4845.0,8828.138
4846.0,8830.106
4847.0,8832.074
4848.0,8834.041
4849.0,8836.009
4850.0,8837.977
4851.0,8839.945
4852.0,8841.913
4853.0,8843.881
4854.0,8845.849
4855.0,8847.817
4856.0,8849.784
4857.0,8851.752
4858.0,8853.72
4859.0,8855.688
4860.0,8857.656
4861.0,8859.624
4862.0,8861.592
4863.0,8863.56
4864.0,8865.528
4865.0,8867.496
4866.0,8869.463
4867.0,8871.431
4868.0,8873.399
4869.0,8875.367
4870.0,8877.335
4871.0,8879.303
4872.0,8881.271
4873.0,8883.238
4874.0,8885.206
4875.0,8887.174
4876.0,8889.142
4877.0,8891.11
4878.0,8893.077
4879.0,8895.045
4880.0,8897.013
4881.0,8898.981
4882.0,8900.949
4883.0,8902.917
4884.0,8904.885
4885.0,8906.853
4886.0,8908.82
4887.0,8910.788
4888.0,8912.756
4889.0,8914.724
4890.0,8916.692
4891.0,8918.66
4892.0,8920.628
4893.0,8922.596
4894.0,8924.564
4895.0,8926.532
4896.0,8928.499
4897.0,8930.467
4898.0,8932.435
4899.0,8934.403
4900.0,8936.371
4901.0,8938.339
4902.0,8940.307
4903.0,8942.274
4904.0,8944.242
4905.0,8946.21
4906.0,8948.178
4907.0,8950.146
4908.0,8952.113
4909.0,8954.081
4910.0,8956.049
4911.0,8958.017
4912.0,8959.985
4913.0,8961.953
4914.0,8963.921
4915.0,8965.889
4916.0,8967.856
4917.0,8969.824
4918.0,8971.792
4919.0,8973.76
4920.0,8975.728
4921.0,8977.696
4922.0,8979.664
4923.0,8981.632
4924.0,8983.6
4925.0,8985.568
4926.0,8987.535
4927.0,8989.503
4928.0,8991.471
4929.0,8993.439
4930.0,8995.407
4931.0,8997.375
4932.0,8999.343
4933.0,9001.31
4934.0,9003.278
4935.0,9005.246
4936.0,9007.214
4937.0,9009.182
4938.0,9011.149
4939.0,9013.117
4940.0,9015.085
4941.0,9017.053
4942.0,9019.021
4943.0,9020.989
4944.0,9022.957
4945.0,9024.925
4946.0,9026.892
4947.0,9028.86
4948.0,9030.828
4949.0,9032.796
4950.0,9034.764
4951.0,9036.732
4952.0,9038.7
4953.0,9040.668
4954.0,9042.636
4955.0,9044.604
4956.0,9046.571
4957.0,9048.539
4958.0,9050.507
4959.0,9052.475
4960.0,9054.443
4961.0,9056.411
4962.0,9058.379
4963.0,9060.346
4964.0,9062.314
4965.0,9064.282
4966.0,9066.25
4967.0,9068.218
4968.0,9070.185
4969.0,9072.153
4970.0,9074.121
4971.0,9076.089
4972.0,9078.057
4973.0,9080.025
4974.0,9081.993
4975.0,9083.961
4976.0,9085.928
4977.0,9087.896
4978.0,9089.864
4979.0,9091.832
4980.0,9093.8
4981.0,9095.768
4982.0,9097.736
4983.0,9099.704
4984.0,9101.672
4985.0,9103.64
4986.0,9105.607
4987.0,9107.575
4988.0,9109.543
4989.0,9111.511
4990.0,9113.479
4991.0,9115.447
4992.0,9117.415
4993.0,9119.382
4994.0,9121.35
4995.0,9123.318
4996.0,9125.286
4997.0,9127.254
4998.0,9129.221
4999.0,9131.189
5000.0,9133.157
5001.0,9135.125
5002.0,9137.093
5003.0,9139.061
5004.0,9141.029
5005.0,9142.997
5006.0,9144.964
5007.0,9146.932
5008.0,9148.9
5009.0,9150.868
5010.0,9152.836
5011.0,9154.804
5012.0,9156.772
5013.0,9158.739
5014.0,9160.707
5015.0,9162.675
5016.0,9164.643
5017.0,9166.611
5018.0,9168.578
5019.0,9170.546
5020.0,9172.514
5021.0,9174.482
5022.0,9176.45
5023.0,9178.418
5024.0,9180.386
5025.0,9182.354
5026.0,9184.321
5027.0,9186.289
5028.0,9188.257
5029.0,9190.225
5030.0,9192.193
5031.0,9194.161
5032.0,9196.129
5033.0,9198.097
5034.0,9200.065
5035.0,9202.033
5036.0,9204.0
5037.0,9205.968
5038.0,9207.936
5039.0,9209.904
5040.0,9211.872
5041.0,9213.84
5042.0,9215.808
5043.0,9217.775
5044.0,9219.743
5045.0,9221.711
5046.0,9223.679
5047.0,9225.647
5048.0,9227.614
5049.0,9229.582
5050.0,9231.55
5051.0,9233.518
5052.0,9235.486
5053.0,9237.454
5054.0,9239.422
5055.0,9241.39
5056.0,9243.357
5057.0,9245.325
5058.0,9247.293
5059.0,9249.261
5060.0,9251.229
5061.0,9253.197
5062.0,9255.165
5063.0,9257.133
5064.0,9259.101
5065.0,9261.069
5066.0,9263.036
5067.0,9265.004
5068.0,9266.972
5069.0,9268.94
5070.0,9270.908
5071.0,9272.876
5072.0,9274.844
5073.0,9276.811
5074.0,9278.779
5075.0,9280.747
5076.0,9282.715
5077.0,9284.683
5078.0,9286.65
5079.0,9288.618
5080.0,9290.586
5081.0,9292.554
5082.0,9294.522
5083.0,9296.49
5084.0,9298.458
5085.0,9300.426
5086.0,9302.393
5087.0,9304.361
5088.0,9306.329
5089.0,9308.297
5090.0,9310.265
5091.0,9312.233
5092.0,9314.201
5093.0,9316.169
5094.0,9318.137
5095.0,9320.105
5096.0,9322.072
5097.0,9324.04
5098.0,9326.008
5099.0,9327.976
5100.0,9329.944
5101.0,9331.912
5102.0,9333.88
5103.0,9335.847
5104.0,9337.815
5105.0,9339.783
5106.0,9341.751
5107.0,9343.719
5108.0,9345.686
5109.0,9347.654
5110.0,9349.622
5111.0,9351.59
5112.0,9353.558
5113.0,9355.526
5114.0,9357.494
5115.0,9359.462
5116.0,9361.429
5117.0,9363.397
5118.0,9365.365
5119.0,9367.333
5120.0,9369.301
5121.0,9371.269
5122.0,9373.237
5123.0,9375.205
5124.0,9377.173
5125.0,9379.141
5126.0,9381.108
5127.0,9383.076
5128.0,9385.044
5129.0,9387.012
5130.0,9388.98
5131.0,9390.948
5132.0,9392.916
5133.0,9394.883
5134.0,9396.851
5135.0,9398.819
5136.0,9400.787
5137.0,9402.755
5138.0,9404.722
5139.0,9406.69
5140.0,9408.658
5141.0,9410.626
5142.0,9412.594
5143.0,9414.562
5144.0,9416.53
5145.0,9418.498
5146.0,9420.465
5147.0,9422.433
5148.0,9424.401
5149.0,9426.369
5150.0,9428.337
5151.0,9430.305
5152.0,9432.273
5153.0,9434.241
5154.0,9436.209
5155.0,9438.177
5156.0,9440.144
5157.0,9442.112
5158.0,9444.08
5159.0,9446.048
5160.0,9448.016
5161.0,9449.984
5162.0,9451.952
5163.0,9453.919
5164.0,9455.887
5165.0,9457.855
5166.0,9459.823
5167.0,9461.791
5168.0,9463.758
5169.0,9465.726
5170.0,9467.694
5171.0,9469.662
5172.0,9471.63
5173.0,9473.598
5174.0,9475.566
5175.0,9477.534
5176.0,9479.501
5177.0,9481.469
5178.0,9483.437
5179.0,9485.405
5180.0,9487.373
5181.0,9489.341
5182.0,9491.309
5183.0,9493.277
5184.0,9495.245
5185.0,9497.213
5186.0,9499.18
5187.0,9501.148
5188.0,9503.116
5189.0,9505.084
5190.0,9507.052
5191.0,9509.02
5192.0,9510.988
5193.0,9512.955
5194.0,9514.923
5195.0,9516.891
5196.0,9518.859
5197.0,9520.827
5198.0,9522.794
5199.0,9524.762
5200.0,9526.73
5201.0,9528.698
5202.0,9530.666
5203.0,9532.634
5204.0,9534.602
5205.0,9536.57
5206.0,9538.537
5207.0,9540.505
5208.0,9542.473
5209.0,9544.441
5210.0,9546.409
5211.0,9548.377
5212.0,9550.345
5213.0,9552.313
5214.0,9554.281
5215.0,9556.249
5216.0,9558.216
5217.0,9560.184
5218.0,9562.152
5219.0,9564.12
5220.0,9566.088
5221.0,9568.056
5222.0,9570.024
5223.0,9571.991
5224.0,9573.959
5225.0,9575.927
5226.0,9577.895
5227.0,9579.863
5228.0,9581.83
5229.0,9583.798
5230.0,9585.766
5231.0,9587.734
5232.0,9589.702
5233.0,9591.67
5234.0,9593.638
5235.0,9595.606
5236.0,9597.573
5237.0,9599.541
5238.0,9601.509
5239.0,9603.477
5240.0,9605.445
5241.0,9607.413
5242.0,9609.381
5243.0,9611.349
5244.0,9613.317
5245.0,9615.285
5246.0,9617.252
5247.0,9619.22
5248.0,9621.188
5249.0,9623.156
5250.0,9625.124
5251.0,9627.092
5252.0,9629.06
5253.0,9631.027
5254.0,9632.995
5255.0,9634.963
5256.0,9636.931
5257.0,9638.899
5258.0,9640.866
5259.0,9642.834
5260.0,9644.802
5261.0,9646.77
5262.0,9648.738
5263.0,9650.706
5264.0,9652.674
5265.0,9654.642
5266.0,9656.609
5267.0,9658.577
5268.0,9660.545
5269.0,9662.513
5270.0,9664.481
5271.0,9666.449
5272.0,9668.417
5273.0,9670.385
5274.0,9672.353
5275.0,9674.321
5276.0,9676.288
5277.0,9678.256
5278.0,9680.224
5279.0,9682.192
5280.0,9684.16
5281.0,9686.128
5282.0,9688.096
5283.0,9690.063
5284.0,9692.031
5285.0,9693.999
5286.0,9695.967
5287.0,9697.935
5288.0,9699.902
5289.0,9701.87
5290.0,9703.838
5291.0,9705.806
5292.0,9707.774
5293.0,9709.742
5294.0,9711.71
5295.0,9713.678
5296.0,9715.645
5297.0,9717.613
5298.0,9719.581
5299.0,9721.549
5300.0,9723.517
5301.0,9725.485
5302.0,9727.453
5303.0,9729.42
5304.0,9731.388
5305.0,9733.356
5306.0,9735.324
5307.0,9737.292
5308.0,9739.259
5309.0,9741.227
5310.0,9743.195
5311.0,9745.163
5312.0,9747.131
5313.0,9749.099
5314.0,9751.067
5315.0,9753.035
5316.0,9755.002
5317.0,9756.97
5318.0,9758.938
5319.0,9760.906
5320.0,9762.874
5321.0,9764.842
5322.0,9766.81
5323.0,9768.778
5324.0,9770.746
5325.0,9772.714
5326.0,9774.681
5327.0,9776.649
5328.0,9778.617
5329.0,9780.585
5330.0,9782.553
5331.0,9784.521
5332.0,9786.489
5333.0,9788.456
5334.0,9790.424
5335.0,9792.392
5336.0,9794.36
5337.0,9796.328
5338.0,9798.295
5339.0,9800.263
5340.0,9802.231
5341.0,9804.199
5342.0,9806.167
5343.0,9808.135
5344.0,9810.103
5345.0,9812.071
5346.0,9814.038
5347.0,9816.006
5348.0,9817.974
5349.0,9819.942
5350.0,9821.91
5351.0,9823.878
5352.0,9825.846
5353.0,9827.814
5354.0,9829.782
5355.0,9831.75
5356.0,9833.717
5357.0,9835.685
5358.0,9837.653
5359.0,9839.621
5360.0,9841.589
5361.0,9843.557
5362.0,9845.525
5363.0,9847.492
5364.0,9849.46
5365.0,9851.428
5366.0,9853.396
5367.0,9855.364
5368.0,9857.331
5369.0,9859.299
5370.0,9861.267
5371.0,9863.235
5372.0,9865.203
5373.0,9867.171
5374.0,9869.139
5375.0,9871.107
5376.0,9873.074
5377.0,9875.042
5378.0,9877.01
5379.0,9878.978
5380.0,9880.946
5381.0,9882.914
5382.0,9884.882
5383.0,9886.85
5384.0,9888.818
5385.0,9890.786
5386.0,9892.753
5387.0,9894.721
5388.0,9896.689
5389.0,9898.657
5390.0,9900.625
5391.0,9902.593
5392.0,9904.561
5393.0,9906.528
5394.0,9908.496
5395.0,9910.464
5396.0,9912.432
5397.0,9914.4
5398.0,9916.367
5399.0,9918.335
5400.0,9920.303
5401.0,9922.271
5402.0,9924.239
5403.0,9926.207
5404.0,9928.175
5405.0,9930.143
5406.0,9932.11
5407.0,9934.078
5408.0,9936.046
5409.0,9938.014
5410.0,9939.982
5411.0,9941.95
5412.0,9943.918
5413.0,9945.886
5414.0,9947.854
5415.0,9949.822
5416.0,9951.789
5417.0,9953.757
5418.0,9955.725
5419.0,9957.693
5420.0,9959.661
5421.0,9961.629
5422.0,9963.597
5423.0,9965.564
5424.0,9967.532
5425.0,9969.5
5426.0,9971.468
5427.0,9973.436
5428.0,9975.403
5429.0,9977.371
5430.0,9979.339
5431.0,9981.307
5432.0,9983.275
5433.0,9985.243
5434.0,9987.211
5435.0,9989.179
5436.0,9991.146
5437.0,9993.114
5438.0,9995.082
5439.0,9997.05
5440.0,9999.018
5441.0,10000.986
5442.0,10002.954
5443.0,10004.922
5444.0,10006.89
5445.0,10008.858
5446.0,10010.825
5447.0,10012.793
5448.0,10014.761
5449.0,10016.729
5450.0,10018.697
5451.0,10020.665
5452.0,10022.633
5453.0,10024.6
5454.0,10026.568
5455.0,10028.536
5456.0,10030.504
5457.0,10032.472
5458.0,10034.439
5459.0,10036.407
5460.0,10038.375
5461.0,10040.343
5462.0,10042.311
5463.0,10044.279
5464.0,10046.247
5465.0,10048.215
5466.0,10050.182
5467.0,10052.15
5468.0,10054.118
5469.0,10056.086
5470.0,10058.054
5471.0,10060.022
5472.0,10061.99
5473.0,10063.958
5474.0,10065.926
5475.0,10067.894
5476.0,10069.861
5477.0,10071.829
5478.0,10073.797
5479.0,10075.765
5480.0,10077.733
5481.0,10079.701
5482.0,10081.669
5483.0,10083.636
5484.0,10085.604
5485.0,10087.572
5486.0,10089.54
5487.0,10091.508
5488.0,10093.475
5489.0,10095.443
5490.0,10097.411
5491.0,10099.379
5492.0,10101.347
5493.0,10103.315
5494.0,10105.283
5495.0,10107.251
5496.0,10109.218
5497.0,10111.186
5498.0,10113.154
5499.0,10115.122
5500.0,10117.09
5501.0,10119.058
5502.0,10121.026
5503.0,10122.994
5504.0,10124.962
5505.0,10126.93
5506.0,10128.897
5507.0,10130.865
5508.0,10132.833
5509.0,10134.801
5510.0,10136.769
5511.0,10138.737
5512.0,10140.705
5513.0,10142.672
5514.0,10144.64
5515.0,10146.608
5516.0,10148.576
5517.0,10150.544
5518.0,10152.511
5519.0,10154.479
5520.0,10156.447
5521.0,10158.415
5522.0,10160.383
5523.0,10162.351
5524.0,10164.319
5525.0,10166.287
5526.0,10168.254
5527.0,10170.222
5528.0,10172.19
5529.0,10174.158
5530.0,10176.126
5531.0,10178.094
5532.0,10180.062
5533.0,10182.03
5534.0,10183.998
5535.0,10185.966
5536.0,10187.933
5537.0,10189.901
5538.0,10191.869
5539.0,10193.837
5540.0,10195.805
5541.0,10197.773
5542.0,10199.741
5543.0,10201.708
5544.0,10203.676
5545.0,10205.644
5546.0,10207.612
5547.0,10209.58
5548.0,10211.547
5549.0,10213.515
5550.0,10215.483
5551.0,10217.451
5552.0,10219.419
5553.0,10221.387
5554.0,10223.355
5555.0,10225.323
5556.0,10227.29
5557.0,10229.258
5558.0,10231.226
5559.0,10233.194
5560.0,10235.162
5561.0,10237.13
5562.0,10239.098
5563.0,10241.065
5564.0,10243.033
5565.0,10245.001
5566.0,10246.969
5567.0,10248.937
5568.0,10250.904
5569.0,10252.872
5570.0,10254.84
5571.0,10256.808
5572.0,10258.776
5573.0,10260.744
5574.0,10262.712
5575.0,10264.68
5576.0,10266.647
5577.0,10268.615
5578.0,10270.583
5579.0,10272.551
5580.0,10274.519
5581.0,10276.487
5582.0,10278.455
5583.0,10280.423
5584.0,10282.391
5585.0,10284.359
5586.0,10286.326
5587.0,10288.294
5588.0,10290.262
5589.0,10292.23
5590.0,10294.198
5591.0,10296.166
5592.0,10298.134
5593.0,10300.101
5594.0,10302.069
5595.0,10304.037
5596.0,10306.005
5597.0,10307.973
5598.0,10309.94
5599.0,10311.908
5600.0,10313.876
5601.0,10315.844
5602.0,10317.812
5603.0,10319.78
5604.0,10321.748
5605.0,10323.716
5606.0,10325.683
5607.0,10327.651
5608.0,10329.619
5609.0,10331.587
5610.0,10333.555
5611.0,10335.523
5612.0,10337.491
5613.0,10339.459
5614.0,10341.427
5615.0,10343.395
5616.0,10345.362
5617.0,10347.33
5618.0,10349.298
5619.0,10351.266
5620.0,10353.234
5621.0,10355.202
5622.0,10357.17
5623.0,10359.137
5624.0,10361.105
5625.0,10363.073
5626.0,10365.041
5627.0,10367.009
5628.0,10368.976
5629.0,10370.944
5630.0,10372.912
5631.0,10374.88
5632.0,10376.848
5633.0,10378.816
5634.0,10380.784
5635.0,10382.752
5636.0,10384.719
5637.0,10386.687
5638.0,10388.655
5639.0,10390.623
5640.0,10392.591
5641.0,10394.559
5642.0,10396.527
5643.0,10398.495
5644.0,10400.463
5645.0,10402.431
5646.0,10404.398
5647.0,10406.366
5648.0,10408.334
5649.0,10410.302
5650.0,10412.27
5651.0,10414.238
5652.0,10416.206
5653.0,10418.173
5654.0,10420.141
5655.0,10422.109
5656.0,10424.077
5657.0,10426.045
5658.0,10428.012
5659.0,10429.98
5660.0,10431.948
5661.0,10433.916
5662.0,10435.884
5663.0,10437.852
5664.0,10439.82
5665.0,10441.788
5666.0,10443.755
5667.0,10445.723
5668.0,10447.691
5669.0,10449.659
5670.0,10451.627
5671.0,10453.595
5672.0,10455.563
5673.0,10457.531
5674.0,10459.499
5675.0,10461.467
5676.0,10463.434
5677.0,10465.402
5678.0,10467.37
5679.0,10469.338
5680.0,10471.306
5681.0,10473.274
5682.0,10475.242
5683.0,10477.209
5684.0,10479.177
5685.0,10481.145
5686.0,10483.113
5687.0,10485.081
5688.0,10487.048
5689.0,10489.016
5690.0,10490.984
5691.0,10492.952
5692.0,10494.92
5693.0,10496.888
5694.0,10498.856
5695.0,10500.824
5696.0,10502.791
5697.0,10504.759
5698.0,10506.727
5699.0,10508.695
5700.0,10510.663
5701.0,10512.631
5702.0,10514.599
5703.0,10516.567
5704.0,10518.535
5705.0,10520.503
5706.0,10522.47
5707.0,10524.438
5708.0,10526.406
5709.0,10528.374
5710.0,10530.342
5711.0,10532.31
5712.0,10534.278
5713.0,10536.245
5714.0,10538.213
5715.0,10540.181
5716.0,10542.149
5717.0,10544.117
5718.0,10546.084
5719.0,10548.052
5720.0,10550.02
5721.0,10551.988
5722.0,10553.956
5723.0,10555.924
5724.0,10557.892
5725.0,10559.86
5726.0,10561.827
5727.0,10563.795
5728.0,10565.763
5729.0,10567.731
5730.0,10569.699
5731.0,10571.667
5732.0,10573.635
5733.0,10575.603
5734.0,10577.571
5735.0,10579.539
5736.0,10581.506
5737.0,10583.474
5738.0,10585.442
5739.0,10587.41
5740.0,10589.378
5741.0,10591.346
5742.0,10593.314
5743.0,10595.281
5744.0,10597.249
5745.0,10599.217
5746.0,10601.185
5747.0,10603.153
5748.0,10605.12
5749.0,10607.088
5750.0,10609.056
5751.0,10611.024
5752.0,10612.992
5753.0,10614.96
5754.0,10616.928
5755.0,10618.896
5756.0,10620.863
5757.0,10622.831
5758.0,10624.799
5759.0,10626.767
5760.0,10628.735
5761.0,10630.703
5762.0,10632.671
5763.0,10634.639
5764.0,10636.607
5765.0,10638.575
5766.0,10640.542
5767.0,10642.51
5768.0,10644.478
5769.0,10646.446
5770.0,10648.414
5771.0,10650.382
5772.0,10652.35
5773.0,10654.317
5774.0,10656.285
5775.0,10658.253
5776.0,10660.221
5777.0,10662.189
5778.0,10664.156
5779.0,10666.124
5780.0,10668.092
5781.0,10670.06
5782.0,10672.028
5783.0,10673.996
5784.0,10675.964
5785.0,10677.932
5786.0,10679.899
5787.0,10681.867
5788.0,10683.835
5789.0,10685.803
5790.0,10687.771
5791.0,10689.739
5792.0,10691.707
5793.0,10693.675
5794.0,10695.643
5795.0,10697.611
5796.0,10699.578
5797.0,10701.546
5798.0,10703.514
5799.0,10705.482
5800.0,10707.45
5801.0,10709.418
5802.0,10711.386
5803.0,10713.353
5804.0,10715.321
5805.0,10717.289
5806.0,10719.257
5807.0,10721.225
5808.0,10723.192
5809.0,10725.16
5810.0,10727.128
5811.0,10729.096
5812.0,10731.064
5813.0,10733.032
5814.0,10735.0
5815.0,10736.968
5816.0,10738.935
5817.0,10740.903
5818.0,10742.871
5819.0,10744.839
5820.0,10746.807
5821.0,10748.775
5822.0,10750.743
5823.0,10752.71
5824.0,10754.678
5825.0,10756.646
5826.0,10758.614
5827.0,10760.582
5828.0,10762.549
5829.0,10764.517
5830.0,10766.485
5831.0,10768.453
5832.0,10770.421
5833.0,10772.389
5834.0,10774.357
5835.0,10776.325
5836.0,10778.292
5837.0,10780.26
5838.0,10782.228
5839.0,10784.196
5840.0,10786.164
5841.0,10788.132
5842.0,10790.1
5843.0,10792.068
5844.0,10794.036
5845.0,10796.004
5846.0,10797.971
5847.0,10799.939
5848.0,10801.907
5849.0,10803.875
5850.0,10805.843
5851.0,10807.811
5852.0,10809.779
5853.0,10811.746
5854.0,10813.714
5855.0,10815.682
5856.0,10817.65
5857.0,10819.618
5858.0,10821.585
5859.0,10823.553
5860.0,10825.521
5861.0,10827.489
5862.0,10829.457
5863.0,10831.425
5864.0,10833.393
5865.0,10835.361
5866.0,10837.328
5867.0,10839.296
5868.0,10841.264
5869.0,10843.232
5870.0,10845.2
5871.0,10847.168
5872.0,10849.136
5873.0,10851.104
5874.0,10853.072
5875.0,10855.04
5876.0,10857.007
5877.0,10858.975
5878.0,10860.943
5879.0,10862.911
5880.0,10864.879
5881.0,10866.847
5882.0,10868.815
5883.0,10870.782
5884.0,10872.75
5885.0,10874.718
5886.0,10876.686
5887.0,10878.654
5888.0,10880.621
5889.0,10882.589
5890.0,10884.557
5891.0,10886.525
5892.0,10888.493
5893.0,10890.461
5894.0,10892.429
5895.0,10894.397
5896.0,10896.364
5897.0,10898.332
5898.0,10900.3
5899.0,10902.268
5900.0,10904.236
5901.0,10906.204
5902.0,10908.172
5903.0,10910.14
5904.0,10912.108
5905.0,10914.076
5906.0,10916.043
5907.0,10918.011
5908.0,10919.979
5909.0,10921.947
5910.0,10923.915
5911.0,10925.883
5912.0,10927.851
5913.0,10929.818
5914.0,10931.786
5915.0,10933.754
5916.0,10935.722
5917.0,10937.69
5918.0,10939.657
5919.0,10941.625
5920.0,10943.593
5921.0,10945.561
5922.0,10947.529
5923.0,10949.497
5924.0,10951.465
5925.0,10953.433
5926.0,10955.4
5927.0,10957.368
5928.0,10959.336
5929.0,10961.304
5930.0,10963.272
5931.0,10965.24
5932.0,10967.208
5933.0,10969.176
5934.0,10971.144
5935.0,10973.112
5936.0,10975.079
5937.0,10977.047
5938.0,10979.015
5939.0,10980.983
5940.0,10982.951
5941.0,10984.919
5942.0,10986.887
5943.0,10988.854
5944.0,10990.822
5945.0,10992.79
5946.0,10994.758
5947.0,10996.726
5948.0,10998.693
5949.0,11000.661
5950.0,11002.629
5951.0,11004.597
5952.0,11006.565
5953.0,11008.533
5954.0,11010.501
5955.0,11012.469
5956.0,11014.436
5957.0,11016.404
5958.0,11018.372
5959.0,11020.34
5960.0,11022.308
5961.0,11024.276
5962.0,11026.244
5963.0,11028.212
5964.0,11030.18
5965.0,11032.148
5966.0,11034.115
5967.0,11036.083
5968.0,11038.051
5969.0,11040.019
5970.0,11041.987
5971.0,11043.955
5972.0,11045.923
5973.0,11047.89
5974.0,11049.858
5975.0,11051.826
5976.0,11053.794
5977.0,11055.762
5978.0,11057.729
5979.0,11059.697
5980.0,11061.665
5981.0,11063.633
5982.0,11065.601
5983.0,11067.569
5984.0,11069.537
5985.0,11071.505
5986.0,11073.472
5987.0,11075.44
5988.0,11077.408
5989.0,11079.376
5990.0,11081.344
5991.0,11083.312
5992.0,11085.28
5993.0,11087.248
5994.0,11089.216
5995.0,11091.184
5996.0,11093.151
5997.0,11095.119
5998.0,11097.087
5999.0,11099.055
6000.0,11101.023
6010.0,11120.701
6020.0,11140.38
6030.0,11160.059
6040.0,11179.737
6050.0,11199.416
6060.0,11219.095
6070.0,11238.773
6080.0,11258.452
6090.0,11278.13
6100.0,11297.809
6110.0,11317.488
6120.0,11337.166
6130.0,11356.845
6140.0,11376.524
6150.0,11396.202
6160.0,11415.881
6170.0,11435.56
6180.0,11455.238
6190.0,11474.917
6200.0,11494.596
6210.0,11514.274
6220.0,11533.953
6230.0,11553.632
6240.0,11573.31
6250.0,11592.989
6260.0,11612.668
6270.0,11632.346
6280.0,11652.025
6290.0,11671.704
6300.0,11691.382
6310.0,11711.061
6320.0,11730.74
6330.0,11750.418
6340.0,11770.097
6350.0,11789.775
6360.0,11809.454
6370.0,11829.133
6380.0,11848.811
6390.0,11868.49
6400.0,11888.169
6410.0,11907.847
6420.0,11927.526
6430.0,11947.205
6440.0,11966.883
6450.0,11986.562
6460.0,12006.241
6470.0,12025.919
6480.0,12045.598
6490.0,12065.277
6500.0,12084.955
6510.0,12104.634
6520.0,12124.313
6530.0,12143.991
6540.0,12163.67
6550.0,12183.349
6560.0,12203.027
6570.0,12222.706
6580.0,12242.385
6590.0,12262.063
6600.0,12281.742
6610.0,12301.42
6620.0,12321.099
6630.0,12340.778
6640.0,12360.456
6650.0,12380.135
6660.0,12399.814
6670.0,12419.492
6680.0,12439.171
6690.0,12458.85
6700.0,12478.528
6710.0,12498.207
6720.0,12517.886
6730.0,12537.564
6740.0,12557.243
6750.0,12576.922
6760.0,12596.6
6770.0,12616.279
6780.0,12635.958
6790.0,12655.636
6800.0,12675.315
6810.0,12694.994
6820.0,12714.672
6830.0,12734.351
6840.0,12754.03
6850.0,12773.708
6860.0,12793.387
6870.0,12813.065
6880.0,12832.744
6890.0,12852.423
6900.0,12872.101
6910.0,12891.78
6920.0,12911.459
6930.0,12931.137
6940.0,12950.816
6950.0,12970.495
6960.0,12990.173
6970.0,13009.852
6980.0,13029.531
6990.0,13049.209
7000.0,13068.888
7010.0,13088.567
7020.0,13108.245
7030.0,13127.924
7040.0,13147.603
7050.0,13167.281
7060.0,13186.96
7070.0,13206.639
7080.0,13226.317
7090.0,13245.996
7100.0,13265.675
7110.0,13285.353
7120.0,13305.032
7130.0,13324.71
7140.0,13344.389
7150.0,13364.068
7160.0,13383.746
7170.0,13403.425
7180.0,13423.104
7190.0,13442.782
7200.0,13462.461
7210.0,13482.14
7220.0,13501.818
7230.0,13521.497
7240.0,13541.176
7250.0,13560.854
7260.0,13580.533
7270.0,13600.212
7280.0,13619.89
7290.0,13639.569
7300.0,13659.248
7310.0,13678.926
7320.0,13698.605
7330.0,13718.284
7340.0,13737.962
7350.0,13757.641
7360.0,13777.32
7370.0,13796.998
7380.0,13816.677
7390.0,13836.355
7400.0,13856.034
7410.0,13875.713
7420.0,13895.391
7430.0,13915.07
7440.0,13934.749
7450.0,13954.427
7460.0,13974.106
7470.0,13993.785
7480.0,14013.463
7490.0,14033.142
7500.0,14052.821
7510.0,14072.499
7520.0,14092.178
7530.0,14111.857
7540.0,14131.535
7550.0,14151.214
7560.0,14170.893
7570.0,14190.571
7580.0,14210.25
7590.0,14229.929
7600.0,14249.607
7610.0,14269.286
7620.0,14288.965
7630.0,14308.643
7640.0,14328.322
7650.0,14348.0
7660.0,14367.679
7670.0,14387.358
7680.0,14407.036
7690.0,14426.715
7700.0,14446.394
7710.0,14466.072
7720.0,14485.751
7730.0,14505.43
7740.0,14525.108
7750.0,14544.787
7760.0,14564.466
7770.0,14584.144
7780.0,14603.823
7790.0,14623.502
7800.0,14643.18
7810.0,14662.859
7820.0,14682.538
7830.0,14702.216
7840.0,14721.895
7850.0,14741.574
7860.0,14761.252
7870.0,14780.931
7880.0,14800.61
7890.0,14820.288
7900.0,14839.967
7910.0,14859.645
7920.0,14879.324
7930.0,14899.003
7940.0,14918.681
7950.0,14938.36
7960.0,14958.039
7970.0,14977.717
7980.0,14997.396
7990.0,15017.075
8000.0,15036.753
8010.0,15056.432
8020.0,15076.111
8030.0,15095.789
8040.0,15115.468
8050.0,15135.147
8060.0,15154.825
8070.0,15174.504
8080.0,15194.183
8090.0,15213.861
8100.0,15233.54
8110.0,15253.219
8120.0,15272.897
8130.0,15292.576
8140.0,15312.255
8150.0,15331.933
8160.0,15351.612
8170.0,15371.29
8180.0,15390.969
8190.0,15410.648
8200.0,15430.326
8210.0,15450.005
8220.0,15469.684
8230.0,15489.362
8240.0,15509.041
8250.0,15528.72
8260.0,15548.398
8270.0,15568.077
8280.0,15587.756
8290.0,15607.434
8300.0,15627.113
8310.0,15646.792
8320.0,15666.47
8330.0,15686.149
8340.0,15705.828
8350.0,15725.506
8360.0,15745.185
8370.0,15764.864
8380.0,15784.542
8390.0,15804.221
8400.0,15823.9
8410.0,15843.578
8420.0,15863.257
8430.0,15882.935
8440.0,15902.614
8450.0,15922.293
8460.0,15941.971
8470.0,15961.65
8480.0,15981.329
8490.0,16001.007
8500.0,16020.686
8510.0,16040.365
8520.0,16060.043
8530.0,16079.722
8540.0,16099.401
8550.0,16119.079
8560.0,16138.758
8570.0,16158.437
8580.0,16178.115
8590.0,16197.794
8600.0,16217.473
8610.0,16237.151
8620.0,16256.83
8630.0,16276.509
8640.0,16296.187
8650.0,16315.866
8660.0,16335.545
8670.0,16355.223
8680.0,16374.902
8690.0,16394.58
8700.0,16414.259
8710.0,16433.938
8720.0,16453.616
8730.0,16473.295
8740.0,16492.974
8750.0,16512.652
8760.0,16532.331
8770.0,16552.01
8780.0,16571.688
8790.0,16591.367
8800.0,16611.046
8810.0,16630.724
8820.0,16650.403
8830.0,16670.082
8840.0,16689.76
8850.0,16709.439
8860.0,16729.118
8870.0,16748.796
8880.0,16768.475
8890.0,16788.154
8900.0,16807.832
8910.0,16827.511
8920.0,16847.19
8930.0,16866.868
8940.0,16886.547
8950.0,16906.225
8960.0,16925.904
8970.0,16945.583
8980.0,16965.261
8990.0,16984.94
9000.0,17004.619
9010.0,17024.297
9020.0,17043.976
9030.0,17063.655
9040.0,17083.333
9050.0,17103.012
9060.0,17122.691
9070.0,17142.369
9080.0,17162.048
9090.0,17181.727
9100.0,17201.405
9110.0,17221.084
9120.0,17240.763
9130.0,17260.441
9140.0,17280.12
9150.0,17299.799
9160.0,17319.477
9170.0,17339.156
9180.0,17358.835
9190.0,17378.513
9200.0,17398.192
9210.0,17417.87
9220.0,17437.549
9230.0,17457.228
9240.0,17476.906
9250.0,17496.585
9260.0,17516.264
9270.0,17535.942
9280.0,17555.621
9290.0,17575.3
9300.0,17594.978
9310.0,17614.657
9320.0,17634.336
9330.0,17654.014
9340.0,17673.693
9350.0,17693.372
9360.0,17713.05
9370.0,17732.729
9380.0,17752.408
9390.0,17772.086
9400.0,17791.765
9410.0,17811.444
9420.0,17831.122
9430.0,17850.801
9440.0,17870.48
9450.0,17890.158
9460.0,17909.837
9470.0,17929.515
9480.0,17949.194
9490.0,17968.873
9500.0,17988.551
9510.0,18008.23
9520.0,18027.909
9530.0,18047.587
9540.0,18067.266
9550.0,18086.945
9560.0,18106.623
9570.0,18126.302
9580.0,18145.981
9590.0,18165.659
9600.0,18185.338
9610.0,18205.017
9620.0,18224.695
9630.0,18244.374
9640.0,18264.053
9650.0,18283.731
9660.0,18303.41
9670.0,18323.089
9680.0,18342.767
9690.0,18362.446
9700.0,18382.125
9710.0,18401.803
9720.0,18421.482
9730.0,18441.16
9740.0,18460.839
9750.0,18480.518
9760.0,18500.196
9770.0,18519.875
9780.0,18539.554
9790.0,18559.232
9800.0,18578.911
9810.0,18598.59
9820.0,18618.268
9830.0,18637.947
9840.0,18657.626
9850.0,18677.304
9860.0,18696.983
9870.0,18716.662
9880.0,18736.34
9890.0,18756.019
9900.0,18775.698
9910.0,18795.376
9920.0,18815.055
9930.0,18834.734
9940.0,18854.412
9950.0,18874.091
9960.0,18893.77
9970.0,18913.448
9980.0,18933.127
9990.0,18952.805
10000.0,18972.484
10010.0,18992.163
10020.0,19011.841
10030.0,19031.52
10040.0,19051.199
10050.0,19070.877
10060.0,19090.556
10070.0,19110.235
10080.0,19129.913
10090.0,19149.592
10100.0,19169.271
10110.0,19188.949
10120.0,19208.628
10130.0,19228.307
10140.0,19247.985
10150.0,19267.664
10160.0,19287.343
10170.0,19307.021
10180.0,19326.7
10190.0,19346.379
10200.0,19366.057
10210.0,19385.736
10220.0,19405.415
10230.0,19425.093
10240.0,19444.772
10250.0,19464.45
10260.0,19484.129
10270.0,19503.808
10280.0,19523.486
10290.0,19543.165
10300.0,19562.844
10310.0,19582.522
10320.0,19602.201
10330.0,19621.88
10340.0,19641.558
10350.0,19661.237
10360.0,19680.916
10370.0,19700.594
10380.0,19720.273
10390.0,19739.952
10400.0,19759.63
10410.0,19779.309
10420.0,19798.988
10430.0,19818.666
10440.0,19838.345
10450.0,19858.024
10460.0,19877.702
10470.0,19897.381
10480.0,19917.06
10490.0,19936.738
10500.0,19956.417
10510.0,19976.095
10520.0,19995.774
10530.0,20015.453
10540.0,20035.131
10550.0,20054.81
10560.0,20074.489
10570.0,20094.167
10580.0,20113.846
10590.0,20133.525
10600.0,20153.203
10610.0,20172.882
10620.0,20192.561
10630.0,20212.239
10640.0,20231.918
10650.0,20251.597
10660.0,20271.275
10670.0,20290.954
10680.0,20310.633
10690.0,20330.311
10700.0,20349.99
10710.0,20369.669
10720.0,20389.347
10730.0,20409.026
10740.0,20428.705
10750.0,20448.383
10760.0,20468.062
10770.0,20487.74
10780.0,20507.419
10790.0,20527.098
10800.0,20546.776
10810.0,20566.455
10820.0,20586.134
10830.0,20605.812
10840.0,20625.491
10850.0,20645.17
10860.0,20664.848
10870.0,20684.527
10880.0,20704.206
10890.0,20723.884
10900.0,20743.563
10910.0,20763.242
10920.0,20782.92
10930.0,20802.599
10940.0,20822.278
10950.0,20841.956
10960.0,20861.635
10970.0,20881.314
10980.0,20900.992
10990.0,20920.671
11000.0,20940.35
11010.0,20960.028
11020.0,20979.707
11030.0,20999.385
11040.0,21019.064
11050.0,21038.743
11060.0,21058.421
11070.0,21078.1
11080.0,21097.779
11090.0,21117.457
11100.0,21137.136
11110.0,21156.815
11120.0,21176.493
11130.0,21196.172
11140.0,21215.851
11150.0,21235.529
11160.0,21255.208
11170.0,21274.887
11180.0,21294.565
11190.0,21314.244
11200.0,21333.923
11210.0,21353.601
11220.0,21373.28
11230.0,21392.959
11240.0,21412.637
11250.0,21432.316
11260.0,21451.995
11270.0,21471.673
11280.0,21491.352
11290.0,21511.03
11300.0,21530.709
11310.0,21550.388
11320.0,21570.066
11330.0,21589.745
11340.0,21609.424
11350.0,21629.102
11360.0,21648.781
11370.0,21668.46
11380.0,21688.138
11390.0,21707.817
11400.0,21727.496
11410.0,21747.174
11420.0,21766.853
11430.0,21786.532
11440.0,21806.21
11450.0,21825.889
11460.0,21845.568
11470.0,21865.246
11480.0,21884.925
11490.0,21904.604
11500.0,21924.282
11510.0,21943.961
11520.0,21963.64
11530.0,21983.318
11540.0,22002.997
11550.0,22022.675
11560.0,22042.354
11570.0,22062.033
11580.0,22081.711
11590.0,22101.39
11600.0,22121.069
11610.0,22140.747
11620.0,22160.426
11630.0,22180.105
11640.0,22199.783
11650.0,22219.462
11660.0,22239.141
11670.0,22258.819
11680.0,22278.498
11690.0,22298.177
11700.0,22317.855
11710.0,22337.534
11720.0,22357.213
11730.0,22376.891
11740.0,22396.57
11750.0,22416.249
11760.0,22435.927
11770.0,22455.606
11780.0,22475.285
11790.0,22494.963
11800.0,22514.642
11810.0,22534.32
11820.0,22553.999
11830.0,22573.678
11840.0,22593.356
11850.0,22613.035
11860.0,22632.714
11870.0,22652.392
11880.0,22672.071
11890.0,22691.75
11900.0,22711.428
11910.0,22731.107
11920.0,22750.786
11930.0,22770.464
11940.0,22790.143
11950.0,22809.822
11960.0,22829.5
11970.0,22849.179
11980.0,22868.858
11990.0,22888.536
12000.0,22908.215
12010.0,22927.894
12020.0,22947.572
12030.0,22967.251
12040.0,22986.93
12050.0,23006.608
12060.0,23026.287
12070.0,23045.965
12080.0,23065.644
12090.0,23085.323
12100.0,23105.001
12110.0,23124.68
12120.0,23144.359
12130.0,23164.037
12140.0,23183.716
12150.0,23203.395
12160.0,23223.073
12170.0,23242.752
12180.0,23262.431
12190.0,23282.109
12200.0,23301.788
12210.0,23321.467
12220.0,23341.145
12230.0,23360.824
12240.0,23380.503
12250.0,23400.181
12260.0,23419.86
12270.0,23439.539
12280.0,23459.217
12290.0,23478.896
12300.0,23498.575
12310.0,23518.253
12320.0,23537.932
12330.0,23557.61
12340.0,23577.289
12350.0,23596.968
12360.0,23616.646
12370.0,23636.325
12380.0,23656.004
12390.0,23675.682
12400.0,23695.361
12410.0,23715.04
12420.0,23734.718
12430.0,23754.397
12440.0,23774.076
12450.0,23793.754
12460.0,23813.433
12470.0,23833.112
12480.0,23852.79
12490.0,23872.469
12500.0,23892.148
12510.0,23911.826
12520.0,23931.505
12530.0,23951.184
12540.0,23970.862
12550.0,23990.541
12560.0,24010.22
12570.0,24029.898
12580.0,24049.577
12590.0,24069.255
12600.0,24088.934
12610.0,24108.613
12620.0,24128.291
12630.0,24147.97
12640.0,24167.649
12650.0,24187.327
12660.0,24207.006
12670.0,24226.685
12680.0,24246.363
12690.0,24266.042
12700.0,24285.721
12710.0,24305.399
12720.0,24325.078
12730.0,24344.757
12740.0,24364.435
12750.0,24384.114
12760.0,24403.793
12770.0,24423.471
12780.0,24443.15
12790.0,24462.829
12800.0,24482.507
12810.0,24502.186
12820.0,24521.865
12830.0,24541.543
12840.0,24561.222
12850.0,24580.9
12860.0,24600.579
12870.0,24620.258
12880.0,24639.936
12890.0,24659.615
12900.0,24679.294
12910.0,24698.972
12920.0,24718.651
12930.0,24738.33
12940.0,24758.008
12950.0,24777.687
12960.0,24797.366
12970.0,24817.044
12980.0,24836.723
12990.0,24856.402
13000.0,24876.08
13010.0,24895.759
13020.0,24915.438
13030.0,24935.116
13040.0,24954.795
13050.0,24974.474
13060.0,24994.152
13070.0,25013.831
13080.0,25033.51
13090.0,25053.188
13100.0,25072.867
13110.0,25092.545
13120.0,25112.224
13130.0,25131.903
13140.0,25151.581
13150.0,25171.26
13160.0,25190.939
13170.0,25210.617
13180.0,25230.296
13190.0,25249.975
13200.0,25269.653
13210.0,25289.332
13220.0,25309.011
13230.0,25328.689
13240.0,25348.368
13250.0,25368.047
13260.0,25387.725
13270.0,25407.404
13280.0,25427.083
13290.0,25446.761
13300.0,25466.44
13310.0,25486.119
13320.0,25505.797
13330.0,25525.476
13340.0,25545.155
13350.0,25564.833
13360.0,25584.512
13370.0,25604.19
13380.0,25623.869
13390.0,25643.548
13400.0,25663.226
13410.0,25682.905
13420.0,25702.584
13430.0,25722.262
13440.0,25741.941
13450.0,25761.62
13460.0,25781.298
13470.0,25800.977
13480.0,25820.656
13490.0,25840.334
13500.0,25860.013
13510.0,25879.692
13520.0,25899.37
13530.0,25919.049
13540.0,25938.728
13550.0,25958.406
13560.0,25978.085
13570.0,25997.764
13580.0,26017.442
13590.0,26037.121
13600.0,26056.8
13610.0,26076.478
13620.0,26096.157
13630.0,26115.835
13640.0,26135.514
13650.0,26155.193
13660.0,26174.871
13670.0,26194.55
13680.0,26214.229
13690.0,26233.907
13700.0,26253.586
13710.0,26273.265
13720.0,26292.943
13730.0,26312.622
13740.0,26332.301
13750.0,26351.979
13760.0,26371.658
13770.0,26391.337
13780.0,26411.015
13790.0,26430.694
13800.0,26450.373
13810.0,26470.051
13820.0,26489.73
13830.0,26509.409
13840.0,26529.087
13850.0,26548.766
13860.0,26568.445
13870.0,26588.123
13880.0,26607.802
13890.0,26627.48
13900.0,26647.159
13910.0,26666.838
13920.0,26686.516
13930.0,26706.195
13940.0,26725.874
13950.0,26745.552
13960.0,26765.231
13970.0,26784.91
13980.0,26804.588
13990.0,26824.267
14000.0,26843.946
14010.0,26863.624
14020.0,26883.303
14030.0,26902.982
14040.0,26922.66
14050.0,26942.339
14060.0,26962.018
14070.0,26981.696
14080.0,27001.375
14090.0,27021.054
14100.0,27040.732
14110.0,27060.411
14120.0,27080.09
14130.0,27099.768
14140.0,27119.447
14150.0,27139.125
14160.0,27158.804
14170.0,27178.483
14180.0,27198.161
14190.0,27217.84
14200.0,27237.519
14210.0,27257.197
14220.0,27276.876
14230.0,27296.555
14240.0,27316.233
14250.0,27335.912
14260.0,27355.591
14270.0,27375.269
14280.0,27394.948
14290.0,27414.627
14300.0,27434.305
14310.0,27453.984
14320.0,27473.663
14330.0,27493.341
14340.0,27513.02
14350.0,27532.699
14360.0,27552.377
14370.0,27572.056
14380.0,27591.735
14390.0,27611.413
14400.0,27631.092
14410.0,27650.77
14420.0,27670.449
14430.0,27690.128
14440.0,27709.806
14450.0,27729.485
14460.0,27749.164
14470.0,27768.842
14480.0,27788.521
14490.0,27808.2
14500.0,27827.878
14510.0,27847.557
14520.0,27867.236
14530.0,27886.914
14540.0,27906.593
14550.0,27926.272
14560.0,27945.95
14570.0,27965.629
14580.0,27985.308
14590.0,28004.986
14600.0,28024.665
14610.0,28044.344
14620.0,28064.022
14630.0,28083.701
14640.0,28103.38
14650.0,28123.058
14660.0,28142.737
14670.0,28162.415
14680.0,28182.094
14690.0,28201.773
14700.0,28221.451
14710.0,28241.13
14720.0,28260.809
14730.0,28280.487
14740.0,28300.166
14750.0,28319.845
14760.0,28339.523
14770.0,28359.202
14780.0,28378.881
14790.0,28398.559
14800.0,28418.238
14810.0,28437.917
14820.0,28457.595
14830.0,28477.274
14840.0,28496.953
14850.0,28516.631
14860.0,28536.31
14870.0,28555.989
14880.0,28575.667
14890.0,28595.346
14900.0,28615.025
14910.0,28634.703
14920.0,28654.382
14930.0,28674.06
14940.0,28693.739
14950.0,28713.418
14960.0,28733.096
14970.0,28752.775
14980.0,28772.454
14990.0,28792.132
15000.0,28811.811
15010.0,28831.49
15020.0,28851.168
15030.0,28870.847
15040.0,28890.526
15050.0,28910.204
15060.0,28929.883
15070.0,28949.562
15080.0,28969.24
15090.0,28988.919
15100.0,29008.598
15110.0,29028.276
15120.0,29047.955
15130.0,29067.634
15140.0,29087.312
15150.0,29106.991
15160.0,29126.67
15170.0,29146.348
15180.0,29166.027
15190.0,29185.705
15200.0,29205.384
15210.0,29225.063
15220.0,29244.741
15230.0,29264.42
15240.0,29284.099
15250.0,29303.777
15260.0,29323.456
15270.0,29343.135
15280.0,29362.813
15290.0,29382.492
15300.0,29402.171
15310.0,29421.849
15320.0,29441.528
15330.0,29461.207
15340.0,29480.885
15350.0,29500.564
15360.0,29520.243
15370.0,29539.921
15380.0,29559.6
15390.0,29579.279
15400.0,29598.957
15410.0,29618.636
15420.0,29638.315
15430.0,29657.993
15440.0,29677.672
15450.0,29697.35
15460.0,29717.029
15470.0,29736.708
15480.0,29756.386
15490.0,29776.065
15500.0,29795.744
15510.0,29815.422
15520.0,29835.101
15530.0,29854.78
15540.0,29874.458
15550.0,29894.137
15560.0,29913.816
15570.0,29933.494
15580.0,29953.173
15590.0,29972.852
15600.0,29992.53
15610.0,30012.209
15620.0,30031.888
15630.0,30051.566
15640.0,30071.245
15650.0,30090.924
15660.0,30110.602
15670.0,30130.281
15680.0,30149.96
15690.0,30169.638
15700.0,30189.317
15710.0,30208.995
15720.0,30228.674
15730.0,30248.353
15740.0,30268.031
15750.0,30287.71
15760.0,30307.389
15770.0,30327.067
15780.0,30346.746
15790.0,30366.425
15800.0,30386.103
15810.0,30405.782
15820.0,30425.461
15830.0,30445.139
15840.0,30464.818
15850.0,30484.497
15860.0,30504.175
15870.0,30523.854
15880.0,30543.533
15890.0,30563.211
15900.0,30582.89
15910.0,30602.569
15920.0,30622.247
15930.0,30641.926
15940.0,30661.605
15950.0,30681.283
15960.0,30700.962
15970.0,30720.64
15980.0,30740.319
15990.0,30759.998
16000.0,30779.676
16010.0,30799.355
16020.0,30819.034
16030.0,30838.712
16040.0,30858.391
16050.0,30878.07
16060.0,30897.748
16070.0,30917.427
16080.0,30937.106
16090.0,30956.784
16100.0,30976.463
16110.0,30996.142
16120.0,31015.82
16130.0,31035.499
16140.0,31055.178
16150.0,31074.856
16160.0,31094.535
16170.0,31114.214
16180.0,31133.892
16190.0,31153.571
16200.0,31173.25
16210.0,31192.928
16220.0,31212.607
16230.0,31232.285
16240.0,31251.964
16250.0,31271.643
16260.0,31291.321
16270.0,31311.0
16280.0,31330.679
16290.0,31350.357
16300.0,31370.036
16310.0,31389.715
16320.0,31409.393
16330.0,31429.072
16340.0,31448.751
16350.0,31468.429
16360.0,31488.108
16370.0,31507.787
16380.0,31527.465
16390.0,31547.144
16400.0,31566.823
16410.0,31586.501
16420.0,31606.18
16430.0,31625.859
16440.0,31645.537
16450.0,31665.216
16460.0,31684.895
16470.0,31704.573
16480.0,31724.252
16490.0,31743.93
16500.0,31763.609
16510.0,31783.288
16520.0,31802.966
16530.0,31822.645
16540.0,31842.324
16550.0,31862.002
16560.0,31881.681
16570.0,31901.36
16580.0,31921.038
16590.0,31940.717
16600.0,31960.396
16610.0,31980.074
16620.0,31999.753
16630.0,32019.432
16640.0,32039.11
16650.0,32058.789
16660.0,32078.468
16670.0,32098.146
16680.0,32117.825
16690.0,32137.504
16700.0,32157.182
16710.0,32176.861
16720.0,32196.54
16730.0,32216.218
16740.0,32235.897
16750.0,32255.575
16760.0,32275.254
16770.0,32294.933
16780.0,32314.611
16790.0,32334.29
16800.0,32353.969
16810.0,32373.647
16820.0,32393.326
16830.0,32413.005
16840.0,32432.683
16850.0,32452.362
16860.0,32472.041
16870.0,32491.719
16880.0,32511.398
16890.0,32531.077
16900.0,32550.755
16910.0,32570.434
16920.0,32590.113
16930.0,32609.791
16940.0,32629.47
16950.0,32649.149
16960.0,32668.827
16970.0,32688.506
16980.0,32708.185
16990.0,32727.863
17000.0,32747.542
17010.0,32767.22
17020.0,32786.899
17030.0,32806.578
17040.0,32826.256
17050.0,32845.935
17060.0,32865.614
17070.0,32885.292
17080.0,32904.971
17090.0,32924.65
17100.0,32944.328
17110.0,32964.007
17120.0,32983.686
17130.0,33003.364
17140.0,33023.043
17150.0,33042.722
17160.0,33062.4
17170.0,33082.079
17180.0,33101.758
17190.0,33121.436
17200.0,33141.115
17210.0,33160.794
17220.0,33180.472
17230.0,33200.151
17240.0,33219.83
17250.0,33239.508
17260.0,33259.187
17270.0,33278.865
17280.0,33298.544
17290.0,33318.223
17300.0,33337.901
17310.0,33357.58
17320.0,33377.259
17330.0,33396.937
17340.0,33416.616
17350.0,33436.295
17360.0,33455.973
17370.0,33475.652
17380.0,33495.331
17390.0,33515.009
17400.0,33534.688
17410.0,33554.367
17420.0,33574.045
17430.0,33593.724
17440.0,33613.403
17450.0,33633.081
17460.0,33652.76
17470.0,33672.439
17480.0,33692.117
17490.0,33711.796
17500.0,33731.475
17510.0,33751.153
17520.0,33770.832
17530.0,33790.51
17540.0,33810.189
17550.0,33829.868
17560.0,33849.546
17570.0,33869.225
17580.0,33888.904
17590.0,33908.582
17600.0,33928.261
17610.0,33947.94
17620.0,33967.618
17630.0,33987.297
17640.0,34006.976
17650.0,34026.654
17660.0,34046.333
17670.0,34066.012
17680.0,34085.69
17690.0,34105.369
17700.0,34125.048
17710.0,34144.726
17720.0,34164.405
17730.0,34184.084
17740.0,34203.762
17750.0,34223.441
17760.0,34243.12
17770.0,34262.798
17780.0,34282.477
17790.0,34302.155
17800.0,34321.834
17810.0,34341.513
17820.0,34361.191
17830.0,34380.87
17840.0,34400.549
17850.0,34420.227
17860.0,34439.906
17870.0,34459.585
17880.0,34479.263
17890.0,34498.942
17900.0,34518.621
17910.0,34538.299
17920.0,34557.978
17930.0,34577.657
17940.0,34597.335
17950.0,34617.014
17960.0,34636.693
17970.0,34656.371
17980.0,34676.05
17990.0,34695.729
18000.0,34715.407
18010.0,34735.086
18020.0,34754.765
18030.0,34774.443
18040.0,34794.122
18050.0,34813.8
18060.0,34833.479
18070.0,34853.158
18080.0,34872.836
18090.0,34892.515
18100.0,34912.194
18110.0,34931.872
18120.0,34951.551
18130.0,34971.23
18140.0,34990.908
18150.0,35010.587
18160.0,35030.266
18170.0,35049.944
18180.0,35069.623
18190.0,35089.302
18200.0,35108.98
18210.0,35128.659
18220.0,35148.338
18230.0,35168.016
18240.0,35187.695
18250.0,35207.374
18260.0,35227.052
18270.0,35246.731
18280.0,35266.41
18290.0,35286.088
18300.0,35305.767
18310.0,35325.445
18320.0,35345.124
18330.0,35364.803
18340.0,35384.481
18350.0,35404.16
18360.0,35423.839
18370.0,35443.517
18380.0,35463.196
18390.0,35482.875
18400.0,35502.553
18410.0,35522.232
18420.0,35541.911
18430.0,35561.589
18440.0,35581.268
18450.0,35600.947
18460.0,35620.625
18470.0,35640.304
18480.0,35659.983
18490.0,35679.661
18500.0,35699.34
18510.0,35719.019
18520.0,35738.697
18530.0,35758.376
18540.0,35778.055
18550.0,35797.733
18560.0,35817.412
18570.0,35837.09
18580.0,35856.769
18590.0,35876.448
18600.0,35896.126
18610.0,35915.805
18620.0,35935.484
18630.0,35955.162
18640.0,35974.841
18650.0,35994.52
18660.0,36014.198
18670.0,36033.877
18680.0,36053.556
18690.0,36073.234
18700.0,36092.913
18710.0,36112.592
18720.0,36132.27
18730.0,36151.949
18740.0,36171.628
18750.0,36191.306
18760.0,36210.985
18770.0,36230.664
18780.0,36250.342
18790.0,36270.021
18800.0,36289.7
18810.0,36309.378
18820.0,36329.057
18830.0,36348.735
18840.0,36368.414
18850.0,36388.093
18860.0,36407.771
18870.0,36427.45
18880.0,36447.129
18890.0,36466.807
18900.0,36486.486
18910.0,36506.165
18920.0,36525.843
18930.0,36545.522
18940.0,36565.201
18950.0,36584.879
18960.0,36604.558
18970.0,36624.237
18980.0,36643.915
18990.0,36663.594
19000.0,36683.273
19010.0,36702.951
19020.0,36722.63
19030.0,36742.309
19040.0,36761.987
19050.0,36781.666
19060.0,36801.345
19070.0,36821.023
19080.0,36840.702
19090.0,36860.38
19100.0,36880.059
19110.0,36899.738
19120.0,36919.416
19130.0,36939.087
19140.0,36958.747
19150.0,36978.398
19160.0,36998.039
19170.0,37017.671
19180.0,37037.292
19190.0,37056.903
19200.0,37076.504
19210.0,37096.096
19220.0,37115.677
19230.0,37135.249
19240.0,37154.811
19250.0,37174.363
19260.0,37193.905
19270.0,37213.437
19280.0,37232.959
19290.0,37252.472
19300.0,37271.974
19310.0,37291.466
19320.0,37310.949
19330.0,37330.422
19340.0,37349.884
19350.0,37369.337
19360.0,37388.78
19370.0,37408.214
19380.0,37427.637
19390.0,37447.05
19400.0,37466.454
19410.0,37485.847
19420.0,37505.231
19430.0,37524.604
19440.0,37543.968
19450.0,37563.322
19460.0,37582.666
19470.0,37602.0
19480.0,37621.324
19490.0,37640.639
19500.0,37659.943
19510.0,37679.237
19520.0,37698.522
19530.0,37717.797
19540.0,37737.062
19550.0,37756.317
19560.0,37775.562
19570.0,37794.797
19580.0,37814.022
19590.0,37833.237
19600.0,37852.442
19610.0,37871.638
19620.0,37890.824
19630.0,37909.999
19640.0,37929.165
19650.0,37948.321
19660.0,37967.467
19670.0,37986.603
19680.0,38005.729
19690.0,38024.846
19700.0,38043.952
19710.0,38063.049
19720.0,38082.135
19730.0,38101.212
19740.0,38120.279
19750.0,38139.336
19760.0,38158.383
19770.0,38177.42
19780.0,38196.447
19790.0,38215.464
19800.0,38234.472
19810.0,38253.469
19820.0,38272.457
19830.0,38291.434
19840.0,38310.402
19850.0,38329.36
19860.0,38348.308
19870.0,38367.247
19880.0,38386.175
19890.0,38405.093
19900.0,38424.001
19910.0,38442.9
19920.0,38461.788
19930.0,38480.667
19940.0,38499.536
19950.0,38518.395
19960.0,38537.244
19970.0,38556.083
19980.0,38574.912
19990.0,38593.732
20000.0,38612.541
20010.0,38631.341
20020.0,38650.13
20030.0,38668.91
20040.0,38687.68
20050.0,38706.44
20060.0,38725.189
20070.0,38743.93
20080.0,38762.66
20090.0,38781.38
20100.0,38800.091
20110.0,38818.791
20120.0,38837.482
20130.0,38856.163
20140.0,38874.833
20150.0,38893.494
20160.0,38912.145
20170.0,38930.786
20180.0,38949.417
20190.0,38968.039
20200.0,38986.65
20210.0,39005.252
20220.0,39023.844
20230.0,39042.425
20240.0,39060.997
20250.0,39079.559
20260.0,39098.111
20270.0,39116.653
20280.0,39135.185
20290.0,39153.707
20300.0,39172.22
20310.0,39190.723
20320.0,39209.215
20330.0,39227.698
20340.0,39246.171
20350.0,39264.633
20360.0,39283.087
20370.0,39301.53
20380.0,39319.963
20390.0,39338.386
20400.0,39356.8
20410.0,39375.203
20420.0,39393.597
20430.0,39411.98
20440.0,39430.354
20450.0,39448.718
20460.0,39467.072
20470.0,39485.416
20480.0,39503.751
20490.0,39522.075
20500.0,39540.389
20510.0,39558.694
20520.0,39576.988
20530.0,39595.273
20540.0,39613.548
20550.0,39631.813
20560.0,39650.068
20570.0,39668.313
20580.0,39686.548
20590.0,39704.774
20600.0,39722.989
20610.0,39741.194
20620.0,39759.39
20630.0,39777.576
20640.0,39795.751
20650.0,39813.918
20660.0,39832.074
20670.0,39850.22
20680.0,39868.356
20690.0,39886.482
20700.0,39904.598
20710.0,39922.706
20720.0,39940.802
20730.0,39958.888
20740.0,39976.966
20750.0,39995.032
20760.0,40013.089
20770.0,40031.137
20780.0,40049.174
20790.0,40067.201
20800.0,40085.219
20810.0,40103.226
20820.0,40121.223
20830.0,40139.212
20840.0,40157.189
20850.0,40175.157
20860.0,40193.115
20870.0,40211.063
20880.0,40229.002
20890.0,40246.93
20900.0,40264.848
20910.0,40282.757
20920.0,40300.655
20930.0,40318.544
20940.0,40336.423
20950.0,40354.292
20960.0,40372.151
20970.0,40390.0
20980.0,40407.839
20990.0,40425.668
21000.0,40443.488
21001.0,40445.269
21002.0,40447.05
21003.0,40448.831
21004.0,40450.612
21005.0,40452.393
21006.0,40454.174
21007.0,40455.955
21008.0,40457.736
21009.0,40459.517
21010.0,40461.298
21011.0,40463.078
21012.0,40464.858
21013.0,40466.638
21014.0,40468.418
21015.0,40470.198
21016.0,40471.977
21017.0,40473.757
21018.0,40475.537
21019.0,40477.317
21020.0,40479.097
21021.0,40480.876
21022.0,40482.655
21023.0,40484.434
21024.0,40486.213
21025.0,40487.992
21026.0,40489.771
21027.0,40491.55
21028.0,40493.329
21029.0,40495.108
21030.0,40496.887
21031.0,40498.665
21032.0,40500.443
21033.0,40502.221
21034.0,40503.999
21035.0,40505.777
21036.0,40507.555
21037.0,40509.333
21038.0,40511.111
21039.0,40512.889
21040.0,40514.667
21041.0,40516.444
21042.0,40518.221
21043.0,40519.998
21044.0,40521.775
21045.0,40523.552
21046.0,40525.328
21047.0,40527.105
21048.0,40528.882
21049.0,40530.659
21050.0,40532.436
21051.0,40534.212
21052.0,40535.988
21053.0,40537.764
21054.0,40539.54
21055.0,40541.317
21056.0,40543.093
21057.0,40544.869
21058.0,40546.645
21059.0,40548.421
21060.0,40550.197
21061.0,40551.972
21062.0,40553.747
21063.0,40555.522
21064.0,40557.297
21065.0,40559.072
21066.0,40560.847
21067.0,40562.622
21068.0,40564.397
21069.0,40566.172
21070.0,40567.947
21071.0,40569.721
21072.0,40571.495
21073.0,40573.269
21074.0,40575.043
21075.0,40576.817
21076.0,40578.591
21077.0,40580.365
21078.0,40582.139
21079.0,40583.913
21080.0,40585.687
21081.0,40587.46
21082.0,40589.233
21083.0,40591.006
21084.0,40592.779
21085.0,40594.553
21086.0,40596.326
21087.0,40598.099
21088.0,40599.872
21089.0,40601.645
21090.0,40603.418
21091.0,40605.19
21092.0,40606.962
21093.0,40608.734
21094.0,40610.506
21095.0,40612.278
21096.0,40614.05
21097.0,40615.822
21098.0,40617.594
21099.0,40619.366
21100.0,40621.138
21101.0,40622.909
21102.0,40624.68
21103.0,40626.451
21104.0,40628.222
21105.0,40629.993
21106.0,40631.764
21107.0,40633.535
21108.0,40635.306
21109.0,40637.077
21110.0,40638.848
21111.0,40640.618
21112.0,40642.388
21113.0,40644.158
21114.0,40645.928
21115.0,40647.699
21116.0,40649.469
21117.0,40651.239
21118.0,40653.009
21119.0,40654.779
21120.0,40656.549
21121.0,40658.318
21122.0,40660.087
21123.0,40661.856
21124.0,40663.625
21125.0,40665.395
21126.0,40667.164
21127.0,40668.933
21128.0,40670.702
21129.0,40672.471
21130.0,40674.24
21131.0,40676.008
21132.0,40677.776
21133.0,40679.544
21134.0,40681.312
21135.0,40683.08
21136.0,40684.848
21137.0,40686.616
21138.0,40688.384
21139.0,40690.152
21140.0,40691.92
21141.0,40693.687
21142.0,40695.454
21143.0,40697.222
21144.0,40698.989
21145.0,40700.756
21146.0,40702.523
21147.0,40704.29
21148.0,40706.058
21149.0,40707.825
21150.0,40709.592
21151.0,40711.358
21152.0,40713.124
21153.0,40714.89
21154.0,40716.656
21155.0,40718.422
21156.0,40720.188
21157.0,40721.954
21158.0,40723.72
21159.0,40725.486
21160.0,40727.252
21161.0,40729.017
21162.0,40730.782
21163.0,40732.548
21164.0,40734.313
21165.0,40736.078
21166.0,40737.843
21167.0,40739.608
21168.0,40741.374
21169.0,40743.139
21170.0,40744.904
21171.0,40746.668
21172.0,40748.432
21173.0,40750.196
21174.0,40751.96
21175.0,40753.725
21176.0,40755.489
21177.0,40757.253
21178.0,40759.017
21179.0,40760.781
21180.0,40762.545
21181.0,40764.308
21182.0,40766.071
21183.0,40767.834
21184.0,40769.597
21185.0,40771.361
21186.0,40773.124
21187.0,40774.887
21188.0,40776.65
21189.0,40778.413
21190.0,40780.176
21191.0,40781.938
21192.0,40783.7
21193.0,40785.463
21194.0,40787.225
21195.0,40788.987
21196.0,40790.749
21197.0,40792.511
21198.0,40794.274
21199.0,40796.036
21200.0,40797.798
21201.0,40799.559
21202.0,40801.32
21203.0,40803.081
21204.0,40804.842
21205.0,40806.604
21206.0,40808.365
21207.0,40810.126
21208.0,40811.887
21209.0,40813.648
21210.0,40815.409
21211.0,40817.169
21212.0,40818.929
21213.0,40820.689
21214.0,40822.449
21215.0,40824.21
21216.0,40825.97
21217.0,40827.73
21218.0,40829.49
21219.0,40831.25
21220.0,40833.01
21221.0,40834.769
21222.0,40836.529
21223.0,40838.288
21224.0,40840.047
21225.0,40841.807
21226.0,40843.566
21227.0,40845.325
21228.0,40847.084
21229.0,40848.844
21230.0,40850.603
21231.0,40852.361
21232.0,40854.119
21233.0,40855.877
21234.0,40857.635
21235.0,40859.394
21236.0,40861.152
21237.0,40862.91
21238.0,40864.668
21239.0,40866.426
21240.0,40868.184
21241.0,40869.941
21242.0,40871.698
21243.0,40873.456
21244.0,40875.213
21245.0,40876.97
21246.0,40878.727
21247.0,40880.484
21248.0,40882.242
21249.0,40883.999
21250.0,40885.756
21251.0,40887.512
21252.0,40889.269
21253.0,40891.025
21254.0,40892.781
21255.0,40894.538
21256.0,40896.294
21257.0,40898.05
21258.0,40899.806
21259.0,40901.563
21260.0,40903.319
21261.0,40905.074
21262.0,40906.829
21263.0,40908.584
21264.0,40910.339
21265.0,40912.095
21266.0,40913.85
21267.0,40915.605
21268.0,40917.36
21269.0,40919.115
21270.0,40920.87
21271.0,40922.624
21272.0,40924.378
21273.0,40926.133
21274.0,40927.887
21275.0,40929.641
21276.0,40931.395
21277.0,40933.149
21278.0,40934.904
21279.0,40936.658
21280.0,40938.412
21281.0,40940.165
21282.0,40941.919
21283.0,40943.672
21284.0,40945.425
21285.0,40947.179
21286.0,40948.932
21287.0,40950.685
21288.0,40952.438
21289.0,40954.192
21290.0,40955.945
21291.0,40957.697
21292.0,40959.449
21293.0,40961.202
21294.0,40962.954
21295.0,40964.706
21296.0,40966.458
21297.0,40968.21
21298.0,40969.963
21299.0,40971.715
21300.0,40973.467
21301.0,40975.218
21302.0,40976.97
21303.0,40978.721
21304.0,40980.472
21305.0,40982.224
21306.0,40983.975
21307.0,40985.726
21308.0,40987.477
21309.0,40989.229
21310.0,40990.98
21311.0,40992.73
21312.0,40994.481
21313.0,40996.231
21314.0,40997.981
21315.0,40999.732
21316.0,41001.482
21317.0,41003.232
21318.0,41004.982
21319.0,41006.733
21320.0,41008.483
21321.0,41010.232
21322.0,41011.981
21323.0,41013.731
21324.0,41015.48
21325.0,41017.229
21326.0,41018.978
21327.0,41020.727
21328.0,41022.477
21329.0,41024.226
21330.0,41025.975
21331.0,41027.723
21332.0,41029.472
21333.0,41031.22
21334.0,41032.968
21335.0,41034.717
21336.0,41036.465
21337.0,41038.213
21338.0,41039.961
21339.0,41041.71
21340.0,41043.458
21341.0,41045.205
21342.0,41046.953
21343.0,41048.7
21344.0,41050.447
21345.0,41052.195
21346.0,41053.942
21347.0,41055.689
21348.0,41057.436
21349.0,41059.184
21350.0,41060.931
21351.0,41062.677
21352.0,41064.424
21353.0,41066.17
21354.0,41067.916
21355.0,41069.663
21356.0,41071.409
21357.0,41073.155
21358.0,41074.901
21359.0,41076.648
21360.0,41078.394
21361.0,41080.139
21362.0,41081.885
21363.0,41083.63
21364.0,41085.375
21365.0,41087.121
21366.0,41088.866
21367.0,41090.611
21368.0,41092.356
21369.0,41094.102
21370.0,41095.847
21371.0,41097.591
21372.0,41099.336
21373.0,41101.08
21374.0,41102.825
21375.0,41104.569
21376.0,41106.313
21377.0,41108.058
21378.0,41109.802
21379.0,41111.547
21380.0,41113.291
21381.0,41115.034
21382.0,41116.778
21383.0,41118.521
21384.0,41120.264
21385.0,41122.008
21386.0,41123.751
21387.0,41125.494
21388.0,41127.237
21389.0,41128.981
21390.0,41130.724
21391.0,41132.466
21392.0,41134.209
21393.0,41135.951
21394.0,41137.693
21395.0,41139.436
21396.0,41141.178
21397.0,41142.92
21398.0,41144.662
21399.0,41146.405
21400.0,41148.147
21401.0,41149.888
21402.0,41151.63
21403.0,41153.371
21404.0,41155.113
21405.0,41156.854
21406.0,41158.595
21407.0,41160.337
21408.0,41162.078
21409.0,41163.82
21410.0,41165.561
21411.0,41167.301
21412.0,41169.042
21413.0,41170.782
21414.0,41172.522
21415.0,41174.263
21416.0,41176.003
21417.0,41177.743
21418.0,41179.483
21419.0,41181.224
21420.0,41182.964
21421.0,41184.703
21422.0,41186.443
21423.0,41188.182
21424.0,41189.922
21425.0,41191.661
21426.0,41193.4
21427.0,41195.14
21428.0,41196.879
21429.0,41198.619
21430.0,41200.358
21431.0,41202.096
21432.0,41203.835
21433.0,41205.573
21434.0,41207.312
21435.0,41209.05
21436.0,41210.788
21437.0,41212.527
21438.0,41214.265
21439.0,41216.004
21440.0,41217.742
21441.0,41219.479
21442.0,41221.217
21443.0,41222.954
21444.0,41224.692
21445.0,41226.429
21446.0,41228.166
21447.0,41229.904
21448.0,41231.641
21449.0,41233.379
21450.0,41235.116
21451.0,41236.852
21452.0,41238.589
21453.0,41240.325
21454.0,41242.062
21455.0,41243.798
21456.0,41245.534
21457.0,41247.271
21458.0,41249.007
21459.0,41250.744
21460.0,41252.48
21461.0,41254.215
21462.0,41255.951
21463.0,41257.686
21464.0,41259.422
21465.0,41261.157
21466.0,41262.892
21467.0,41264.628
21468.0,41266.363
21469.0,41268.099
21470.0,41269.834
21471.0,41271.568
21472.0,41273.303
21473.0,41275.037
21474.0,41276.772
21475.0,41278.506
21476.0,41280.24
21477.0,41281.975
21478.0,41283.709
21479.0,41285.444
21480.0,41287.178
21481.0,41288.912
21482.0,41290.645
21483.0,41292.379
21484.0,41294.112
21485.0,41295.846
21486.0,41297.579
21487.0,41299.313
21488.0,41301.046
21489.0,41302.78
21490.0,41304.513
21491.0,41306.245
21492.0,41307.978
21493.0,41309.71
21494.0,41311.443
21495.0,41313.175
21496.0,41314.907
21497.0,41316.64
21498.0,41318.372
21499.0,41320.105
21500.0,41321.837
21501.0,41323.568
21502.0,41325.3
21503.0,41327.031
21504.0,41328.763
21505.0,41330.494
21506.0,41332.225
21507.0,41333.957
21508.0,41335.688
21509.0,41337.42
21510.0,41339.151
21511.0,41340.882
21512.0,41342.612
21513.0,41344.343
21514.0,41346.073
21515.0,41347.804
21516.0,41349.535
21517.0,41351.265
21518.0,41352.996
21519.0,41354.726
21520.0,41356.457
21521.0,41358.186
21522.0,41359.916
21523.0,41361.645
21524.0,41363.375
21525.0,41365.104
21526.0,41366.833
21527.0,41368.563
21528.0,41370.292
21529.0,41372.022
21530.0,41373.751
21531.0,41375.479
21532.0,41377.208
21533.0,41378.936
21534.0,41380.665
21535.0,41382.393
21536.0,41384.121
21537.0,41385.85
21538.0,41387.578
21539.0,41389.307
21540.0,41391.035
21541.0,41392.763
21542.0,41394.49
21543.0,41396.218
21544.0,41397.945
21545.0,41399.673
21546.0,41401.401
21547.0,41403.128
21548.0,41404.856
21549.0,41406.583
21550.0,41408.311
21551.0,41410.038
21552.0,41411.764
21553.0,41413.491
21554.0,41415.217
21555.0,41416.944
21556.0,41418.67
21557.0,41420.397
21558.0,41422.123
21559.0,41423.85
21560.0,41425.576
21561.0,41427.302
21562.0,41429.027
21563.0,41430.753
21564.0,41432.478
21565.0,41434.204
21566.0,41435.929
21567.0,41437.655
21568.0,41439.38
21569.0,41441.106
21570.0,41442.831
21571.0,41444.556
21572.0,41446.28
21573.0,41448.005
21574.0,41449.729
21575.0,41451.454
21576.0,41453.179
21577.0,41454.903
21578.0,41456.628
21579.0,41458.352
21580.0,41460.077
21581.0,41461.8
21582.0,41463.524
21583.0,41465.247
21584.0,41466.971
21585.0,41468.694
21586.0,41470.417
21587.0,41472.141
21588.0,41473.864
21589.0,41475.588
21590.0,41477.311
21591.0,41479.034
21592.0,41480.756
21593.0,41482.479
21594.0,41484.201
21595.0,41485.924
21596.0,41487.646
21597.0,41489.369
21598.0,41491.091
21599.0,41492.814
21600.0,41494.536
21601.0,41496.258
21602.0,41497.979
21603.0,41499.701
21604.0,41501.423
21605.0,41503.145
21606.0,41504.866
21607.0,41506.588
21608.0,41508.31
21609.0,41510.031
21610.0,41511.753
21611.0,41513.474
21612.0,41515.194
21613.0,41516.915
21614.0,41518.635
21615.0,41520.356
21616.0,41522.076
21617.0,41523.797
21618.0,41525.517
21619.0,41527.238
21620.0,41528.958
21621.0,41530.678
21622.0,41532.397
21623.0,41534.117
21624.0,41535.836
21625.0,41537.556
21626.0,41539.275
21627.0,41540.995
21628.0,41542.714
21629.0,41544.434
21630.0,41546.153
21631.0,41547.872
21632.0,41549.59
21633.0,41551.309
21634.0,41553.028
21635.0,41554.747
21636.0,41556.465
21637.0,41558.184
21638.0,41559.903
21639.0,41561.621
21640.0,41563.34
21641.0,41565.058
21642.0,41566.775
21643.0,41568.493
21644.0,41570.21
21645.0,41571.928
21646.0,41573.645
21647.0,41575.363
21648.0,41577.08
21649.0,41578.798
21650.0,41580.515
21651.0,41582.232
21652.0,41583.948
21653.0,41585.665
21654.0,41587.381
21655.0,41589.098
21656.0,41590.815
21657.0,41592.531
21658.0,41594.248
21659.0,41595.964
21660.0,41597.681
21661.0,41599.397
21662.0,41601.112
21663.0,41602.828
21664.0,41604.544
21665.0,41606.26
21666.0,41607.975
21667.0,41609.691
21668.0,41611.407
21669.0,41613.122
21670.0,41614.838
21671.0,41616.553
21672.0,41618.267
21673.0,41619.982
21674.0,41621.696
21675.0,41623.411
21676.0,41625.126
21677.0,41626.84
21678.0,41628.555
21679.0,41630.269
21680.0,41631.984
21681.0,41633.698
21682.0,41635.411
21683.0,41637.125
21684.0,41638.838
21685.0,41640.552
21686.0,41642.266
21687.0,41643.979
21688.0,41645.693
21689.0,41647.406
21690.0,41649.12
21691.0,41650.833
21692.0,41652.545
21693.0,41654.258
21694.0,41655.971
21695.0,41657.684
21696.0,41659.396
21697.0,41661.109
21698.0,41662.822
21699.0,41664.534
21700.0,41666.247
21701.0,41667.959
21702.0,41669.67
21703.0,41671.382
21704.0,41673.093
21705.0,41674.805
21706.0,41676.517
21707.0,41678.228
21708.0,41679.94
21709.0,41681.651
21710.0,41683.363
21711.0,41685.074
21712.0,41686.784
21713.0,41688.495
21714.0,41690.205
21715.0,41691.916
21716.0,41693.627
21717.0,41695.337
21718.0,41697.048
21719.0,41698.758
21720.0,41700.469
21721.0,41702.179
21722.0,41703.889
21723.0,41705.598
21724.0,41707.308
21725.0,41709.018
21726.0,41710.728
21727.0,41712.438
21728.0,41714.147
21729.0,41715.857
21730.0,41717.567
21731.0,41719.276
21732.0,41720.984
21733.0,41722.693
21734.0,41724.401
21735.0,41726.11
21736.0,41727.819
21737.0,41729.527
21738.0,41731.236
21739.0,41732.944
21740.0,41734.653
21741.0,41736.361
21742.0,41738.068
21743.0,41739.776
21744.0,41741.484
21745.0,41743.192
21746.0,41744.899
21747.0,41746.607
21748.0,41748.315
21749.0,41750.022
21750.0,41751.73
21751.0,41753.437
21752.0,41755.144
21753.0,41756.85
21754.0,41758.557
21755.0,41760.264
21756.0,41761.971
21757.0,41763.678
21758.0,41765.384
21759.0,41767.091
21760.0,41768.798
21761.0,41770.504
21762.0,41772.209
21763.0,41773.915
21764.0,41775.62
21765.0,41777.326
21766.0,41779.032
21767.0,41780.737
21768.0,41782.443
21769.0,41784.148
21770.0,41785.854
21771.0,41787.559
21772.0,41789.264
21773.0,41790.968
21774.0,41792.673
21775.0,41794.378
21776.0,41796.083
21777.0,41797.788
21778.0,41799.492
21779.0,41801.197
21780.0,41802.902
21781.0,41804.606
21782.0,41806.309
21783.0,41808.013
21784.0,41809.717
21785.0,41811.421
21786.0,41813.124
21787.0,41814.828
21788.0,41816.532
21789.0,41818.235
21790.0,41819.939
21791.0,41821.642
21792.0,41823.344
21793.0,41825.047
21794.0,41826.75
21795.0,41828.453
21796.0,41830.155
21797.0,41831.858
21798.0,41833.561
21799.0,41835.263
21800.0,41836.966
21801.0,41838.668
21802.0,41840.37
21803.0,41842.072
21804.0,41843.774
21805.0,41845.476
21806.0,41847.177
21807.0,41848.879
21808.0,41850.581
21809.0,41852.283
21810.0,41853.985
21811.0,41855.686
21812.0,41857.386
21813.0,41859.087
21814.0,41860.788
21815.0,41862.489
21816.0,41864.189
21817.0,41865.89
21818.0,41867.591
21819.0,41869.291
21820.0,41870.992
21821.0,41872.692
21822.0,41874.391
21823.0,41876.091
21824.0,41877.791
21825.0,41879.491
21826.0,41881.19
21827.0,41882.89
21828.0,41884.59
21829.0,41886.289
21830.0,41887.989
21831.0,41889.688
21832.0,41891.387
21833.0,41893.086
21834.0,41894.785
21835.0,41896.484
21836.0,41898.182
21837.0,41899.881
21838.0,41901.58
21839.0,41903.279
21840.0,41904.978
21841.0,41906.676
21842.0,41908.373
21843.0,41910.071
21844.0,41911.769
21845.0,41913.467
21846.0,41915.164
21847.0,41916.862
21848.0,41918.56
21849.0,41920.257
21850.0,41921.955
21851.0,41923.652
21852.0,41925.349
21853.0,41927.045
21854.0,41928.742
21855.0,41930.439
21856.0,41932.136
21857.0,41933.833
21858.0,41935.529
21859.0,41937.226
21860.0,41938.923
21861.0,41940.619
21862.0,41942.315
21863.0,41944.011
21864.0,41945.707
21865.0,41947.403
21866.0,41949.098
21867.0,41950.794
21868.0,41952.49
21869.0,41954.186
21870.0,41955.882
21871.0,41957.577
21872.0,41959.272
21873.0,41960.966
21874.0,41962.661
21875.0,41964.356
21876.0,41966.051
21877.0,41967.746
21878.0,41969.44
21879.0,41971.135
21880.0,41972.83
21881.0,41974.524
21882.0,41976.218
21883.0,41977.911
21884.0,41979.605
21885.0,41981.299
21886.0,41982.993
21887.0,41984.687
21888.0,41986.38
21889.0,41988.074
21890.0,41989.768
21891.0,41991.461
21892.0,41993.154
21893.0,41994.847
21894.0,41996.54
21895.0,41998.233
21896.0,41999.925
21897.0,42001.618
21898.0,42003.311
21899.0,42005.004
21900.0,42006.697
21901.0,42008.389
21902.0,42010.081
21903.0,42011.772
21904.0,42013.464
21905.0,42015.156
21906.0,42016.848
21907.0,42018.54
21908.0,42020.231
21909.0,42021.923
21910.0,42023.615
21911.0,42025.306
21912.0,42026.997
21913.0,42028.687
21914.0,42030.378
21915.0,42032.069
21916.0,42033.76
21917.0,42035.451
21918.0,42037.141
21919.0,42038.832
21920.0,42040.523
21921.0,42042.213
21922.0,42043.903
21923.0,42045.593
21924.0,42047.283
21925.0,42048.973
21926.0,42050.663
21927.0,42052.353
21928.0,42054.043
21929.0,42055.733
21930.0,42057.423
21931.0,42059.112
21932.0,42060.801
21933.0,42062.489
21934.0,42064.178
21935.0,42065.867
21936.0,42067.556
21937.0,42069.245
21938.0,42070.933
21939.0,42072.622
21940.0,42074.311
21941.0,42075.999
21942.0,42077.687
21943.0,42079.375
21944.0,42081.063
21945.0,42082.751
21946.0,42084.438
21947.0,42086.126
21948.0,42087.814
21949.0,42089.502
21950.0,42091.19
21951.0,42092.877
21952.0,42094.564
21953.0,42096.251
21954.0,42097.938
21955.0,42099.625
21956.0,42101.312
21957.0,42102.999
21958.0,42104.686
21959.0,42106.373
21960.0,42108.06
21961.0,42109.746
21962.0,42111.432
21963.0,42113.117
21964.0,42114.803
21965.0,42116.489
21966.0,42118.175
21967.0,42119.861
21968.0,42121.546
21969.0,42123.232
21970.0,42124.918
21971.0,42126.603
21972.0,42128.288
21973.0,42129.973
21974.0,42131.658
21975.0,42133.343
21976.0,42135.027
21977.0,42136.712
21978.0,42138.397
21979.0,42140.082
21980.0,42141.767
21981.0,42143.451
21982.0,42145.135
21983.0,42146.819
21984.0,42148.503
21985.0,42150.187
21986.0,42151.871
21987.0,42153.555
21988.0,42155.239
21989.0,42156.923
21990.0,42158.607
21991.0,42160.29
21992.0,42161.973
21993.0,42163.656
21994.0,42165.339
21995.0,42167.022
21996.0,42168.704
21997.0,42170.387
21998.0,42172.07
21999.0,42173.753
22000.0,42175.436
22001.0,42177.118
22002.0,42178.8
22003.0,42180.482
22004.0,42182.164
22005.0,42183.846
22006.0,42185.527
22007.0,42187.209
22008.0,42188.891
22009.0,42190.573
22010.0,42192.255
22011.0,42193.936
22012.0,42195.617
22013.0,42197.298
22014.0,42198.979
22015.0,42200.661
22016.0,42202.342
22017.0,42204.023
22018.0,42205.704
22019.0,42207.385
22020.0,42209.066
22021.0,42210.746
22022.0,42212.426
22023.0,42214.106
22024.0,42215.786
22025.0,42217.466
22026.0,42219.145
22027.0,42220.825
22028.0,42222.505
22029.0,42224.185
22030.0,42225.865
22031.0,42227.544
22032.0,42229.223
22033.0,42230.902
22034.0,42232.581
22035.0,42234.26
22036.0,42235.938
22037.0,42237.617
22038.0,42239.296
22039.0,42240.975
22040.0,42242.654
22041.0,42244.332
22042.0,42246.01
22043.0,42247.688
22044.0,42249.366
22045.0,42251.045
22046.0,42252.723
22047.0,42254.401
22048.0,42256.079
22049.0,42257.757
22050.0,42259.435
22051.0,42261.112
22052.0,42262.789
22053.0,42264.466
22054.0,42266.143
22055.0,42267.82
22056.0,42269.497
22057.0,42271.174
22058.0,42272.851
22059.0,42274.528
22060.0,42276.205
22061.0,42277.881
22062.0,42279.557
22063.0,42281.233
22064.0,42282.909
22065.0,42284.586
22066.0,42286.262
22067.0,42287.938
22068.0,42289.614
22069.0,42291.29
22070.0,42292.966
22071.0,42294.641
22072.0,42296.316
22073.0,42297.991
22074.0,42299.666
22075.0,42301.341
22076.0,42303.016
22077.0,42304.691
22078.0,42306.366
22079.0,42308.041
22080.0,42309.716
22081.0,42311.39
22082.0,42313.064
22083.0,42314.738
22084.0,42316.412
22085.0,42318.086
22086.0,42319.76
22087.0,42321.434
22088.0,42323.108
22089.0,42324.782
22090.0,42326.456
22091.0,42328.129
22092.0,42329.802
22093.0,42331.475
22094.0,42333.148
22095.0,42334.822
22096.0,42336.495
22097.0,42338.168
22098.0,42339.841
22099.0,42341.514
22100.0,42343.187
22101.0,42344.859
22102.0,42346.531
22103.0,42348.203
22104.0,42349.875
22105.0,42351.547
22106.0,42353.219
22107.0,42354.891
22108.0,42356.563
22109.0,42358.235
22110.0,42359.907
22111.0,42361.578
22112.0,42363.249
22113.0,42364.92
22114.0,42366.591
22115.0,42368.262
22116.0,42369.933
22117.0,42371.604
22118.0,42373.275
22119.0,42374.946
22120.0,42376.617
22121.0,42378.287
22122.0,42379.957
22123.0,42381.628
22124.0,42383.298
22125.0,42384.968
22126.0,42386.638
22127.0,42388.308
22128.0,42389.979
22129.0,42391.649
22130.0,42393.319
22131.0,42394.988
22132.0,42396.657
22133.0,42398.326
22134.0,42399.995
22135.0,42401.664
22136.0,42403.333
22137.0,42405.002
22138.0,42406.671
22139.0,42408.34
22140.0,42410.009
22141.0,42411.677
22142.0,42413.345
22143.0,42415.013
22144.0,42416.681
22145.0,42418.35
22146.0,42420.018
22147.0,42421.686
22148.0,42423.354
22149.0,42425.022
22150.0,42426.69
22151.0,42428.357
22152.0,42430.024
22153.0,42431.692
22154.0,42433.359
22155.0,42435.026
22156.0,42436.693
22157.0,42438.36
22158.0,42440.028
22159.0,42441.695
22160.0,42443.362
22161.0,42445.028
22162.0,42446.694
22163.0,42448.36
22164.0,42450.026
22165.0,42451.692
22166.0,42453.358
22167.0,42455.024
22168.0,42456.69
22169.0,42458.356
22170.0,42460.022
22171.0,42461.687
22172.0,42463.352
22173.0,42465.017
22174.0,42466.682
22175.0,42468.348
22176.0,42470.013
22177.0,42471.678
22178.0,42473.343
22179.0,42475.008
22180.0,42476.673
22181.0,42478.337
22182.0,42480.001
22183.0,42481.666
22184.0,42483.33
22185.0,42484.994
22186.0,42486.658
22187.0,42488.322
22188.0,42489.987
22189.0,42491.651
22190.0,42493.315
22191.0,42494.978
22192.0,42496.641
22193.0,42498.304
22194.0,42499.967
22195.0,42501.631
22196.0,42503.294
22197.0,42504.957
22198.0,42506.62
22199.0,42508.283
22200.0,42509.946
22201.0,42511.608
22202.0,42513.27
22203.0,42514.932
22204.0,42516.594
22205.0,42518.257
22206.0,42519.919
22207.0,42521.581
22208.0,42523.243
22209.0,42524.905
22210.0,42526.567
22211.0,42528.228
22212.0,42529.89
22213.0,42531.551
22214.0,42533.212
22215.0,42534.874
22216.0,42536.535
22217.0,42538.196
22218.0,42539.857
22219.0,42541.519
22220.0,42543.18
22221.0,42544.84
22222.0,42546.5
22223.0,42548.16
22224.0,42549.82
22225.0,42551.481
22226.0,42553.141
22227.0,42554.801
22228.0,42556.461
22229.0,42558.121
22230.0,42559.781
22231.0,42561.44
22232.0,42563.099
22233.0,42564.758
22234.0,42566.417
22235.0,42568.077
22236.0,42569.736
22237.0,42571.395
22238.0,42573.054
22239.0,42574.713
22240.0,42576.372
22241.0,42578.03
22242.0,42579.689
22243.0,42581.347
22244.0,42583.005
22245.0,42584.664
22246.0,42586.322
22247.0,42587.98
22248.0,42589.638
22249.0,42591.297
22250.0,42592.955
22251.0,42594.612
22252.0,42596.269
22253.0,42597.927
22254.0,42599.584
22255.0,42601.241
22256.0,42602.898
22257.0,42604.555
22258.0,42606.213
22259.0,42607.87
22260.0,42609.527
22261.0,42611.183
22262.0,42612.839
22263.0,42614.496
22264.0,42616.152
22265.0,42617.808
22266.0,42619.464
22267.0,42621.12
22268.0,42622.777
22269.0,42624.433
22270.0,42626.089
22271.0,42627.744
22272.0,42629.4
22273.0,42631.055
22274.0,42632.71
22275.0,42634.366
22276.0,42636.021
22277.0,42637.676
22278.0,42639.331
22279.0,42640.987
22280.0,42642.642
22281.0,42644.296
22282.0,42645.95
22283.0,42647.605
22284.0,42649.259
22285.0,42650.913
22286.0,42652.567
22287.0,42654.221
22288.0,42655.876
22289.0,42657.53
22290.0,42659.184
22291.0,42660.837
22292.0,42662.49
22293.0,42664.144
22294.0,42665.797
22295.0,42667.45
22296.0,42669.103
22297.0,42670.756
22298.0,42672.41
22299.0,42674.063
22300.0,42675.716
22301.0,42677.368
22302.0,42679.021
22303.0,42680.673
22304.0,42682.325
22305.0,42683.978
22306.0,42685.63
22307.0,42687.282
22308.0,42688.934
22309.0,42690.587
22310.0,42692.239
22311.0,42693.89
22312.0,42695.541
22313.0,42697.193
22314.0,42698.844
22315.0,42700.495
22316.0,42702.146
22317.0,42703.797
22318.0,42705.449
22319.0,42707.1
22320.0,42708.751
22321.0,42710.401
22322.0,42712.051
22323.0,42713.702
22324.0,42715.352
22325.0,42717.002
22326.0,42718.652
22327.0,42720.302
22328.0,42721.953
22329.0,42723.603
22330.0,42725.253
22331.0,42726.902
22332.0,42728.552
22333.0,42730.201
22334.0,42731.851
22335.0,42733.5
22336.0,42735.149
22337.0,42736.799
22338.0,42738.448
22339.0,42740.098
22340.0,42741.747
22341.0,42743.395
22342.0,42745.044
22343.0,42746.692
22344.0,42748.34
22345.0,42749.989
22346.0,42751.637
22347.0,42753.285
22348.0,42754.933
22349.0,42756.582
22350.0,42758.23
22351.0,42759.877
22352.0,42761.525
22353.0,42763.172
22354.0,42764.82
22355.0,42766.467
22356.0,42768.114
22357.0,42769.762
22358.0,42771.409
22359.0,42773.057
22360.0,42774.704
22361.0,42776.35
22362.0,42777.996
22363.0,42779.643
22364.0,42781.289
22365.0,42782.935
22366.0,42784.581
22367.0,42786.227
22368.0,42787.874
22369.0,42789.52
22370.0,42791.166
22371.0,42792.811
22372.0,42794.457
22373.0,42796.102
22374.0,42797.747
22375.0,42799.393
22376.0,42801.038
22377.0,42802.683
22378.0,42804.328
22379.0,42805.974
22380.0,42807.619
22381.0,42809.263
22382.0,42810.908
22383.0,42812.552
22384.0,42814.197
22385.0,42815.841
22386.0,42817.485
22387.0,42819.13
22388.0,42820.774
22389.0,42822.419
22390.0,42824.063
22391.0,42825.706
22392.0,42827.35
22393.0,42828.993
22394.0,42830.636
22395.0,42832.28
22396.0,42833.923
22397.0,42835.566
22398.0,42837.209
22399.0,42838.853
22400.0,42840.496
22401.0,42842.138
22402.0,42843.781
22403.0,42845.423
22404.0,42847.065
22405.0,42848.708
22406.0,42850.35
22407.0,42851.992
22408.0,42853.634
22409.0,42855.277
22410.0,42856.919
22411.0,42858.561
22412.0,42860.202
22413.0,42861.844
22414.0,42863.485
22415.0,42865.127
22416.0,42866.768
22417.0,42868.41
22418.0,42870.051
22419.0,42871.693
22420.0,42873.334
22421.0,42874.974
22422.0,42876.615
22423.0,42878.255
22424.0,42879.895
22425.0,42881.536
22426.0,42883.176
22427.0,42884.816
22428.0,42886.456
22429.0,42888.097
22430.0,42889.737
22431.0,42891.376
22432.0,42893.016
22433.0,42894.655
22434.0,42896.295
22435.0,42897.934
22436.0,42899.573
22437.0,42901.213
22438.0,42902.852
22439.0,42904.492
22440.0,42906.131
22441.0,42907.77
22442.0,42909.408
22443.0,42911.047
22444.0,42912.685
22445.0,42914.324
22446.0,42915.962
22447.0,42917.601
22448.0,42919.239
22449.0,42920.878
22450.0,42922.516
22451.0,42924.153
22452.0,42925.791
22453.0,42927.428
22454.0,42929.065
22455.0,42930.703
22456.0,42932.34
22457.0,42933.977
22458.0,42935.614
22459.0,42937.252
22460.0,42938.889
22461.0,42940.525
22462.0,42942.162
22463.0,42943.798
22464.0,42945.435
22465.0,42947.071
22466.0,42948.707
22467.0,42950.344
22468.0,42951.98
22469.0,42953.617
22470.0,42955.253
22471.0,42956.889
22472.0,42958.524
22473.0,42960.16
22474.0,42961.795
22475.0,42963.431
22476.0,42965.066
22477.0,42966.702
22478.0,42968.337
22479.0,42969.973
22480.0,42971.608
22481.0,42973.242
22482.0,42974.877
22483.0,42976.511
22484.0,42978.146
22485.0,42979.78
22486.0,42981.414
22487.0,42983.049
22488.0,42984.683
22489.0,42986.318
22490.0,42987.952
22491.0,42989.585
22492.0,42991.219
22493.0,42992.852
22494.0,42994.486
22495.0,42996.119
22496.0,42997.752
22497.0,42999.386
22498.0,43001.019
22499.0,43002.653
22500.0,43004.286
22501.0,43005.919
22502.0,43007.551
22503.0,43009.184
22504.0,43010.816
22505.0,43012.449
22506.0,43014.081
22507.0,43015.714
22508.0,43017.346
22509.0,43018.979
22510.0,43020.611
22511.0,43022.242
22512.0,43023.874
22513.0,43025.505
22514.0,43027.137
22515.0,43028.768
22516.0,43030.399
22517.0,43032.031
22518.0,43033.662
22519.0,43035.294
22520.0,43036.925
22521.0,43038.555
22522.0,43040.186
22523.0,43041.816
22524.0,43043.447
22525.0,43045.077
22526.0,43046.707
22527.0,43048.338
22528.0,43049.968
22529.0,43051.599
22530.0,43053.229
22531.0,43054.859
22532.0,43056.488
22533.0,43058.118
22534.0,43059.747
22535.0,43061.377
22536.0,43063.007
22537.0,43064.636
22538.0,43066.266
22539.0,43067.895
22540.0,43069.525
22541.0,43071.154
22542.0,43072.782
22543.0,43074.411
22544.0,43076.039
22545.0,43077.668
22546.0,43079.296
22547.0,43080.925
22548.0,43082.553
22549.0,43084.182
22550.0,43085.81
22551.0,43087.437
22552.0,43089.065
22553.0,43090.692
22554.0,43092.32
22555.0,43093.947
22556.0,43095.574
22557.0,43097.202
22558.0,43098.829
22559.0,43100.457
22560.0,43102.084
22561.0,43103.711
22562.0,43105.337
22563.0,43106.964
22564.0,43108.591
22565.0,43110.218
22566.0,43111.844
22567.0,43113.471
22568.0,43115.098
22569.0,43116.724
22570.0,43118.351
22571.0,43119.976
22572.0,43121.602
22573.0,43123.227
22574.0,43124.853
22575.0,43126.478
22576.0,43128.103
22577.0,43129.729
22578.0,43131.354
22579.0,43132.98
22580.0,43134.605
22581.0,43136.23
22582.0,43137.854
22583.0,43139.479
22584.0,43141.103
22585.0,43142.728
22586.0,43144.352
22587.0,43145.977
22588.0,43147.601
22589.0,43149.226
22590.0,43150.85
22591.0,43152.474
22592.0,43154.097
22593.0,43155.721
22594.0,43157.345
22595.0,43158.969
22596.0,43160.592
22597.0,43162.216
22598.0,43163.84
22599.0,43165.463
22600.0,43167.087
22601.0,43168.709
22602.0,43170.332
22603.0,43171.954
22604.0,43173.577
22605.0,43175.199
22606.0,43176.821
22607.0,43178.444
22608.0,43180.066
22609.0,43181.689
22610.0,43183.311
22611.0,43184.933
22612.0,43186.554
22613.0,43188.176
22614.0,43189.797
22615.0,43191.419
22616.0,43193.041
22617.0,43194.662
22618.0,43196.284
22619.0,43197.905
22620.0,43199.527
22621.0,43201.148
22622.0,43202.768
22623.0,43204.389
22624.0,43206.009
22625.0,43207.63
22626.0,43209.251
22627.0,43210.871
22628.0,43212.492
22629.0,43214.112
22630.0,43215.733
22631.0,43217.353
22632.0,43218.972
22633.0,43220.592
22634.0,43222.211
22635.0,43223.831
22636.0,43225.451
22637.0,43227.07
22638.0,43228.69
22639.0,43230.309
22640.0,43231.929
22641.0,43233.548
22642.0,43235.166
22643.0,43236.785
22644.0,43238.403
22645.0,43240.022
22646.0,43241.64
22647.0,43243.259
22648.0,43244.877
22649.0,43246.496
22650.0,43248.114
22651.0,43249.732
22652.0,43251.349
22653.0,43252.967
22654.0,43254.585
22655.0,43256.203
22656.0,43257.82
22657.0,43259.438
22658.0,43261.056
22659.0,43262.673
22660.0,43264.291
22661.0,43265.908
22662.0,43267.524
22663.0,43269.141
22664.0,43270.757
22665.0,43272.374
22666.0,43273.991
22667.0,43275.607
22668.0,43277.224
22669.0,43278.84
22670.0,43280.457
22671.0,43282.073
22672.0,43283.688
22673.0,43285.304
22674.0,43286.92
22675.0,43288.536
22676.0,43290.151
22677.0,43291.767
22678.0,43293.383
22679.0,43294.998
22680.0,43296.614
22681.0,43298.229
22682.0,43299.843
22683.0,43301.458
22684.0,43303.072
22685.0,43304.687
22686.0,43306.302
22687.0,43307.916
22688.0,43309.531
22689.0,43311.145
22690.0,43312.76
22691.0,43314.374
22692.0,43315.987
22693.0,43317.601
22694.0,43319.214
22695.0,43320.828
22696.0,43322.442
22697.0,43324.055
22698.0,43325.669
22699.0,43327.282
22700.0,43328.896
22701.0,43330.509
22702.0,43332.121
22703.0,43333.734
22704.0,43335.347
22705.0,43336.96
22706.0,43338.572
22707.0,43340.185
22708.0,43341.798
22709.0,43343.41
22710.0,43345.023
22711.0,43346.635
22712.0,43348.246
22713.0,43349.858
22714.0,43351.47
22715.0,43353.082
22716.0,43354.693
22717.0,43356.305
22718.0,43357.917
22719.0,43359.528
22720.0,43361.14
22721.0,43362.751
22722.0,43364.361
22723.0,43365.972
22724.0,43367.582
22725.0,43369.193
22726.0,43370.804
22727.0,43372.414
22728.0,43374.025
22729.0,43375.635
22730.0,43377.246
22731.0,43378.856
22732.0,43380.466
22733.0,43382.075
22734.0,43383.685
22735.0,43385.295
22736.0,43386.905
22737.0,43388.515
22738.0,43390.124
22739.0,43391.734
22740.0,43393.344
22741.0,43394.953
22742.0,43396.561
22743.0,43398.17
22744.0,43399.778
22745.0,43401.387
22746.0,43402.996
22747.0,43404.604
22748.0,43406.213
22749.0,43407.821
22750.0,43409.43
22751.0,43411.038
22752.0,43412.645
22753.0,43414.253
22754.0,43415.86
22755.0,43417.468
22756.0,43419.076
22757.0,43420.683
22758.0,43422.291
22759.0,43423.898
22760.0,43425.506
22761.0,43427.113
22762.0,43428.72
22763.0,43430.327
22764.0,43431.934
22765.0,43433.541
22766.0,43435.147
22767.0,43436.754
22768.0,43438.361
22769.0,43439.968
22770.0,43441.575
22771.0,43443.181
22772.0,43444.786
22773.0,43446.392
22774.0,43447.997
22775.0,43449.603
22776.0,43451.209
22777.0,43452.814
22778.0,43454.42
22779.0,43456.025
22780.0,43457.631
22781.0,43459.236
22782.0,43460.84
22783.0,43462.445
22784.0,43464.05
22785.0,43465.655
22786.0,43467.259
22787.0,43468.864
22788.0,43470.469
22789.0,43472.073
22790.0,43473.678
22791.0,43475.282
22792.0,43476.886
22793.0,43478.49
22794.0,43480.094
22795.0,43481.698
22796.0,43483.301
22797.0,43484.905
22798.0,43486.509
22799.0,43488.113
22800.0,43489.717
22801.0,43491.32
22802.0,43492.922
22803.0,43494.525
22804.0,43496.128
22805.0,43497.731
22806.0,43499.333
22807.0,43500.936
22808.0,43502.539
22809.0,43504.141
22810.0,43505.744
22811.0,43507.346
22812.0,43508.947
22813.0,43510.549
22814.0,43512.151
22815.0,43513.753
22816.0,43515.354
22817.0,43516.956
22818.0,43518.558
22819.0,43520.159
22820.0,43521.761
22821.0,43523.362
22822.0,43524.963
22823.0,43526.564
22824.0,43528.165
22825.0,43529.766
22826.0,43531.366
22827.0,43532.967
22828.0,43534.568
22829.0,43536.169
22830.0,43537.77
22831.0,43539.37
22832.0,43540.969
22833.0,43542.569
22834.0,43544.169
22835.0,43545.769
22836.0,43547.368
22837.0,43548.968
22838.0,43550.568
22839.0,43552.167
22840.0,43553.767
22841.0,43555.366
22842.0,43556.964
22843.0,43558.563
22844.0,43560.162
22845.0,43561.761
22846.0,43563.359
22847.0,43564.958
22848.0,43566.557
22849.0,43568.155
22850.0,43569.754
22851.0,43571.352
22852.0,43572.95
22853.0,43574.548
22854.0,43576.146
22855.0,43577.744
22856.0,43579.341
22857.0,43580.939
22858.0,43582.537
22859.0,43584.135
22860.0,43585.733
22861.0,43587.33
22862.0,43588.927
22863.0,43590.523
22864.0,43592.12
22865.0,43593.717
22866.0,43595.314
22867.0,43596.911
22868.0,43598.507
22869.0,43600.104
22870.0,43601.701
22871.0,43603.297
22872.0,43604.893
22873.0,43606.488
22874.0,43608.084
22875.0,43609.68
22876.0,43611.276
22877.0,43612.872
22878.0,43614.467
22879.0,43616.063
22880.0,43617.659
22881.0,43619.254
22882.0,43620.849
22883.0,43622.444
22884.0,43624.039
22885.0,43625.634
22886.0,43627.228
22887.0,43628.823
22888.0,43630.418
22889.0,43632.013
22890.0,43633.608
22891.0,43635.202
22892.0,43636.796
22893.0,43638.389
22894.0,43639.983
22895.0,43641.577
22896.0,43643.171
22897.0,43644.765
22898.0,43646.358
22899.0,43647.952
22900.0,43649.546
22901.0,43651.139
22902.0,43652.732
22903.0,43654.324
22904.0,43655.917
22905.0,43657.51
22906.0,43659.103
22907.0,43660.696
22908.0,43662.288
22909.0,43663.881
22910.0,43665.474
22911.0,43667.066
22912.0,43668.658
22913.0,43670.25
22914.0,43671.842
22915.0,43673.434
22916.0,43675.026
22917.0,43676.618
22918.0,43678.21
22919.0,43679.802
22920.0,43681.394
22921.0,43682.985
22922.0,43684.576
22923.0,43686.166
22924.0,43687.757
22925.0,43689.348
22926.0,43690.939
22927.0,43692.53
22928.0,43694.12
22929.0,43695.711
22930.0,43697.302
22931.0,43698.892
22932.0,43700.482
22933.0,43702.071
22934.0,43703.661
22935.0,43705.251
22936.0,43706.841
22937.0,43708.431
22938.0,43710.02
22939.0,43711.61
22940.0,43713.2
22941.0,43714.789
22942.0,43716.378
22943.0,43717.967
22944.0,43719.556
22945.0,43721.145
22946.0,43722.734
22947.0,43724.323
22948.0,43725.912
22949.0,43727.501
22950.0,43729.09
22951.0,43730.678
22952.0,43732.266
22953.0,43733.854
22954.0,43735.442
22955.0,43737.03
22956.0,43738.617
22957.0,43740.205
22958.0,43741.793
22959.0,43743.381
22960.0,43744.969
22961.0,43746.556
22962.0,43748.143
22963.0,43749.73
22964.0,43751.317
22965.0,43752.904
22966.0,43754.491
22967.0,43756.078
22968.0,43757.665
22969.0,43759.252
22970.0,43760.839
22971.0,43762.425
22972.0,43764.011
22973.0,43765.597
22974.0,43767.183
22975.0,43768.769
22976.0,43770.354
22977.0,43771.94
22978.0,43773.526
22979.0,43775.112
22980.0,43776.698
22981.0,43778.283
22982.0,43779.868
22983.0,43781.452
22984.0,43783.037
22985.0,43784.622
22986.0,43786.207
22987.0,43787.792
22988.0,43789.376
22989.0,43790.961
22990.0,43792.546
22991.0,43794.13
22992.0,43795.714
22993.0,43797.298
22994.0,43798.882
22995.0,43800.467
22996.0,43802.051
22997.0,43803.635
22998.0,43805.219
22999.0,43806.803
23000.0,43808.387
23001.0,43809.97
23002.0,43811.553
23003.0,43813.136
23004.0,43814.719
23005.0,43816.302
23006.0,43817.884
23007.0,43819.467
23008.0,43821.05
23009.0,43822.633
23010.0,43824.216
23011.0,43825.798
23012.0,43827.38
23013.0,43828.962
23014.0,43830.544
23015.0,43832.126
23016.0,43833.707
23017.0,43835.289
23018.0,43836.871
23019.0,43838.453
23020.0,43840.035
23021.0,43841.616
23022.0,43843.197
23023.0,43844.778
23024.0,43846.359
23025.0,43847.941
23026.0,43849.522
23027.0,43851.103
23028.0,43852.684
23029.0,43854.265
23030.0,43855.846
23031.0,43857.426
23032.0,43859.006
23033.0,43860.586
23034.0,43862.166
23035.0,43863.746
23036.0,43865.325
23037.0,43866.905
23038.0,43868.485
23039.0,43870.065
23040.0,43871.645
23041.0,43873.224
23042.0,43874.803
23043.0,43876.382
23044.0,43877.961
23045.0,43879.54
23046.0,43881.119
23047.0,43882.698
23048.0,43884.277
23049.0,43885.856
23050.0,43887.435
23051.0,43889.013
23052.0,43890.591
23053.0,43892.169
23054.0,43893.747
23055.0,43895.326
23056.0,43896.904
23057.0,43898.482
23058.0,43900.06
23059.0,43901.638
23060.0,43903.216
23061.0,43904.793
23062.0,43906.37
23063.0,43907.947
23064.0,43909.524
23065.0,43911.101
23066.0,43912.677
23067.0,43914.254
23068.0,43915.831
23069.0,43917.408
23070.0,43918.985
23071.0,43920.561
23072.0,43922.137
23073.0,43923.713
23074.0,43925.289
23075.0,43926.865
23076.0,43928.441
23077.0,43930.017
23078.0,43931.593
23079.0,43933.169
23080.0,43934.745
23081.0,43936.32
23082.0,43937.895
23083.0,43939.471
23084.0,43941.046
23085.0,43942.621
23086.0,43944.196
23087.0,43945.771
23088.0,43947.347
23089.0,43948.922
23090.0,43950.497
23091.0,43952.071
23092.0,43953.645
23093.0,43955.219
23094.0,43956.793
23095.0,43958.367
23096.0,43959.94
23097.0,43961.514
23098.0,43963.088
23099.0,43964.662
23100.0,43966.236
23101.0,43967.809
23102.0,43969.382
23103.0,43970.955
23104.0,43972.528
23105.0,43974.101
23106.0,43975.674
23107.0,43977.247
23108.0,43978.82
23109.0,43980.393
23110.0,43981.966
23111.0,43983.538
23112.0,43985.11
23113.0,43986.683
23114.0,43988.255
23115.0,43989.827
23116.0,43991.399
23117.0,43992.971
23118.0,43994.544
23119.0,43996.116
23120.0,43997.688
23121.0,43999.259
23122.0,44000.83
23123.0,44002.401
23124.0,44003.972
23125.0,44005.543
23126.0,44007.114
23127.0,44008.685
23128.0,44010.256
23129.0,44011.827
23130.0,44013.398
23131.0,44014.968
23132.0,44016.538
23133.0,44018.108
23134.0,44019.678
23135.0,44021.248
23136.0,44022.818
23137.0,44024.388
23138.0,44025.958
23139.0,44027.528
23140.0,44029.098
23141.0,44030.667
23142.0,44032.237
23143.0,44033.806
23144.0,44035.375
23145.0,44036.945
23146.0,44038.514
23147.0,44040.083
23148.0,44041.652
23149.0,44043.222
23150.0,44044.791
23151.0,44046.359
23152.0,44047.927
23153.0,44049.495
23154.0,44051.063
23155.0,44052.631
23156.0,44054.199
23157.0,44055.767
23158.0,44057.335
23159.0,44058.903
23160.0,44060.471
23161.0,44062.038
23162.0,44063.605
23163.0,44065.172
23164.0,44066.739
23165.0,44068.307
23166.0,44069.874
23167.0,44071.441
23168.0,44073.008
23169.0,44074.575
23170.0,44076.142
23171.0,44077.708
23172.0,44079.274
23173.0,44080.841
23174.0,44082.407
23175.0,44083.973
23176.0,44085.539
23177.0,44087.105
23178.0,44088.672
23179.0,44090.238
23180.0,44091.804
23181.0,44093.369
23182.0,44094.934
23183.0,44096.499
23184.0,44098.064
23185.0,44099.63
23186.0,44101.195
23187.0,44102.76
23188.0,44104.325
23189.0,44105.89
23190.0,44107.455
23191.0,44109.019
23192.0,44110.583
23193.0,44112.147
23194.0,44113.711
23195.0,44115.276
23196.0,44116.84
23197.0,44118.404
23198.0,44119.968
23199.0,44121.532
23200.0,44123.096
23201.0,44124.659
23202.0,44126.222
23203.0,44127.786
23204.0,44129.349
23205.0,44130.912
23206.0,44132.475
23207.0,44134.038
23208.0,44135.602
23209.0,44137.165
23210.0,44138.728
23211.0,44140.29
23212.0,44141.852
23213.0,44143.414
23214.0,44144.976
23215.0,44146.539
23216.0,44148.101
23217.0,44149.663
23218.0,44151.225
23219.0,44152.787
23220.0,44154.349
23221.0,44155.91
23222.0,44157.471
23223.0,44159.032
23224.0,44160.593
23225.0,44162.155
23226.0,44163.716
23227.0,44165.277
23228.0,44166.838
23229.0,44168.399
23230.0,44169.96
23231.0,44171.52
23232.0,44173.081
23233.0,44174.641
23234.0,44176.202
23235.0,44177.762
23236.0,44179.322
23237.0,44180.883
23238.0,44182.443
23239.0,44184.004
23240.0,44185.564
23241.0,44187.123
23242.0,44188.682
23243.0,44190.241
23244.0,44191.8
23245.0,44193.36
23246.0,44194.919
23247.0,44196.478
23248.0,44198.037
23249.0,44199.596
23250.0,44201.155
23251.0,44202.713
23252.0,44204.271
23253.0,44205.829
23254.0,44207.387
23255.0,44208.946
23256.0,44210.504
23257.0,44212.062
23258.0,44213.62
23259.0,44215.178
23260.0,44216.736
23261.0,44218.293
23262.0,44219.851
23263.0,44221.408
23264.0,44222.966
23265.0,44224.523
23266.0,44226.08
23267.0,44227.638
23268.0,44229.195
23269.0,44230.753
23270.0,44232.31
23271.0,44233.866
23272.0,44235.422
23273.0,44236.978
23274.0,44238.534
23275.0,44240.091
23276.0,44241.647
23277.0,44243.203
23278.0,44244.759
23279.0,44246.315
23280.0,44247.871
23281.0,44249.426
23282.0,44250.982
23283.0,44252.537
23284.0,44254.093
23285.0,44255.648
23286.0,44257.203
23287.0,44258.759
23288.0,44260.314
23289.0,44261.87
23290.0,44263.425
23291.0,44264.979
23292.0,44266.533
23293.0,44268.088
23294.0,44269.642
23295.0,44271.196
23296.0,44272.75
23297.0,44274.304
23298.0,44275.859
23299.0,44277.413
23300.0,44278.967
23301.0,44280.52
23302.0,44282.073
23303.0,44283.627
23304.0,44285.18
23305.0,44286.733
23306.0,44288.286
23307.0,44289.839
23308.0,44291.393
23309.0,44292.946
23310.0,44294.499
23311.0,44296.051
23312.0,44297.604
23313.0,44299.156
23314.0,44300.709
23315.0,44302.261
23316.0,44303.813
23317.0,44305.366
23318.0,44306.918
23319.0,44308.471
23320.0,44310.023
23321.0,44311.574
23322.0,44313.125
23323.0,44314.677
23324.0,44316.228
23325.0,44317.779
23326.0,44319.33
23327.0,44320.881
23328.0,44322.433
23329.0,44323.984
23330.0,44325.535
23331.0,44327.085
23332.0,44328.635
23333.0,44330.186
23334.0,44331.736
23335.0,44333.286
23336.0,44334.836
23337.0,44336.386
23338.0,44337.937
23339.0,44339.487
23340.0,44341.037
23341.0,44342.586
23342.0,44344.136
23343.0,44345.685
23344.0,44347.235
23345.0,44348.784
23346.0,44350.333
23347.0,44351.883
23348.0,44353.432
23349.0,44354.982
23350.0,44356.531
23351.0,44358.079
23352.0,44359.627
23353.0,44361.176
23354.0,44362.724
23355.0,44364.272
23356.0,44365.82
23357.0,44367.368
23358.0,44368.917
23359.0,44370.465
23360.0,44372.013
23361.0,44373.56
23362.0,44375.108
23363.0,44376.655
23364.0,44378.202
23365.0,44379.75
23366.0,44381.297
23367.0,44382.844
23368.0,44384.391
23369.0,44385.939
23370.0,44387.486
23371.0,44389.033
23372.0,44390.579
23373.0,44392.126
23374.0,44393.672
23375.0,44395.219
23376.0,44396.765
23377.0,44398.312
23378.0,44399.858
23379.0,44401.405
23380.0,44402.951
23381.0,44404.496
23382.0,44406.041
23383.0,44407.587
23384.0,44409.132
23385.0,44410.677
23386.0,44412.222
23387.0,44413.767
23388.0,44415.313
23389.0,44416.858
23390.0,44418.403
23391.0,44419.947
23392.0,44421.492
23393.0,44423.036
23394.0,44424.58
23395.0,44426.125
23396.0,44427.669
23397.0,44429.213
23398.0,44430.757
23399.0,44432.302
23400.0,44433.846
23401.0,44435.39
23402.0,44436.933
23403.0,44438.477
23404.0,44440.02
23405.0,44441.564
23406.0,44443.107
23407.0,44444.651
23408.0,44446.194
23409.0,44447.738
23410.0,44449.281
23411.0,44450.823
23412.0,44452.366
23413.0,44453.908
23414.0,44455.45
23415.0,44456.993
23416.0,44458.535
23417.0,44460.077
23418.0,44461.619
23419.0,44463.162
23420.0,44464.704
23421.0,44466.245
23422.0,44467.787
23423.0,44469.328
23424.0,44470.869
23425.0,44472.411
23426.0,44473.952
23427.0,44475.493
23428.0,44477.034
23429.0,44478.576
23430.0,44480.117
23431.0,44481.658
23432.0,44483.198
23433.0,44484.739
23434.0,44486.279
23435.0,44487.82
23436.0,44489.36
23437.0,44490.901
23438.0,44492.441
23439.0,44493.982
23440.0,44495.522
23441.0,44497.061
23442.0,44498.601
23443.0,44500.14
23444.0,44501.679
23445.0,44503.219
23446.0,44504.758
23447.0,44506.297
23448.0,44507.836
23449.0,44509.376
23450.0,44510.915
23451.0,44512.453
23452.0,44513.992
23453.0,44515.53
23454.0,44517.069
23455.0,44518.607
23456.0,44520.145
23457.0,44521.684
23458.0,44523.222
23459.0,44524.761
23460.0,44526.299
23461.0,44527.837
23462.0,44529.374
23463.0,44530.912
23464.0,44532.449
23465.0,44533.987
23466.0,44535.524
23467.0,44537.062
23468.0,44538.599
23469.0,44540.137
23470.0,44541.674
23471.0,44543.21
23472.0,44544.747
23473.0,44546.283
23474.0,44547.82
23475.0,44549.356
23476.0,44550.892
23477.0,44552.429
23478.0,44553.965
23479.0,44555.502
23480.0,44557.038
23481.0,44558.573
23482.0,44560.109
23483.0,44561.644
23484.0,44563.179
23485.0,44564.715
23486.0,44566.25
23487.0,44567.785
23488.0,44569.32
23489.0,44570.856
23490.0,44572.391
23491.0,44573.926
23492.0,44575.46
23493.0,44576.995
23494.0,44578.529
23495.0,44580.064
23496.0,44581.599
23497.0,44583.133
23498.0,44584.668
23499.0,44586.202
23500.0,44587.737
23501.0,44589.27
23502.0,44590.804
23503.0,44592.337
23504.0,44593.871
23505.0,44595.404
23506.0,44596.937
23507.0,44598.471
23508.0,44600.004
23509.0,44601.538
23510.0,44603.071
23511.0,44604.603
23512.0,44606.136
23513.0,44607.668
23514.0,44609.201
23515.0,44610.733
23516.0,44612.265
23517.0,44613.798
23518.0,44615.33
23519.0,44616.863
23520.0,44618.395
23521.0,44619.927
23522.0,44621.458
23523.0,44622.99
23524.0,44624.521
23525.0,44626.053
23526.0,44627.585
23527.0,44629.116
23528.0,44630.648
23529.0,44632.179
23530.0,44633.711
23531.0,44635.241
23532.0,44636.772
23533.0,44638.302
23534.0,44639.833
23535.0,44641.363
23536.0,44642.893
23537.0,44644.424
23538.0,44645.954
23539.0,44647.485
23540.0,44649.015
23541.0,44650.544
23542.0,44652.074
23543.0,44653.603
23544.0,44655.133
23545.0,44656.662
23546.0,44658.191
23547.0,44659.721
23548.0,44661.25
23549.0,44662.78
23550.0,44664.309
23551.0,44665.838
23552.0,44667.366
23553.0,44668.895
23554.0,44670.424
23555.0,44671.953
23556.0,44673.481
23557.0,44675.01
23558.0,44676.539
23559.0,44678.067
23560.0,44679.596
23561.0,44681.123
23562.0,44682.651
23563.0,44684.178
23564.0,44685.706
23565.0,44687.233
23566.0,44688.76
23567.0,44690.288
23568.0,44691.815
23569.0,44693.343
23570.0,44694.87
23571.0,44696.397
23572.0,44697.923
23573.0,44699.45
23574.0,44700.977
23575.0,44702.504
23576.0,44704.03
23577.0,44705.557
23578.0,44707.084
23579.0,44708.61
23580.0,44710.137
23581.0,44711.663
23582.0,44713.188
23583.0,44714.714
23584.0,44716.239
23585.0,44717.765
23586.0,44719.29
23587.0,44720.816
23588.0,44722.341
23589.0,44723.867
23590.0,44725.392
23591.0,44726.916
23592.0,44728.441
23593.0,44729.965
23594.0,44731.49
23595.0,44733.014
23596.0,44734.538
23597.0,44736.063
23598.0,44737.587
23599.0,44739.112
23600.0,44740.636
23601.0,44742.16
23602.0,44743.683
23603.0,44745.207
23604.0,44746.731
23605.0,44748.255
23606.0,44749.778
23607.0,44751.302
23608.0,44752.826
23609.0,44754.349
23610.0,44755.873
23611.0,44757.396
23612.0,44758.918
23613.0,44760.441
23614.0,44761.963
23615.0,44763.486
23616.0,44765.008
23617.0,44766.531
23618.0,44768.053
23619.0,44769.576
23620.0,44771.098
23621.0,44772.62
23622.0,44774.141
23623.0,44775.663
23624.0,44777.184
23625.0,44778.706
23626.0,44780.227
23627.0,44781.749
23628.0,44783.27
23629.0,44784.792
23630.0,44786.313
23631.0,44787.834
23632.0,44789.355
23633.0,44790.875
23634.0,44792.396
23635.0,44793.917
23636.0,44795.438
23637.0,44796.959
23638.0,44798.479
23639.0,44800.0
23640.0,44801.521
23641.0,44803.041
23642.0,44804.56
23643.0,44806.08
23644.0,44807.599
23645.0,44809.119
23646.0,44810.638
23647.0,44812.158
23648.0,44813.677
23649.0,44815.197
23650.0,44816.716
23651.0,44818.235
23652.0,44819.753
23653.0,44821.272
23654.0,44822.79
23655.0,44824.309
23656.0,44825.827
23657.0,44827.346
23658.0,44828.864
23659.0,44830.383
23660.0,44831.901
23661.0,44833.419
23662.0,44834.937
23663.0,44836.454
23664.0,44837.972
23665.0,44839.49
23666.0,44841.008
23667.0,44842.526
23668.0,44844.043
23669.0,44845.561
23670.0,44847.079
23671.0,44848.596
23672.0,44850.112
23673.0,44851.629
23674.0,44853.145
23675.0,44854.662
23676.0,44856.178
23677.0,44857.695
23678.0,44859.211
23679.0,44860.728
23680.0,44862.244
23681.0,44863.76
23682.0,44865.275
23683.0,44866.791
23684.0,44868.306
23685.0,44869.822
23686.0,44871.338
23687.0,44872.853
23688.0,44874.369
23689.0,44875.884
23690.0,44877.4
23691.0,44878.915
23692.0,44880.43
23693.0,44881.944
23694.0,44883.459
23695.0,44884.974
23696.0,44886.489
23697.0,44888.004
23698.0,44889.518
23699.0,44891.033
23700.0,44892.548
23701.0,44894.062
23702.0,44895.575
23703.0,44897.089
23704.0,44898.602
23705.0,44900.116
23706.0,44901.63
23707.0,44903.143
23708.0,44904.657
23709.0,44906.17
23710.0,44907.684
23711.0,44909.197
23712.0,44910.709
23713.0,44912.222
23714.0,44913.734
23715.0,44915.247
23716.0,44916.759
23717.0,44918.272
23718.0,44919.784
23719.0,44921.297
23720.0,44922.809
23721.0,44924.321
23722.0,44925.833
23723.0,44927.345
23724.0,44928.857
23725.0,44930.369
23726.0,44931.88
23727.0,44933.392
23728.0,44934.904
23729.0,44936.416
23730.0,44937.928
23731.0,44939.439
23732.0,44940.949
23733.0,44942.46
23734.0,44943.97
23735.0,44945.481
23736.0,44946.992
23737.0,44948.502
23738.0,44950.013
23739.0,44951.523
23740.0,44953.034
23741.0,44954.544
23742.0,44956.053
23743.0,44957.563
23744.0,44959.072
23745.0,44960.582
23746.0,44962.092
23747.0,44963.601
23748.0,44965.111
23749.0,44966.62
23750.0,44968.13
23751.0,44969.639
23752.0,44971.148
23753.0,44972.657
23754.0,44974.166
23755.0,44975.675
23756.0,44977.183
23757.0,44978.692
23758.0,44980.201
23759.0,44981.71
23760.0,44983.219
23761.0,44984.727
23762.0,44986.234
23763.0,44987.742
23764.0,44989.249
23765.0,44990.757
23766.0,44992.265
23767.0,44993.772
23768.0,44995.28
23769.0,44996.787
23770.0,44998.295
23771.0,44999.802
23772.0,45001.308
23773.0,45002.815
23774.0,45004.321
23775.0,45005.828
23776.0,45007.335
23777.0,45008.841
23778.0,45010.348
23779.0,45011.854
23780.0,45013.361
23781.0,45014.867
23782.0,45016.373
23783.0,45017.879
23784.0,45019.385
23785.0,45020.891
23786.0,45022.396
23787.0,45023.902
23788.0,45025.408
23789.0,45026.914
23790.0,45028.42
23791.0,45029.925
23792.0,45031.429
23793.0,45032.934
23794.0,45034.439
23795.0,45035.944
23796.0,45037.448
23797.0,45038.953
23798.0,45040.458
23799.0,45041.962
23800.0,45043.467
23801.0,45044.971
23802.0,45046.474
23803.0,45047.978
23804.0,45049.482
23805.0,45050.986
23806.0,45052.489
23807.0,45053.993
23808.0,45055.497
23809.0,45057.0
23810.0,45058.504
23811.0,45060.007
23812.0,45061.51
23813.0,45063.013
23814.0,45064.516
23815.0,45066.019
23816.0,45067.521
23817.0,45069.024
23818.0,45070.527
23819.0,45072.03
23820.0,45073.533
23821.0,45075.035
23822.0,45076.536
23823.0,45078.038
23824.0,45079.54
23825.0,45081.042
23826.0,45082.543
23827.0,45084.045
23828.0,45085.547
23829.0,45087.048
23830.0,45088.55
23831.0,45090.051
23832.0,45091.551
23833.0,45093.052
23834.0,45094.553
23835.0,45096.054
23836.0,45097.554
23837.0,45099.055
23838.0,45100.556
23839.0,45102.056
23840.0,45103.557
23841.0,45105.057
23842.0,45106.557
23843.0,45108.057
23844.0,45109.557
23845.0,45111.057
23846.0,45112.556
23847.0,45114.056
23848.0,45115.556
23849.0,45117.056
23850.0,45118.556
23851.0,45120.055
23852.0,45121.554
23853.0,45123.052
23854.0,45124.551
23855.0,45126.05
23856.0,45127.549
23857.0,45129.048
23858.0,45130.546
23859.0,45132.045
23860.0,45133.544
23861.0,45135.042
23862.0,45136.54
23863.0,45138.038
23864.0,45139.536
23865.0,45141.034
23866.0,45142.531
23867.0,45144.029
23868.0,45145.527
23869.0,45147.025
23870.0,45148.523
23871.0,45150.02
23872.0,45151.517
23873.0,45153.013
23874.0,45154.51
23875.0,45156.007
23876.0,45157.504
23877.0,45159.001
23878.0,45160.497
23879.0,45161.994
23880.0,45163.491
23881.0,45164.987
23882.0,45166.482
23883.0,45167.978
23884.0,45169.474
23885.0,45170.97
23886.0,45172.465
23887.0,45173.961
23888.0,45175.457
23889.0,45176.952
23890.0,45178.448
23891.0,45179.943
23892.0,45181.438
23893.0,45182.933
23894.0,45184.428
23895.0,45185.923
23896.0,45187.418
23897.0,45188.913
23898.0,45190.408
23899.0,45191.903
23900.0,45193.398
23901.0,45194.892
23902.0,45196.386
23903.0,45197.879
23904.0,45199.373
23905.0,45200.867
23906.0,45202.361
23907.0,45203.855
23908.0,45205.348
23909.0,45206.842
23910.0,45208.336
23911.0,45209.829
23912.0,45211.322
23913.0,45212.814
23914.0,45214.307
23915.0,45215.8
23916.0,45217.293
23917.0,45218.786
23918.0,45220.278
23919.0,45221.771
23920.0,45223.264
23921.0,45224.756
23922.0,45226.248
23923.0,45227.74
23924.0,45229.232
23925.0,45230.724
23926.0,45232.216
23927.0,45233.708
23928.0,45235.2
23929.0,45236.692
23930.0,45238.184
23931.0,45239.675
23932.0,45241.166
23933.0,45242.656
23934.0,45244.147
23935.0,45245.638
23936.0,45247.129
23937.0,45248.62
23938.0,45250.11
23939.0,45251.601
23940.0,45253.092
23941.0,45254.582
23942.0,45256.072
23943.0,45257.562
23944.0,45259.052
23945.0,45260.542
23946.0,45262.031
23947.0,45263.521
23948.0,45265.011
23949.0,45266.501
23950.0,45267.991
23951.0,45269.48
23952.0,45270.969
23953.0,45272.458
23954.0,45273.947
23955.0,45275.436
23956.0,45276.925
23957.0,45278.414
23958.0,45279.903
23959.0,45281.392
23960.0,45282.881
23961.0,45284.369
23962.0,45285.857
23963.0,45287.345
23964.0,45288.833
23965.0,45290.321
23966.0,45291.808
23967.0,45293.296
23968.0,45294.784
23969.0,45296.272
23970.0,45297.76
23971.0,45299.247
23972.0,45300.734
23973.0,45302.22
23974.0,45303.707
23975.0,45305.194
23976.0,45306.681
23977.0,45308.168
23978.0,45309.654
23979.0,45311.141
23980.0,45312.628
23981.0,45314.114
23982.0,45315.6
23983.0,45317.086
23984.0,45318.572
23985.0,45320.059
23986.0,45321.545
23987.0,45323.031
23988.0,45324.517
23989.0,45326.003
23990.0,45327.489
23991.0,45328.974
23992.0,45330.459
23993.0,45331.944
23994.0,45333.429
23995.0,45334.914
23996.0,45336.398
23997.0,45337.883
23998.0,45339.368
23999.0,45340.853
24000.0,45342.338
24001.0,45343.822
24002.0,45345.306
24003.0,45346.789
24004.0,45348.273
24005.0,45349.757
24006.0,45351.241
24007.0,45352.725
24008.0,45354.208
24009.0,45355.692
24010.0,45357.176
24011.0,45358.659
24012.0,45360.142
24013.0,45361.626
24014.0,45363.109
24015.0,45364.592
24016.0,45366.075
24017.0,45367.558
24018.0,45369.042
24019.0,45370.525
24020.0,45372.008
24021.0,45373.49
24022.0,45374.972
24023.0,45376.453
24024.0,45377.935
24025.0,45379.417
24026.0,45380.899
24027.0,45382.381
24028.0,45383.862
24029.0,45385.344
24030.0,45386.826
24031.0,45388.307
24032.0,45389.788
24033.0,45391.269
24034.0,45392.75
24035.0,45394.231
24036.0,45395.712
24037.0,45397.193
24038.0,45398.674
24039.0,45400.155
24040.0,45401.636
24041.0,45403.116
24042.0,45404.596
24043.0,45406.076
24044.0,45407.556
24045.0,45409.037
24046.0,45410.517
24047.0,45411.997
24048.0,45413.477
24049.0,45414.957
24050.0,45416.437
24051.0,45417.916
24052.0,45419.395
24053.0,45420.874
24054.0,45422.353
24055.0,45423.832
24056.0,45425.31
24057.0,45426.789
24058.0,45428.268
24059.0,45429.747
24060.0,45431.226
24061.0,45432.704
24062.0,45434.182
24063.0,45435.66
24064.0,45437.138
24065.0,45438.616
24066.0,45440.094
24067.0,45441.572
24068.0,45443.05
24069.0,45444.528
24070.0,45446.006
24071.0,45447.483
24072.0,45448.96
24073.0,45450.437
24074.0,45451.914
24075.0,45453.392
24076.0,45454.869
24077.0,45456.346
24078.0,45457.823
24079.0,45459.3
24080.0,45460.777
24081.0,45462.253
24082.0,45463.729
24083.0,45465.205
24084.0,45466.681
24085.0,45468.157
24086.0,45469.633
24087.0,45471.109
24088.0,45472.585
24089.0,45474.061
24090.0,45475.537
24091.0,45477.012
24092.0,45478.487
24093.0,45479.962
24094.0,45481.437
24095.0,45482.912
24096.0,45484.387
24097.0,45485.862
24098.0,45487.337
24099.0,45488.812
24100.0,45490.287
24101.0,45491.761
24102.0,45493.235
24103.0,45494.71
24104.0,45496.184
24105.0,45497.658
24106.0,45499.132
24107.0,45500.606
24108.0,45502.081
24109.0,45503.555
24110.0,45505.029
24111.0,45506.502
24112.0,45507.975
24113.0,45509.448
24114.0,45510.921
24115.0,45512.394
24116.0,45513.867
24117.0,45515.34
24118.0,45516.813
24119.0,45518.286
24120.0,45519.759
24121.0,45521.231
24122.0,45522.703
24123.0,45524.175
24124.0,45525.647
24125.0,45527.119
24126.0,45528.591
24127.0,45530.063
24128.0,45531.535
24129.0,45533.007
24130.0,45534.479
24131.0,45535.95
24132.0,45537.421
24133.0,45538.893
24134.0,45540.364
24135.0,45541.835
24136.0,45543.306
24137.0,45544.777
24138.0,45546.249
24139.0,45547.72
24140.0,45549.191
24141.0,45550.661
24142.0,45552.131
24143.0,45553.601
24144.0,45555.071
24145.0,45556.541
24146.0,45558.011
24147.0,45559.481
24148.0,45560.951
24149.0,45562.421
24150.0,45563.891
24151.0,45565.36
24152.0,45566.829
24153.0,45568.298
24154.0,45569.767
24155.0,45571.236
24156.0,45572.705
24157.0,45574.174
24158.0,45575.643
24159.0,45577.112
24160.0,45578.581
24161.0,45580.049
24162.0,45581.518
24163.0,45582.986
24164.0,45584.454
24165.0,45585.923
24166.0,45587.391
24167.0,45588.859
24168.0,45590.327
24169.0,45591.796
24170.0,45593.264
24171.0,45594.731
24172.0,45596.198
24173.0,45597.665
24174.0,45599.132
24175.0,45600.6
24176.0,45602.067
24177.0,45603.534
24178.0,45605.001
24179.0,45606.468
24180.0,45607.935
24181.0,45609.401
24182.0,45610.868
24183.0,45612.334
24184.0,45613.8
24185.0,45615.267
24186.0,45616.733
24187.0,45618.199
24188.0,45619.665
24189.0,45621.132
24190.0,45622.598
24191.0,45624.063
24192.0,45625.528
24193.0,45626.993
24194.0,45628.458
24195.0,45629.923
24196.0,45631.388
24197.0,45632.853
24198.0,45634.318
24199.0,45635.783
24200.0,45637.248
24201.0,45638.712
24202.0,45640.176
24203.0,45641.64
24204.0,45643.104
24205.0,45644.569
24206.0,45646.033
24207.0,45647.497
24208.0,45648.961
24209.0,45650.425
24210.0,45651.889
24211.0,45653.352
24212.0,45654.816
24213.0,45656.279
24214.0,45657.742
24215.0,45659.206
24216.0,45660.669
24217.0,45662.132
24218.0,45663.595
24219.0,45665.059
24220.0,45666.522
24221.0,45667.984
24222.0,45669.446
24223.0,45670.908
24224.0,45672.37
24225.0,45673.833
24226.0,45675.295
24227.0,45676.757
24228.0,45678.219
24229.0,45679.681
24230.0,45681.143
24231.0,45682.604
24232.0,45684.065
24233.0,45685.526
24234.0,45686.987
24235.0,45688.449
24236.0,45689.91
24237.0,45691.371
24238.0,45692.832
24239.0,45694.293
24240.0,45695.754
24241.0,45697.214
24242.0,45698.675
24243.0,45700.135
24244.0,45701.596
24245.0,45703.056
24246.0,45704.516
24247.0,45705.977
24248.0,45707.437
24249.0,45708.898
24250.0,45710.358
24251.0,45711.817
24252.0,45713.276
24253.0,45714.735
24254.0,45716.194
24255.0,45717.654
24256.0,45719.113
24257.0,45720.572
24258.0,45722.031
24259.0,45723.49
24260.0,45724.949
24261.0,45726.407
24262.0,45727.865
24263.0,45729.323
24264.0,45730.781
24265.0,45732.24
24266.0,45733.698
24267.0,45735.156
24268.0,45736.614
24269.0,45738.072
24270.0,45739.53
24271.0,45740.987
24272.0,45742.445
24273.0,45743.902
24274.0,45745.36
24275.0,45746.817
24276.0,45748.274
24277.0,45749.732
24278.0,45751.189
24279.0,45752.647
24280.0,45754.104
24281.0,45755.56
24282.0,45757.016
24283.0,45758.473
24284.0,45759.929
24285.0,45761.385
24286.0,45762.841
24287.0,45764.297
24288.0,45765.754
24289.0,45767.21
24290.0,45768.666
24291.0,45770.121
24292.0,45771.576
24293.0,45773.031
24294.0,45774.486
24295.0,45775.942
24296.0,45777.397
24297.0,45778.852
24298.0,45780.307
24299.0,45781.762
24300.0,45783.217
24301.0,45784.672
24302.0,45786.126
24303.0,45787.581
24304.0,45789.035
24305.0,45790.49
24306.0,45791.944
24307.0,45793.399
24308.0,45794.853
24309.0,45796.308
24310.0,45797.762
24311.0,45799.215
24312.0,45800.668
24313.0,45802.121
24314.0,45803.574
24315.0,45805.028
24316.0,45806.481
24317.0,45807.934
24318.0,45809.387
24319.0,45810.84
24320.0,45812.293
24321.0,45813.745
24322.0,45815.197
24323.0,45816.65
24324.0,45818.102
24325.0,45819.554
24326.0,45821.006
24327.0,45822.458
24328.0,45823.911
24329.0,45825.363
24330.0,45826.815
24331.0,45828.267
24332.0,45829.718
24333.0,45831.17
24334.0,45832.621
24335.0,45834.073
24336.0,45835.524
24337.0,45836.976
24338.0,45838.427
24339.0,45839.879
24340.0,45841.33
24341.0,45842.78
24342.0,45844.23
24343.0,45845.681
24344.0,45847.131
24345.0,45848.581
24346.0,45850.031
24347.0,45851.481
24348.0,45852.932
24349.0,45854.382
24350.0,45855.832
24351.0,45857.281
24352.0,45858.73
24353.0,45860.18
24354.0,45861.629
24355.0,45863.078
24356.0,45864.527
24357.0,45865.976
24358.0,45867.426
24359.0,45868.875
24360.0,45870.324
24361.0,45871.773
24362.0,45873.221
24363.0,45874.67
24364.0,45876.118
24365.0,45877.567
24366.0,45879.015
24367.0,45880.464
24368.0,45881.912
24369.0,45883.361
24370.0,45884.809
24371.0,45886.256
24372.0,45887.703
24373.0,45889.151
24374.0,45890.598
24375.0,45892.045
24376.0,45893.492
24377.0,45894.939
24378.0,45896.387
24379.0,45897.834
24380.0,45899.281
24381.0,45900.727
24382.0,45902.174
24383.0,45903.62
24384.0,45905.066
24385.0,45906.513
24386.0,45907.959
24387.0,45909.405
24388.0,45910.851
24389.0,45912.298
24390.0,45913.744
24391.0,45915.19
24392.0,45916.635
24393.0,45918.081
24394.0,45919.526
24395.0,45920.972
24396.0,45922.417
24397.0,45923.863
24398.0,45925.308
24399.0,45926.754
24400.0,45928.199
24401.0,45929.643
24402.0,45931.088
24403.0,45932.532
24404.0,45933.976
24405.0,45935.421
24406.0,45936.865
24407.0,45938.309
24408.0,45939.753
24409.0,45941.198
24410.0,45942.642
24411.0,45944.085
24412.0,45945.528
24413.0,45946.972
24414.0,45948.415
24415.0,45949.858
24416.0,45951.301
24417.0,45952.744
24418.0,45954.188
24419.0,45955.631
24420.0,45957.074
24421.0,45958.517
24422.0,45959.959
24423.0,45961.402
24424.0,45962.844
24425.0,45964.287
24426.0,45965.73
24427.0,45967.172
24428.0,45968.615
24429.0,45970.057
24430.0,45971.5
24431.0,45972.941
24432.0,45974.383
24433.0,45975.824
24434.0,45977.265
24435.0,45978.707
24436.0,45980.148
24437.0,45981.589
24438.0,45983.03
24439.0,45984.472
24440.0,45985.913
24441.0,45987.353
24442.0,45988.794
24443.0,45990.234
24444.0,45991.674
24445.0,45993.115
24446.0,45994.555
24447.0,45995.995
24448.0,45997.435
24449.0,45998.876
24450.0,46000.316
24451.0,46001.756
24452.0,46003.195
24453.0,46004.635
24454.0,46006.074
24455.0,46007.514
24456.0,46008.954
24457.0,46010.393
24458.0,46011.833
24459.0,46013.272
24460.0,46014.712
24461.0,46016.15
24462.0,46017.589
24463.0,46019.027
24464.0,46020.465
24465.0,46021.904
24466.0,46023.342
24467.0,46024.78
24468.0,46026.218
24469.0,46027.657
24470.0,46029.095
24471.0,46030.533
24472.0,46031.97
24473.0,46033.408
24474.0,46034.845
24475.0,46036.283
24476.0,46037.721
24477.0,46039.158
24478.0,46040.596
24479.0,46042.033
24480.0,46043.471
24481.0,46044.907
24482.0,46046.344
24483.0,46047.78
24484.0,46049.217
24485.0,46050.653
24486.0,46052.089
24487.0,46053.526
24488.0,46054.962
24489.0,46056.399
24490.0,46057.835
24491.0,46059.27
24492.0,46060.706
24493.0,46062.141
24494.0,46063.576
24495.0,46065.012
24496.0,46066.447
24497.0,46067.882
24498.0,46069.317
24499.0,46070.753
24500.0,46072.188
24501.0,46073.623
24502.0,46075.057
24503.0,46076.492
24504.0,46077.926
24505.0,46079.361
24506.0,46080.796
24507.0,46082.23
24508.0,46083.665
24509.0,46085.099
24510.0,46086.534
24511.0,46087.967
24512.0,46089.401
24513.0,46090.834
24514.0,46092.268
24515.0,46093.701
24516.0,46095.134
24517.0,46096.568
24518.0,46098.001
24519.0,46099.435
24520.0,46100.868
24521.0,46102.3
24522.0,46103.733
24523.0,46105.165
24524.0,46106.598
24525.0,46108.03
24526.0,46109.462
24527.0,46110.895
24528.0,46112.327
24529.0,46113.76
24530.0,46115.192
24531.0,46116.624
24532.0,46118.055
24533.0,46119.487
24534.0,46120.919
24535.0,46122.351
24536.0,46123.782
24537.0,46125.214
24538.0,46126.646
24539.0,46128.077
24540.0,46129.509
24541.0,46130.939
24542.0,46132.37
24543.0,46133.8
24544.0,46135.231
24545.0,46136.661
24546.0,46138.091
24547.0,46139.522
24548.0,46140.952
24549.0,46142.383
24550.0,46143.813
24551.0,46145.242
24552.0,46146.672
24553.0,46148.101
24554.0,46149.531
24555.0,46150.96
24556.0,46152.389
24557.0,46153.819
24558.0,46155.248
24559.0,46156.678
24560.0,46158.107
24561.0,46159.536
24562.0,46160.964
24563.0,46162.393
24564.0,46163.822
24565.0,46165.251
24566.0,46166.679
24567.0,46168.108
24568.0,46169.537
24569.0,46170.965
24570.0,46172.394
24571.0,46173.821
24572.0,46175.249
24573.0,46176.676
24574.0,46178.104
24575.0,46179.531
24576.0,46180.958
24577.0,46182.386
24578.0,46183.813
24579.0,46185.241
24580.0,46186.668
24581.0,46188.095
24582.0,46189.521
24583.0,46190.948
24584.0,46192.374
24585.0,46193.801
24586.0,46195.227
24587.0,46196.654
24588.0,46198.08
24589.0,46199.507
24590.0,46200.933
24591.0,46202.359
24592.0,46203.784
24593.0,46205.21
24594.0,46206.636
24595.0,46208.062
24596.0,46209.487
24597.0,46210.913
24598.0,46212.339
24599.0,46213.764
24600.0,46215.19
24601.0,46216.615
24602.0,46218.039
24603.0,46219.464
24604.0,46220.888
24605.0,46222.313
24606.0,46223.737
24607.0,46225.162
24608.0,46226.586
24609.0,46228.011
24610.0,46229.435
24611.0,46230.858
24612.0,46232.282
24613.0,46233.705
24614.0,46235.129
24615.0,46236.552
24616.0,46237.975
24617.0,46239.399
24618.0,46240.822
24619.0,46242.246
24620.0,46243.669
24621.0,46245.092
24622.0,46246.515
24623.0,46247.937
24624.0,46249.36
24625.0,46250.783
24626.0,46252.206
24627.0,46253.629
24628.0,46255.051
24629.0,46256.474
24630.0,46257.897
24631.0,46259.319
24632.0,46260.74
24633.0,46262.162
24634.0,46263.583
24635.0,46265.005
24636.0,46266.426
24637.0,46267.848
24638.0,46269.269
24639.0,46270.691
24640.0,46272.112
24641.0,46273.533
24642.0,46274.953
24643.0,46276.374
24644.0,46277.794
24645.0,46279.215
24646.0,46280.635
24647.0,46282.056
24648.0,46283.476
24649.0,46284.897
24650.0,46286.317
24651.0,46287.737
24652.0,46289.157
24653.0,46290.576
24654.0,46291.996
24655.0,46293.416
24656.0,46294.836
24657.0,46296.256
24658.0,46297.675
24659.0,46299.095
24660.0,46300.515
24661.0,46301.934
24662.0,46303.352
24663.0,46304.771
24664.0,46306.189
24665.0,46307.608
24666.0,46309.026
24667.0,46310.445
24668.0,46311.863
24669.0,46313.282
24670.0,46314.7
24671.0,46316.118
24672.0,46317.535
24673.0,46318.953
24674.0,46320.37
24675.0,46321.788
24676.0,46323.205
24677.0,46324.623
24678.0,46326.04
24679.0,46327.458
24680.0,46328.875
24681.0,46330.292
24682.0,46331.709
24683.0,46333.125
24684.0,46334.542
24685.0,46335.959
24686.0,46337.376
24687.0,46338.793
24688.0,46340.209
24689.0,46341.626
24690.0,46343.043
24691.0,46344.459
24692.0,46345.874
24693.0,46347.29
24694.0,46348.705
24695.0,46350.121
24696.0,46351.537
24697.0,46352.952
24698.0,46354.368
24699.0,46355.783
24700.0,46357.199
24701.0,46358.614
24702.0,46360.028
24703.0,46361.443
24704.0,46362.857
24705.0,46364.272
24706.0,46365.687
24707.0,46367.101
24708.0,46368.516
24709.0,46369.93
24710.0,46371.345
24711.0,46372.759
24712.0,46374.173
24713.0,46375.586
24714.0,46377.0
24715.0,46378.414
24716.0,46379.828
24717.0,46381.242
24718.0,46382.655
24719.0,46384.069
24720.0,46385.483
24721.0,46386.896
24722.0,46388.308
24723.0,46389.721
24724.0,46391.133
24725.0,46392.546
24726.0,46393.959
24727.0,46395.371
24728.0,46396.784
24729.0,46398.196
24730.0,46399.609
24731.0,46401.021
24732.0,46402.432
24733.0,46403.844
24734.0,46405.255
24735.0,46406.667
24736.0,46408.079
24737.0,46409.49
24738.0,46410.902
24739.0,46412.313
24740.0,46413.725
24741.0,46415.136
24742.0,46416.547
24743.0,46417.958
24744.0,46419.369
24745.0,46420.78
24746.0,46422.19
24747.0,46423.601
24748.0,46425.012
24749.0,46426.423
24750.0,46427.834
24751.0,46429.244
24752.0,46430.653
24753.0,46432.063
24754.0,46433.472
24755.0,46434.882
24756.0,46436.292
24757.0,46437.701
24758.0,46439.111
24759.0,46440.52
24760.0,46441.93
24761.0,46443.339
24762.0,46444.748
24763.0,46446.157
24764.0,46447.566
24765.0,46448.975
24766.0,46450.383
24767.0,46451.792
24768.0,46453.201
24769.0,46454.61
24770.0,46456.019
24771.0,46457.427
24772.0,46458.834
24773.0,46460.242
24774.0,46461.649
24775.0,46463.057
24776.0,46464.465
24777.0,46465.872
24778.0,46467.28
24779.0,46468.687
24780.0,46470.095
24781.0,46471.502
24782.0,46472.908
24783.0,46474.315
24784.0,46475.722
24785.0,46477.129
24786.0,46478.535
24787.0,46479.942
24788.0,46481.349
24789.0,46482.755
24790.0,46484.162
24791.0,46485.568
24792.0,46486.974
24793.0,46488.38
24794.0,46489.786
24795.0,46491.192
24796.0,46492.597
24797.0,46494.003
24798.0,46495.409
24799.0,46496.815
24800.0,46498.221
24801.0,46499.626
24802.0,46501.03
24803.0,46502.435
24804.0,46503.839
24805.0,46505.244
24806.0,46506.649
24807.0,46508.053
24808.0,46509.458
24809.0,46510.862
24810.0,46512.267
24811.0,46513.671
24812.0,46515.074
24813.0,46516.478
24814.0,46517.882
24815.0,46519.286
24816.0,46520.689
24817.0,46522.093
24818.0,46523.497
24819.0,46524.9
24820.0,46526.304
24821.0,46527.707
24822.0,46529.11
24823.0,46530.513
24824.0,46531.916
24825.0,46533.319
24826.0,46534.722
24827.0,46536.125
24828.0,46537.528
24829.0,46538.931
24830.0,46540.334
24831.0,46541.736
24832.0,46543.137
24833.0,46544.539
24834.0,46545.941
24835.0,46547.343
24836.0,46548.744
24837.0,46550.146
24838.0,46551.548
24839.0,46552.949
24840.0,46554.351
24841.0,46555.752
24842.0,46557.152
24843.0,46558.553
24844.0,46559.954
24845.0,46561.355
24846.0,46562.755
24847.0,46564.156
24848.0,46565.557
24849.0,46566.957
24850.0,46568.358
24851.0,46569.758
24852.0,46571.158
24853.0,46572.558
24854.0,46573.958
24855.0,46575.358
24856.0,46576.758
24857.0,46578.158
24858.0,46579.558
24859.0,46580.958
24860.0,46582.358
24861.0,46583.757
24862.0,46585.155
24863.0,46586.554
24864.0,46587.953
24865.0,46589.352
24866.0,46590.75
24867.0,46592.149
24868.0,46593.548
24869.0,46594.946
24870.0,46596.345
24871.0,46597.743
24872.0,46599.14
24873.0,46600.538
24874.0,46601.936
24875.0,46603.334
24876.0,46604.731
24877.0,46606.129
24878.0,46607.527
24879.0,46608.924
24880.0,46610.322
24881.0,46611.719
24882.0,46613.116
24883.0,46614.513
24884.0,46615.91
24885.0,46617.307
24886.0,46618.704
24887.0,46620.101
24888.0,46621.498
24889.0,46622.895
24890.0,46624.292
24891.0,46625.688
24892.0,46627.084
24893.0,46628.479
24894.0,46629.875
24895.0,46631.271
24896.0,46632.667
24897.0,46634.063
24898.0,46635.458
24899.0,46636.854
24900.0,46638.25
24901.0,46639.645
24902.0,46641.039
24903.0,46642.434
24904.0,46643.829
24905.0,46645.224
24906.0,46646.618
24907.0,46648.013
24908.0,46649.408
24909.0,46650.802
24910.0,46652.197
24911.0,46653.591
24912.0,46654.985
24913.0,46656.379
24914.0,46657.773
24915.0,46659.168
24916.0,46660.562
24917.0,46661.956
24918.0,46663.35
24919.0,46664.744
24920.0,46666.138
24921.0,46667.531
24922.0,46668.924
24923.0,46670.316
24924.0,46671.709
24925.0,46673.102
24926.0,46674.495
24927.0,46675.888
24928.0,46677.28
24929.0,46678.673
24930.0,46680.066
24931.0,46681.458
24932.0,46682.85
24933.0,46684.241
24934.0,46685.633
24935.0,46687.025
24936.0,46688.417
24937.0,46689.809
24938.0,46691.2
24939.0,46692.592
24940.0,46693.984
24941.0,46695.375
24942.0,46696.766
24943.0,46698.157
24944.0,46699.548
24945.0,46700.94
24946.0,46702.331
24947.0,46703.722
24948.0,46705.113
24949.0,46706.504
24950.0,46707.895
24951.0,46709.285
24952.0,46710.675
24953.0,46712.064
24954.0,46713.454
24955.0,46714.844
24956.0,46716.234
24957.0,46717.624
24958.0,46719.013
24959.0,46720.403
24960.0,46721.793
24961.0,46723.182
24962.0,46724.571
24963.0,46725.959
24964.0,46727.348
24965.0,46728.737
24966.0,46730.126
24967.0,46731.515
24968.0,46732.903
24969.0,46734.292
24970.0,46735.681
24971.0,46737.069
24972.0,46738.457
24973.0,46739.845
24974.0,46741.233
24975.0,46742.622
24976.0,46744.01
24977.0,46745.398
24978.0,46746.786
24979.0,46748.174
24980.0,46749.562
24981.0,46750.949
24982.0,46752.336
24983.0,46753.722
24984.0,46755.109
24985.0,46756.496
24986.0,46757.883
24987.0,46759.27
24988.0,46760.656
24989.0,46762.043
24990.0,46763.43
24991.0,46764.816
24992.0,46766.202
24993.0,46767.588
24994.0,46768.974
24995.0,46770.36
24996.0,46771.745
24997.0,46773.131
24998.0,46774.517
24999.0,46775.903
25000.0,46777.289
25001.0,46778.674
25002.0,46780.059
25003.0,46781.444
25004.0,46782.829
25005.0,46784.215
25006.0,46785.6
25007.0,46786.985
25008.0,46788.37
25009.0,46789.755
25010.0,46791.14
25011.0,46792.524
25012.0,46793.908
25013.0,46795.292
25014.0,46796.676
25015.0,46798.06
25016.0,46799.443
25017.0,46800.827
25018.0,46802.211
25019.0,46803.595
25020.0,46804.979
25021.0,46806.362
25022.0,46807.745
25023.0,46809.128
25024.0,46810.511
25025.0,46811.894
25026.0,46813.276
25027.0,46814.659
25028.0,46816.042
25029.0,46817.425
25030.0,46818.808
25031.0,46820.19
25032.0,46821.572
25033.0,46822.955
25034.0,46824.337
25035.0,46825.719
25036.0,46827.101
25037.0,46828.483
25038.0,46829.866
25039.0,46831.248
25040.0,46832.63
25041.0,46834.011
25042.0,46835.392
25043.0,46836.773
25044.0,46838.154
25045.0,46839.535
25046.0,46840.915
25047.0,46842.296
25048.0,46843.677
25049.0,46845.058
25050.0,46846.439
25051.0,46847.819
25052.0,46849.199
25053.0,46850.579
25054.0,46851.959
25055.0,46853.339
25056.0,46854.718
25057.0,46856.098
25058.0,46857.478
25059.0,46858.858
25060.0,46860.238
25061.0,46861.617
25062.0,46862.996
25063.0,46864.376
25064.0,46865.755
25065.0,46867.134
25066.0,46868.513
25067.0,46869.892
25068.0,46871.272
25069.0,46872.651
25070.0,46874.03
25071.0,46875.408
25072.0,46876.786
25073.0,46878.164
25074.0,46879.542
25075.0,46880.92
25076.0,46882.297
25077.0,46883.675
25078.0,46885.053
25079.0,46886.431
25080.0,46887.809
25081.0,46889.186
25082.0,46890.563
25083.0,46891.941
25084.0,46893.318
25085.0,46894.695
25086.0,46896.072
25087.0,46897.449
25088.0,46898.827
25089.0,46900.204
25090.0,46901.581
25091.0,46902.957
25092.0,46904.333
25093.0,46905.709
25094.0,46907.085
25095.0,46908.461
25096.0,46909.837
25097.0,46911.213
25098.0,46912.589
25099.0,46913.965
25100.0,46915.341
25101.0,46916.716
25102.0,46918.091
25103.0,46919.466
25104.0,46920.841
25105.0,46922.216
25106.0,46923.59
25107.0,46924.965
25108.0,46926.34
25109.0,46927.715
25110.0,46929.09
25111.0,46930.464
25112.0,46931.839
25113.0,46933.213
25114.0,46934.587
25115.0,46935.962
25116.0,46937.336
25117.0,46938.71
25118.0,46940.084
25119.0,46941.459
25120.0,46942.833
25121.0,46944.206
25122.0,46945.579
25123.0,46946.952
25124.0,46948.325
25125.0,46949.698
25126.0,46951.071
25127.0,46952.444
25128.0,46953.817
25129.0,46955.19
25130.0,46956.563
25131.0,46957.935
25132.0,46959.307
25133.0,46960.679
25134.0,46962.051
25135.0,46963.423
25136.0,46964.795
25137.0,46966.167
25138.0,46967.539
25139.0,46968.911
25140.0,46970.283
25141.0,46971.654
25142.0,46973.026
25143.0,46974.397
25144.0,46975.768
25145.0,46977.14
25146.0,46978.511
25147.0,46979.882
25148.0,46981.253
25149.0,46982.625
25150.0,46983.996
25151.0,46985.366
25152.0,46986.736
25153.0,46988.106
25154.0,46989.476
25155.0,46990.846
25156.0,46992.216
25157.0,46993.586
25158.0,46994.956
25159.0,46996.326
25160.0,46997.696
25161.0,46999.065
25162.0,47000.434
25163.0,47001.803
25164.0,47003.172
25165.0,47004.541
25166.0,47005.91
25167.0,47007.279
25168.0,47008.648
25169.0,47010.017
25170.0,47011.386
25171.0,47012.754
25172.0,47014.123
25173.0,47015.491
25174.0,47016.859
25175.0,47018.228
25176.0,47019.596
25177.0,47020.964
25178.0,47022.332
25179.0,47023.701
25180.0,47025.069
25181.0,47026.436
25182.0,47027.803
25183.0,47029.17
25184.0,47030.537
25185.0,47031.904
25186.0,47033.271
25187.0,47034.638
25188.0,47036.005
25189.0,47037.372
25190.0,47038.739
25191.0,47040.105
25192.0,47041.471
25193.0,47042.837
25194.0,47044.203
25195.0,47045.57
25196.0,47046.936
25197.0,47048.302
25198.0,47049.668
25199.0,47051.034
25200.0,47052.4
25201.0,47053.765
25202.0,47055.131
25203.0,47056.496
25204.0,47057.862
25205.0,47059.227
25206.0,47060.592
25207.0,47061.958
25208.0,47063.323
25209.0,47064.689
25210.0,47066.054
25211.0,47067.418
25212.0,47068.782
25213.0,47070.146
25214.0,47071.51
25215.0,47072.874
25216.0,47074.238
25217.0,47075.602
25218.0,47076.966
25219.0,47078.33
25220.0,47079.694
25221.0,47081.057
25222.0,47082.42
25223.0,47083.783
25224.0,47085.146
25225.0,47086.51
25226.0,47087.873
25227.0,47089.236
25228.0,47090.599
25229.0,47091.962
25230.0,47093.325
25231.0,47094.687
25232.0,47096.05
25233.0,47097.412
25234.0,47098.775
25235.0,47100.137
25236.0,47101.499
25237.0,47102.862
25238.0,47104.224
25239.0,47105.587
25240.0,47106.949
25241.0,47108.31
25242.0,47109.671
25243.0,47111.032
25244.0,47112.393
25245.0,47113.755
25246.0,47115.116
25247.0,47116.477
25248.0,47117.838
25249.0,47119.199
25250.0,47120.56
25251.0,47121.92
25252.0,47123.28
25253.0,47124.64
25254.0,47126.0
25255.0,47127.361
25256.0,47128.721
25257.0,47130.081
25258.0,47131.441
25259.0,47132.801
25260.0,47134.161
25261.0,47135.52
25262.0,47136.88
25263.0,47138.239
25264.0,47139.599
25265.0,47140.958
25266.0,47142.317
25267.0,47143.677
25268.0,47145.036
25269.0,47146.396
25270.0,47147.755
25271.0,47149.113
25272.0,47150.471
25273.0,47151.829
25274.0,47153.187
25275.0,47154.546
25276.0,47155.904
25277.0,47157.262
25278.0,47158.62
25279.0,47159.978
25280.0,47161.336
25281.0,47162.693
25282.0,47164.05
25283.0,47165.408
25284.0,47166.765
25285.0,47168.122
25286.0,47169.479
25287.0,47170.836
25288.0,47172.194
25289.0,47173.551
25290.0,47174.908
25291.0,47176.264
25292.0,47177.621
25293.0,47178.977
25294.0,47180.334
25295.0,47181.69
25296.0,47183.046
25297.0,47184.403
25298.0,47185.759
25299.0,47187.116
25300.0,47188.472
25301.0,47189.827
25302.0,47191.182
25303.0,47192.538
25304.0,47193.893
25305.0,47195.248
25306.0,47196.603
25307.0,47197.958
25308.0,47199.314
25309.0,47200.669
25310.0,47202.024
25311.0,47203.378
25312.0,47204.732
25313.0,47206.086
25314.0,47207.44
25315.0,47208.795
25316.0,47210.149
25317.0,47211.503
25318.0,47212.857
25319.0,47214.211
25320.0,47215.565
25321.0,47216.919
25322.0,47218.272
25323.0,47219.626
25324.0,47220.979
25325.0,47222.333
25326.0,47223.686
25327.0,47225.04
25328.0,47226.393
25329.0,47227.747
25330.0,47229.1
25331.0,47230.452
25332.0,47231.804
25333.0,47233.157
25334.0,47234.509
25335.0,47235.861
25336.0,47237.213
25337.0,47238.565
25338.0,47239.918
25339.0,47241.27
25340.0,47242.622
25341.0,47243.973
25342.0,47245.324
25343.0,47246.676
25344.0,47248.027
25345.0,47249.378
25346.0,47250.729
25347.0,47252.08
25348.0,47253.432
25349.0,47254.783
25350.0,47256.134
25351.0,47257.485
25352.0,47258.835
25353.0,47260.186
25354.0,47261.536
25355.0,47262.887
25356.0,47264.237
25357.0,47265.588
25358.0,47266.938
25359.0,47268.289
25360.0,47269.639
25361.0,47270.988
25362.0,47272.337
25363.0,47273.687
25364.0,47275.036
25365.0,47276.385
25366.0,47277.734
25367.0,47279.083
25368.0,47280.433
25369.0,47281.782
25370.0,47283.131
25371.0,47284.48
25372.0,47285.828
25373.0,47287.177
25374.0,47288.525
25375.0,47289.874
25376.0,47291.222
25377.0,47292.571
25378.0,47293.919
25379.0,47295.268
25380.0,47296.616
25381.0,47297.963
25382.0,47299.311
25383.0,47300.658
25384.0,47302.005
25385.0,47303.353
25386.0,47304.7
25387.0,47306.047
25388.0,47307.394
25389.0,47308.742
25390.0,47310.089
25391.0,47311.435
25392.0,47312.781
25393.0,47314.128
25394.0,47315.474
25395.0,47316.82
25396.0,47318.166
25397.0,47319.512
25398.0,47320.859
25399.0,47322.205
25400.0,47323.551
25401.0,47324.897
25402.0,47326.242
25403.0,47327.588
25404.0,47328.933
25405.0,47330.279
25406.0,47331.625
25407.0,47332.97
25408.0,47334.316
25409.0,47335.661
25410.0,47337.007
25411.0,47338.351
25412.0,47339.695
25413.0,47341.04
25414.0,47342.384
25415.0,47343.728
25416.0,47345.072
25417.0,47346.416
25418.0,47347.761
25419.0,47349.105
25420.0,47350.449
25421.0,47351.792
25422.0,47353.136
25423.0,47354.479
25424.0,47355.822
25425.0,47357.166
25426.0,47358.509
25427.0,47359.852
25428.0,47361.195
25429.0,47362.539
25430.0,47363.882
25431.0,47365.225
25432.0,47366.567
25433.0,47367.91
25434.0,47369.252
25435.0,47370.595
25436.0,47371.938
25437.0,47373.28
25438.0,47374.623
25439.0,47375.965
25440.0,47377.308
25441.0,47378.649
25442.0,47379.991
25443.0,47381.332
25444.0,47382.673
25445.0,47384.015
25446.0,47385.356
25447.0,47386.697
25448.0,47388.038
25449.0,47389.38
25450.0,47390.721
25451.0,47392.061
25452.0,47393.402
25453.0,47394.742
25454.0,47396.082
25455.0,47397.423
25456.0,47398.763
25457.0,47400.103
25458.0,47401.443
25459.0,47402.784
25460.0,47404.124
25461.0,47405.464
25462.0,47406.803
25463.0,47408.143
25464.0,47409.482
25465.0,47410.822
25466.0,47412.162
25467.0,47413.501
25468.0,47414.841
25469.0,47416.18
25470.0,47417.52
25471.0,47418.858
25472.0,47420.197
25473.0,47421.535
25474.0,47422.873
25475.0,47424.212
25476.0,47425.55
25477.0,47426.888
25478.0,47428.226
25479.0,47429.565
25480.0,47430.903
25481.0,47432.24
25482.0,47433.578
25483.0,47434.915
25484.0,47436.253
25485.0,47437.59
25486.0,47438.927
25487.0,47440.265
25488.0,47441.602
25489.0,47442.94
25490.0,47444.277
25491.0,47445.614
25492.0,47446.95
25493.0,47448.287
25494.0,47449.623
25495.0,47450.96
25496.0,47452.297
25497.0,47453.633
25498.0,47454.97
25499.0,47456.306
25500.0,47457.643
25501.0,47458.978
25502.0,47460.314
25503.0,47461.649
25504.0,47462.985
25505.0,47464.32
25506.0,47465.655
25507.0,47466.991
25508.0,47468.326
25509.0,47469.662
25510.0,47470.997
25511.0,47472.331
25512.0,47473.666
25513.0,47475.0
25514.0,47476.334
25515.0,47477.669
25516.0,47479.003
25517.0,47480.337
25518.0,47481.671
25519.0,47483.006
25520.0,47484.34
25521.0,47485.674
25522.0,47487.007
25523.0,47488.341
25524.0,47489.675
25525.0,47491.009
25526.0,47492.342
25527.0,47493.676
25528.0,47495.01
25529.0,47496.343
25530.0,47497.677
25531.0,47499.009
25532.0,47500.342
25533.0,47501.674
25534.0,47503.007
25535.0,47504.339
25536.0,47505.671
25537.0,47507.004
25538.0,47508.336
25539.0,47509.669
25540.0,47511.001
25541.0,47512.332
25542.0,47513.664
25543.0,47514.995
25544.0,47516.327
25545.0,47517.658
25546.0,47518.989
25547.0,47520.321
25548.0,47521.652
25549.0,47522.984
25550.0,47524.315
25551.0,47525.646
25552.0,47526.976
25553.0,47528.307
25554.0,47529.638
25555.0,47530.969
25556.0,47532.299
25557.0,47533.63
25558.0,47534.961
25559.0,47536.291
25560.0,47537.622
25561.0,47538.951
25562.0,47540.281
25563.0,47541.61
25564.0,47542.94
25565.0,47544.269
25566.0,47545.598
25567.0,47546.928
25568.0,47548.257
25569.0,47549.587
25570.0,47550.916
25571.0,47552.245
25572.0,47553.573
25573.0,47554.902
25574.0,47556.23
25575.0,47557.559
25576.0,47558.887
25577.0,47560.216
25578.0,47561.544
25579.0,47562.873
25580.0,47564.201
25581.0,47565.529
25582.0,47566.856
25583.0,47568.184
25584.0,47569.512
25585.0,47570.84
25586.0,47572.167
25587.0,47573.495
25588.0,47574.823
25589.0,47576.15
25590.0,47577.478
25591.0,47578.805
25592.0,47580.131
25593.0,47581.458
25594.0,47582.784
25595.0,47584.111
25596.0,47585.437
25597.0,47586.764
25598.0,47588.09
25599.0,47589.417
25600.0,47590.743
25601.0,47592.068
25602.0,47593.394
25603.0,47594.719
25604.0,47596.045
25605.0,47597.37
25606.0,47598.695
25607.0,47600.021
25608.0,47601.346
25609.0,47602.672
25610.0,47603.997
25611.0,47605.322
25612.0,47606.647
25613.0,47607.971
25614.0,47609.296
25615.0,47610.621
25616.0,47611.946
25617.0,47613.271
25618.0,47614.595
25619.0,47615.92
25620.0,47617.245
25621.0,47618.569
25622.0,47619.892
25623.0,47621.216
25624.0,47622.539
25625.0,47623.863
25626.0,47625.186
25627.0,47626.51
25628.0,47627.833
25629.0,47629.157
25630.0,47630.48
25631.0,47631.803
25632.0,47633.125
25633.0,47634.448
25634.0,47635.77
25635.0,47637.093
25636.0,47638.415
25637.0,47639.738
25638.0,47641.06
25639.0,47642.383
25640.0,47643.705
25641.0,47645.027
25642.0,47646.349
25643.0,47647.67
25644.0,47648.992
25645.0,47650.314
25646.0,47651.636
25647.0,47652.958
25648.0,47654.279
25649.0,47655.601
25650.0,47656.923
25651.0,47658.244
25652.0,47659.564
25653.0,47660.885
25654.0,47662.205
25655.0,47663.526
25656.0,47664.846
25657.0,47666.167
25658.0,47667.487
25659.0,47668.808
25660.0,47670.128
25661.0,47671.448
25662.0,47672.768
25663.0,47674.088
25664.0,47675.408
25665.0,47676.728
25666.0,47678.047
25667.0,47679.367
25668.0,47680.687
25669.0,47682.007
25670.0,47683.327
25671.0,47684.646
25672.0,47685.964
25673.0,47687.283
25674.0,47688.601
25675.0,47689.92
25676.0,47691.238
25677.0,47692.557
25678.0,47693.875
25679.0,47695.194
25680.0,47696.512
25681.0,47697.83
25682.0,47699.147
25683.0,47700.465
25684.0,47701.782
25685.0,47703.1
25686.0,47704.417
25687.0,47705.735
25688.0,47707.052
25689.0,47708.37
25690.0,47709.687
25691.0,47711.004
25692.0,47712.321
25693.0,47713.638
25694.0,47714.955
25695.0,47716.272
25696.0,47717.588
25697.0,47718.905
25698.0,47720.222
25699.0,47721.539
25700.0,47722.856
25701.0,47724.172
25702.0,47725.487
25703.0,47726.803
25704.0,47728.118
25705.0,47729.434
25706.0,47730.75
25707.0,47732.065
25708.0,47733.381
25709.0,47734.696
25710.0,47736.012
25711.0,47737.327
25712.0,47738.641
25713.0,47739.956
25714.0,47741.27
25715.0,47742.585
25716.0,47743.899
25717.0,47745.214
25718.0,47746.528
25719.0,47747.843
25720.0,47749.157
25721.0,47750.471
25722.0,47751.785
25723.0,47753.099
25724.0,47754.413
25725.0,47755.727
25726.0,47757.04
25727.0,47758.354
25728.0,47759.668
25729.0,47760.982
25730.0,47762.296
25731.0,47763.609
25732.0,47764.921
25733.0,47766.234
25734.0,47767.546
25735.0,47768.859
25736.0,47770.172
25737.0,47771.484
25738.0,47772.797
25739.0,47774.109
25740.0,47775.422
25741.0,47776.734
25742.0,47778.045
25743.0,47779.357
25744.0,47780.668
25745.0,47781.98
25746.0,47783.292
25747.0,47784.603
25748.0,47785.915
25749.0,47787.226
25750.0,47788.538
25751.0,47789.849
25752.0,47791.16
25753.0,47792.471
25754.0,47793.782
25755.0,47795.093
25756.0,47796.404
25757.0,47797.715
25758.0,47799.026
25759.0,47800.337
25760.0,47801.648
25761.0,47802.958
25762.0,47804.267
25763.0,47805.577
25764.0,47806.886
25765.0,47808.196
25766.0,47809.506
25767.0,47810.815
25768.0,47812.125
25769.0,47813.434
25770.0,47814.744
25771.0,47816.053
25772.0,47817.361
25773.0,47818.67
25774.0,47819.978
25775.0,47821.287
25776.0,47822.596
25777.0,47823.904
25778.0,47825.213
25779.0,47826.521
25780.0,47827.83
25781.0,47829.138
25782.0,47830.446
25783.0,47831.754
25784.0,47833.062
25785.0,47834.37
25786.0,47835.678
25787.0,47836.986
25788.0,47838.294
25789.0,47839.602
25790.0,47840.91
25791.0,47842.217
25792.0,47843.523
25793.0,47844.83
25794.0,47846.136
25795.0,47847.443
25796.0,47848.75
25797.0,47850.056
25798.0,47851.363
25799.0,47852.669
25800.0,47853.976
25801.0,47855.282
25802.0,47856.587
25803.0,47857.893
25804.0,47859.199
25805.0,47860.505
25806.0,47861.81
25807.0,47863.116
25808.0,47864.422
25809.0,47865.727
25810.0,47867.033
25811.0,47868.338
25812.0,47869.643
25813.0,47870.948
25814.0,47872.253
25815.0,47873.558
25816.0,47874.863
25817.0,47876.168
25818.0,47877.473
25819.0,47878.778
25820.0,47880.083
25821.0,47881.387
25822.0,47882.69
25823.0,47883.994
25824.0,47885.297
25825.0,47886.601
25826.0,47887.905
25827.0,47889.208
25828.0,47890.512
25829.0,47891.815
25830.0,47893.119
25831.0,47894.422
25832.0,47895.724
25833.0,47897.027
25834.0,47898.33
25835.0,47899.633
25836.0,47900.935
25837.0,47902.238
25838.0,47903.541
25839.0,47904.843
25840.0,47906.146
25841.0,47907.448
25842.0,47908.75
25843.0,47910.052
25844.0,47911.354
25845.0,47912.657
25846.0,47913.959
25847.0,47915.261
25848.0,47916.563
25849.0,47917.865
25850.0,47919.167
25851.0,47920.468
25852.0,47921.768
25853.0,47923.069
25854.0,47924.37
25855.0,47925.671
25856.0,47926.971
25857.0,47928.272
25858.0,47929.573
25859.0,47930.873
25860.0,47932.174
25861.0,47933.474
25862.0,47934.773
25863.0,47936.073
25864.0,47937.373
25865.0,47938.673
25866.0,47939.972
25867.0,47941.272
25868.0,47942.572
25869.0,47943.871
25870.0,47945.171
25871.0,47946.47
25872.0,47947.769
25873.0,47949.068
25874.0,47950.367
25875.0,47951.666
25876.0,47952.965
25877.0,47954.264
25878.0,47955.563
25879.0,47956.862
25880.0,47958.161
25881.0,47959.459
25882.0,47960.757
25883.0,47962.054
25884.0,47963.352
25885.0,47964.65
25886.0,47965.948
25887.0,47967.246
25888.0,47968.543
25889.0,47969.841
25890.0,47971.139
25891.0,47972.436
25892.0,47973.732
25893.0,47975.029
25894.0,47976.326
25895.0,47977.623
25896.0,47978.919
25897.0,47980.216
25898.0,47981.513
25899.0,47982.809
25900.0,47984.106
25901.0,47985.402
25902.0,47986.698
25903.0,47987.994
25904.0,47989.29
25905.0,47990.587
25906.0,47991.883
25907.0,47993.179
25908.0,47994.475
25909.0,47995.771
25910.0,47997.067
25911.0,47998.362
25912.0,47999.657
25913.0,48000.951
25914.0,48002.246
25915.0,48003.541
25916.0,48004.836
25917.0,48006.131
25918.0,48007.425
25919.0,48008.72
25920.0,48010.015
25921.0,48011.309
25922.0,48012.603
25923.0,48013.896
25924.0,48015.19
25925.0,48016.484
25926.0,48017.778
25927.0,48019.072
25928.0,48020.365
25929.0,48021.659
25930.0,48022.953
25931.0,48024.246
25932.0,48025.539
25933.0,48026.832
25934.0,48028.125
25935.0,48029.419
25936.0,48030.712
25937.0,48032.005
25938.0,48033.298
25939.0,48034.591
25940.0,48035.884
25941.0,48037.176
25942.0,48038.468
25943.0,48039.759
25944.0,48041.051
25945.0,48042.343
25946.0,48043.635
25947.0,48044.927
25948.0,48046.218
25949.0,48047.51
25950.0,48048.802
25951.0,48050.093
25952.0,48051.384
25953.0,48052.674
25954.0,48053.965
25955.0,48055.256
25956.0,48056.547
25957.0,48057.838
25958.0,48059.128
25959.0,48060.419
25960.0,48061.71
25961.0,48063.0
25962.0,48064.29
25963.0,48065.58
25964.0,48066.87
25965.0,48068.161
25966.0,48069.451
25967.0,48070.741
25968.0,48072.031
25969.0,48073.321
25970.0,48074.611
25971.0,48075.9
25972.0,48077.189
25973.0,48078.478
25974.0,48079.767
25975.0,48081.056
25976.0,48082.344
25977.0,48083.633
25978.0,48084.922
25979.0,48086.211
25980.0,48087.5
25981.0,48088.788
25982.0,48090.076
25983.0,48091.364
25984.0,48092.652
25985.0,48093.941
25986.0,48095.229
25987.0,48096.517
25988.0,48097.805
25989.0,48099.093
25990.0,48100.381
25991.0,48101.668
25992.0,48102.955
25993.0,48104.242
25994.0,48105.529
25995.0,48106.816
25996.0,48108.102
25997.0,48109.389
25998.0,48110.676
25999.0,48111.963
26000.0,48113.25
26001.0,48114.536
26002.0,48115.822
26003.0,48117.107
26004.0,48118.393
26005.0,48119.679
26006.0,48120.965
26007.0,48122.251
26008.0,48123.536
26009.0,48124.822
26010.0,48126.108
26011.0,48127.393
26012.0,48128.678
26013.0,48129.964
26014.0,48131.249
26015.0,48132.534
26016.0,48133.819
26017.0,48135.104
26018.0,48136.39
26019.0,48137.675
26020.0,48138.96
26021.0,48140.244
26022.0,48141.528
26023.0,48142.812
26024.0,48144.096
26025.0,48145.38
26026.0,48146.663
26027.0,48147.947
26028.0,48149.231
26029.0,48150.515
26030.0,48151.799
26031.0,48153.082
26032.0,48154.365
26033.0,48155.648
26034.0,48156.931
26035.0,48158.214
26036.0,48159.496
26037.0,48160.779
26038.0,48162.062
26039.0,48163.345
26040.0,48164.628
26041.0,48165.91
26042.0,48167.192
26043.0,48168.475
26044.0,48169.757
26045.0,48171.039
26046.0,48172.321
26047.0,48173.603
26048.0,48174.886
26049.0,48176.168
26050.0,48177.45
26051.0,48178.731
26052.0,48180.012
26053.0,48181.293
26054.0,48182.574
26055.0,48183.855
26056.0,48185.135
26057.0,48186.416
26058.0,48187.697
26059.0,48188.978
26060.0,48190.259
26061.0,48191.539
26062.0,48192.819
26063.0,48194.099
26064.0,48195.379
26065.0,48196.659
26066.0,48197.938
26067.0,48199.218
26068.0,48200.498
26069.0,48201.778
26070.0,48203.058
26071.0,48204.337
26072.0,48205.617
26073.0,48206.896
26074.0,48208.175
26075.0,48209.455
26076.0,48210.734
26077.0,48212.013
26078.0,48213.292
26079.0,48214.572
26080.0,48215.851
26081.0,48217.129
26082.0,48218.407
26083.0,48219.685
26084.0,48220.963
26085.0,48222.241
26086.0,48223.518
26087.0,48224.796
26088.0,48226.074
26089.0,48227.352
26090.0,48228.63
26091.0,48229.907
26092.0,48231.184
26093.0,48232.461
26094.0,48233.738
26095.0,48235.015
26096.0,48236.292
26097.0,48237.569
26098.0,48238.846
26099.0,48240.123
26100.0,48241.4
26101.0,48242.676
26102.0,48243.953
26103.0,48245.229
26104.0,48246.505
26105.0,48247.782
26106.0,48249.058
26107.0,48250.334
26108.0,48251.61
26109.0,48252.887
26110.0,48254.163
26111.0,48255.438
26112.0,48256.713
26113.0,48257.988
26114.0,48259.263
26115.0,48260.538
26116.0,48261.812
26117.0,48263.087
26118.0,48264.362
26119.0,48265.637
26120.0,48266.912
26121.0,48268.186
26122.0,48269.46
26123.0,48270.734
26124.0,48272.008
26125.0,48273.282
26126.0,48274.556
26127.0,48275.83
26128.0,48277.104
26129.0,48278.378
26130.0,48279.652
26131.0,48280.925
26132.0,48282.199
26133.0,48283.472
26134.0,48284.745
26135.0,48286.019
26136.0,48287.292
26137.0,48288.565
26138.0,48289.838
26139.0,48291.112
26140.0,48292.385
26141.0,48293.657
26142.0,48294.929
26143.0,48296.201
26144.0,48297.473
26145.0,48298.745
26146.0,48300.017
26147.0,48301.289
26148.0,48302.561
26149.0,48303.833
26150.0,48305.105
26151.0,48306.376
26152.0,48307.647
26153.0,48308.918
26154.0,48310.189
26155.0,48311.46
26156.0,48312.731
26157.0,48314.002
26158.0,48315.273
26159.0,48316.544
26160.0,48317.815
26161.0,48319.085
26162.0,48320.356
26163.0,48321.626
26164.0,48322.897
26165.0,48324.167
26166.0,48325.437
26167.0,48326.708
26168.0,48327.978
26169.0,48329.249
26170.0,48330.519
26171.0,48331.788
26172.0,48333.057
26173.0,48334.326
26174.0,48335.595
26175.0,48336.864
26176.0,48338.133
26177.0,48339.402
26178.0,48340.671
26179.0,48341.94
26180.0,48343.209
26181.0,48344.477
26182.0,48345.745
26183.0,48347.013
26184.0,48348.281
26185.0,48349.549
26186.0,48350.817
26187.0,48352.085
26188.0,48353.353
26189.0,48354.621
26190.0,48355.889
26191.0,48357.156
26192.0,48358.424
26193.0,48359.691
26194.0,48360.959
26195.0,48362.226
26196.0,48363.493
26197.0,48364.761
26198.0,48366.028
26199.0,48367.296
26200.0,48368.563
26201.0,48369.829
26202.0,48371.095
26203.0,48372.361
26204.0,48373.627
26205.0,48374.894
26206.0,48376.16
26207.0,48377.426
26208.0,48378.692
26209.0,48379.958
26210.0,48381.224
26211.0,48382.489
26212.0,48383.754
26213.0,48385.019
26214.0,48386.284
26215.0,48387.549
26216.0,48388.814
26217.0,48390.079
26218.0,48391.344
26219.0,48392.609
26220.0,48393.874
26221.0,48395.139
26222.0,48396.403
26223.0,48397.668
26224.0,48398.932
26225.0,48400.197
26226.0,48401.461
26227.0,48402.726
26228.0,48403.99
26229.0,48405.255
26230.0,48406.519
26231.0,48407.782
26232.0,48409.045
26233.0,48410.308
26234.0,48411.571
26235.0,48412.834
26236.0,48414.097
26237.0,48415.36
26238.0,48416.623
26239.0,48417.886
26240.0,48419.149
26241.0,48420.411
26242.0,48421.673
26243.0,48422.935
26244.0,48424.197
26245.0,48425.46
26246.0,48426.722
26247.0,48427.984
26248.0,48429.246
26249.0,48430.508
26250.0,48431.77
26251.0,48433.032
26252.0,48434.293
26253.0,48435.555
26254.0,48436.816
26255.0,48438.078
26256.0,48439.339
26257.0,48440.601
26258.0,48441.862
26259.0,48443.124
26260.0,48444.385
26261.0,48445.645
26262.0,48446.905
26263.0,48448.165
26264.0,48449.425
26265.0,48450.686
26266.0,48451.946
26267.0,48453.206
26268.0,48454.466
26269.0,48455.726
26270.0,48456.986
26271.0,48458.246
26272.0,48459.505
26273.0,48460.765
26274.0,48462.024
26275.0,48463.284
26276.0,48464.543
26277.0,48465.803
26278.0,48467.062
26279.0,48468.322
26280.0,48469.581
26281.0,48470.839
26282.0,48472.097
26283.0,48473.355
26284.0,48474.613
26285.0,48475.872
26286.0,48477.13
26287.0,48478.388
26288.0,48479.646
26289.0,48480.904
26290.0,48482.162
26291.0,48483.419
26292.0,48484.676
26293.0,48485.933
26294.0,48487.19
26295.0,48488.448
26296.0,48489.705
26297.0,48490.962
26298.0,48492.219
26299.0,48493.476
26300.0,48494.733
26301.0,48495.99
26302.0,48497.246
26303.0,48498.503
26304.0,48499.759
26305.0,48501.016
26306.0,48502.272
26307.0,48503.529
26308.0,48504.785
26309.0,48506.042
26310.0,48507.298
26311.0,48508.553
26312.0,48509.808
26313.0,48511.064
26314.0,48512.319
26315.0,48513.574
26316.0,48514.829
26317.0,48516.084
26318.0,48517.34
26319.0,48518.595
26320.0,48519.85
26321.0,48521.104
26322.0,48522.358
26323.0,48523.613
26324.0,48524.867
26325.0,48526.121
26326.0,48527.375
26327.0,48528.629
26328.0,48529.884
26329.0,48531.138
26330.0,48532.392
26331.0,48533.646
26332.0,48534.899
26333.0,48536.153
26334.0,48537.406
26335.0,48538.66
26336.0,48539.913
26337.0,48541.167
26338.0,48542.42
26339.0,48543.674
26340.0,48544.927
26341.0,48546.179
26342.0,48547.431
26343.0,48548.684
26344.0,48549.936
26345.0,48551.188
26346.0,48552.44
26347.0,48553.692
26348.0,48554.945
26349.0,48556.197
26350.0,48557.449
26351.0,48558.7
26352.0,48559.951
26353.0,48561.203
26354.0,48562.454
26355.0,48563.705
26356.0,48564.956
26357.0,48566.207
26358.0,48567.459
26359.0,48568.71
26360.0,48569.961
26361.0,48571.212
26362.0,48572.462
26363.0,48573.713
26364.0,48574.963
26365.0,48576.214
26366.0,48577.465
26367.0,48578.715
26368.0,48579.966
26369.0,48581.216
26370.0,48582.467
26371.0,48583.716
26372.0,48584.965
26373.0,48586.215
26374.0,48587.464
26375.0,48588.713
26376.0,48589.962
26377.0,48591.211
26378.0,48592.461
26379.0,48593.71
26380.0,48594.959
26381.0,48596.207
26382.0,48597.455
26383.0,48598.704
26384.0,48599.952
26385.0,48601.2
26386.0,48602.448
26387.0,48603.696
26388.0,48604.945
26389.0,48606.193
26390.0,48607.441
26391.0,48608.689
26392.0,48609.936
26393.0,48611.184
26394.0,48612.431
26395.0,48613.679
26396.0,48614.927
26397.0,48616.174
26398.0,48617.422
26399.0,48618.669
26400.0,48619.917
26401.0,48621.163
26402.0,48622.41
26403.0,48623.656
26404.0,48624.902
26405.0,48626.149
26406.0,48627.395
26407.0,48628.641
26408.0,48629.887
26409.0,48631.134
26410.0,48632.38
26411.0,48633.625
26412.0,48634.87
26413.0,48636.116
26414.0,48637.361
26415.0,48638.606
26416.0,48639.851
26417.0,48641.096
26418.0,48642.342
26419.0,48643.587
26420.0,48644.832
26421.0,48646.077
26422.0,48647.321
26423.0,48648.566
26424.0,48649.81
26425.0,48651.055
26426.0,48652.3
26427.0,48653.544
26428.0,48654.789
26429.0,48656.033
26430.0,48657.278
26431.0,48658.521
26432.0,48659.765
26433.0,48661.008
26434.0,48662.251
26435.0,48663.495
26436.0,48664.738
26437.0,48665.981
26438.0,48667.224
26439.0,48668.468
26440.0,48669.711
26441.0,48670.953
26442.0,48672.196
26443.0,48673.438
26444.0,48674.68
26445.0,48675.923
26446.0,48677.165
26447.0,48678.407
26448.0,48679.649
26449.0,48680.892
26450.0,48682.134
26451.0,48683.376
26452.0,48684.617
26453.0,48685.859
26454.0,48687.101
26455.0,48688.343
26456.0,48689.584
26457.0,48690.826
26458.0,48692.068
26459.0,48693.309
26460.0,48694.551
26461.0,48695.791
26462.0,48697.032
26463.0,48698.272
26464.0,48699.512
26465.0,48700.753
26466.0,48701.993
26467.0,48703.233
26468.0,48704.473
26469.0,48705.714
26470.0,48706.954
26471.0,48708.193
26472.0,48709.433
26473.0,48710.672
26474.0,48711.911
26475.0,48713.151
26476.0,48714.39
26477.0,48715.629
26478.0,48716.868
26479.0,48718.108
26480.0,48719.347
26481.0,48720.586
26482.0,48721.824
26483.0,48723.063
26484.0,48724.302
26485.0,48725.541
26486.0,48726.779
26487.0,48728.018
26488.0,48729.257
26489.0,48730.495
26490.0,48731.734
26491.0,48732.971
26492.0,48734.209
26493.0,48735.446
26494.0,48736.683
26495.0,48737.921
26496.0,48739.158
26497.0,48740.395
26498.0,48741.632
26499.0,48742.87
26500.0,48744.107
26501.0,48745.343
26502.0,48746.58
26503.0,48747.816
26504.0,48749.053
26505.0,48750.289
26506.0,48751.525
26507.0,48752.762
26508.0,48753.998
26509.0,48755.235
26510.0,48756.471
26511.0,48757.707
26512.0,48758.942
26513.0,48760.178
26514.0,48761.414
26515.0,48762.65
26516.0,48763.885
26517.0,48765.121
26518.0,48766.357
26519.0,48767.592
26520.0,48768.828
26521.0,48770.062
26522.0,48771.297
26523.0,48772.531
26524.0,48773.765
26525.0,48775.0
26526.0,48776.234
26527.0,48777.468
26528.0,48778.702
26529.0,48779.937
26530.0,48781.171
26531.0,48782.404
26532.0,48783.638
26533.0,48784.871
26534.0,48786.105
26535.0,48787.338
26536.0,48788.571
26537.0,48789.805
26538.0,48791.038
26539.0,48792.272
26540.0,48793.505
26541.0,48794.738
26542.0,48795.971
26543.0,48797.203
26544.0,48798.436
26545.0,48799.669
26546.0,48800.902
26547.0,48802.135
26548.0,48803.367
26549.0,48804.6
26550.0,48805.833
26551.0,48807.064
26552.0,48808.296
26553.0,48809.527
26554.0,48810.759
26555.0,48811.99
26556.0,48813.221
26557.0,48814.453
26558.0,48815.684
26559.0,48816.916
26560.0,48818.147
26561.0,48819.378
26562.0,48820.608
26563.0,48821.839
26564.0,48823.07
26565.0,48824.301
26566.0,48825.531
26567.0,48826.762
26568.0,48827.993
26569.0,48829.223
26570.0,48830.454
26571.0,48831.684
26572.0,48832.913
26573.0,48834.143
26574.0,48835.372
26575.0,48836.602
26576.0,48837.831
26577.0,48839.061
26578.0,48840.29
26579.0,48841.52
26580.0,48842.749
26581.0,48843.977
26582.0,48845.206
26583.0,48846.434
26584.0,48847.663
26585.0,48848.891
26586.0,48850.119
26587.0,48851.348
26588.0,48852.576
26589.0,48853.805
26590.0,48855.033
26591.0,48856.261
26592.0,48857.489
26593.0,48858.716
26594.0,48859.944
26595.0,48861.172
26596.0,48862.4
26597.0,48863.628
26598.0,48864.855
26599.0,48866.083
26600.0,48867.311
26601.0,48868.537
26602.0,48869.764
26603.0,48870.99
26604.0,48872.217
26605.0,48873.443
26606.0,48874.669
26607.0,48875.896
26608.0,48877.122
26609.0,48878.349
26610.0,48879.575
26611.0,48880.801
26612.0,48882.026
26613.0,48883.252
26614.0,48884.477
26615.0,48885.703
26616.0,48886.928
26617.0,48888.154
26618.0,48889.379
26619.0,48890.605
26620.0,48891.83
26621.0,48893.055
26622.0,48894.28
26623.0,48895.504
26624.0,48896.729
26625.0,48897.954
26626.0,48899.179
26627.0,48900.404
26628.0,48901.628
26629.0,48902.853
26630.0,48904.078
26631.0,48905.302
26632.0,48906.525
26633.0,48907.749
26634.0,48908.972
26635.0,48910.196
26636.0,48911.419
26637.0,48912.643
26638.0,48913.866
26639.0,48915.09
26640.0,48916.313
26641.0,48917.536
26642.0,48918.758
26643.0,48919.981
26644.0,48921.203
26645.0,48922.426
26646.0,48923.648
26647.0,48924.871
26648.0,48926.093
26649.0,48927.316
26650.0,48928.538
26651.0,48929.76
26652.0,48930.982
26653.0,48932.203
26654.0,48933.425
26655.0,48934.647
26656.0,48935.869
26657.0,48937.091
26658.0,48938.312
26659.0,48939.534
26660.0,48940.756
26661.0,48941.977
26662.0,48943.197
26663.0,48944.418
26664.0,48945.638
26665.0,48946.859
26666.0,48948.079
26667.0,48949.3
26668.0,48950.52
26669.0,48951.741
26670.0,48952.961
26671.0,48954.181
26672.0,48955.4
26673.0,48956.62
26674.0,48957.839
26675.0,48959.059
26676.0,48960.279
26677.0,48961.498
26678.0,48962.718
26679.0,48963.937
26680.0,48965.157
26681.0,48966.376
26682.0,48967.595
26683.0,48968.814
26684.0,48970.033
26685.0,48971.252
26686.0,48972.47
26687.0,48973.689
26688.0,48974.908
26689.0,48976.127
26690.0,48977.346
26691.0,48978.564
26692.0,48979.781
26693.0,48980.999
26694.0,48982.216
26695.0,48983.434
26696.0,48984.651
26697.0,48985.869
26698.0,48987.086
26699.0,48988.304
26700.0,48989.521
26701.0,48990.738
26702.0,48991.954
26703.0,48993.171
26704.0,48994.387
26705.0,48995.604
26706.0,48996.82
26707.0,48998.037
26708.0,48999.253
26709.0,49000.47
26710.0,49001.686
26711.0,49002.902
26712.0,49004.118
26713.0,49005.334
26714.0,49006.55
26715.0,49007.766
26716.0,49008.982
26717.0,49010.198
26718.0,49011.414
26719.0,49012.63
26720.0,49013.846
26721.0,49015.061
26722.0,49016.275
26723.0,49017.49
26724.0,49018.704
26725.0,49019.919
26726.0,49021.133
26727.0,49022.348
26728.0,49023.562
26729.0,49024.777
26730.0,49025.991
26731.0,49027.205
26732.0,49028.418
26733.0,49029.632
26734.0,49030.845
26735.0,49032.059
26736.0,49033.273
26737.0,49034.486
26738.0,49035.7
26739.0,49036.913
26740.0,49038.127
26741.0,49039.34
26742.0,49040.553
26743.0,49041.766
26744.0,49042.979
26745.0,49044.192
26746.0,49045.405
26747.0,49046.618
26748.0,49047.831
26749.0,49049.044
26750.0,49050.257
26751.0,49051.469
26752.0,49052.68
26753.0,49053.892
26754.0,49055.103
26755.0,49056.315
26756.0,49057.526
26757.0,49058.738
26758.0,49059.949
26759.0,49061.161
26760.0,49062.372
26761.0,49063.583
26762.0,49064.793
26763.0,49066.004
26764.0,49067.214
26765.0,49068.425
26766.0,49069.636
26767.0,49070.846
26768.0,49072.057
26769.0,49073.267
26770.0,49074.478
26771.0,49075.688
26772.0,49076.898
26773.0,49078.108
26774.0,49079.318
26775.0,49080.528
26776.0,49081.738
26777.0,49082.948
26778.0,49084.158
26779.0,49085.368
26780.0,49086.578
26781.0,49087.787
26782.0,49088.995
26783.0,49090.204
26784.0,49091.413
26785.0,49092.622
26786.0,49093.83
26787.0,49095.039
26788.0,49096.248
26789.0,49097.456
26790.0,49098.665
26791.0,49099.873
26792.0,49101.08
26793.0,49102.288
26794.0,49103.495
26795.0,49104.703
26796.0,49105.911
26797.0,49107.118
26798.0,49108.326
26799.0,49109.533
26800.0,49110.741
26801.0,49111.948
26802.0,49113.155
26803.0,49114.362
26804.0,49115.569
26805.0,49116.776
26806.0,49117.983
26807.0,49119.19
26808.0,49120.397
26809.0,49121.604
26810.0,49122.811
26811.0,49124.017
26812.0,49125.222
26813.0,49126.428
26814.0,49127.634
26815.0,49128.84
26816.0,49130.045
26817.0,49131.251
26818.0,49132.457
26819.0,49133.662
26820.0,49134.868
26821.0,49136.073
26822.0,49137.277
26823.0,49138.482
26824.0,49139.686
26825.0,49140.891
26826.0,49142.096
26827.0,49143.3
26828.0,49144.505
26829.0,49145.709
26830.0,49146.914
26831.0,49148.118
26832.0,49149.322
26833.0,49150.526
26834.0,49151.73
26835.0,49152.935
26836.0,49154.139
26837.0,49155.343
26838.0,49156.547
26839.0,49157.751
26840.0,49158.955
26841.0,49160.158
26842.0,49161.36
26843.0,49162.563
26844.0,49163.766
26845.0,49164.969
26846.0,49166.171
26847.0,49167.374
26848.0,49168.577
26849.0,49169.779
26850.0,49170.982
26851.0,49172.184
26852.0,49173.385
26853.0,49174.587
26854.0,49175.788
26855.0,49176.99
26856.0,49178.192
26857.0,49179.393
26858.0,49180.595
26859.0,49181.796
26860.0,49182.998
26861.0,49184.199
26862.0,49185.4
26863.0,49186.601
26864.0,49187.802
26865.0,49189.004
26866.0,49190.205
26867.0,49191.406
26868.0,49192.607
26869.0,49193.808
26870.0,49195.009
26871.0,49196.209
26872.0,49197.408
26873.0,49198.608
26874.0,49199.808
26875.0,49201.008
26876.0,49202.207
26877.0,49203.407
26878.0,49204.607
26879.0,49205.806
26880.0,49207.006
26881.0,49208.205
26882.0,49209.404
26883.0,49210.603
26884.0,49211.802
26885.0,49213.002
26886.0,49214.201
26887.0,49215.4
26888.0,49216.599
26889.0,49217.798
26890.0,49218.997
26891.0,49220.195
26892.0,49221.393
26893.0,49222.59
26894.0,49223.788
26895.0,49224.986
26896.0,49226.184
26897.0,49227.382
26898.0,49228.579
26899.0,49229.777
26900.0,49230.975
26901.0,49232.172
26902.0,49233.368
26903.0,49234.565
26904.0,49235.762
26905.0,49236.959
26906.0,49238.155
26907.0,49239.352
26908.0,49240.549
26909.0,49241.745
26910.0,49242.942
26911.0,49244.138
26912.0,49245.334
26913.0,49246.53
26914.0,49247.726
26915.0,49248.923
26916.0,49250.119
26917.0,49251.315
26918.0,49252.511
26919.0,49253.707
26920.0,49254.903
26921.0,49256.098
26922.0,49257.293
26923.0,49258.487
26924.0,49259.682
26925.0,49260.877
26926.0,49262.072
26927.0,49263.267
26928.0,49264.461
26929.0,49265.656
26930.0,49266.851
26931.0,49268.045
26932.0,49269.239
26933.0,49270.432
26934.0,49271.626
26935.0,49272.82
26936.0,49274.014
26937.0,49275.208
26938.0,49276.401
26939.0,49277.595
26940.0,49278.789
26941.0,49279.982
26942.0,49281.175
26943.0,49282.368
26944.0,49283.561
26945.0,49284.755
26946.0,49285.948
26947.0,49287.141
26948.0,49288.334
26949.0,49289.527
26950.0,49290.72
26951.0,49291.912
26952.0,49293.104
26953.0,49294.295
26954.0,49295.487
26955.0,49296.679
26956.0,49297.871
26957.0,49299.063
26958.0,49300.254
26959.0,49301.446
26960.0,49302.638
26961.0,49303.829
26962.0,49305.02
26963.0,49306.21
26964.0,49307.401
26965.0,49308.592
26966.0,49309.783
26967.0,49310.974
26968.0,49312.164
26969.0,49313.355
26970.0,49314.546
26971.0,49315.736
26972.0,49316.926
26973.0,49318.117
26974.0,49319.307
26975.0,49320.497
26976.0,49321.687
26977.0,49322.877
26978.0,49324.068
26979.0,49325.258
26980.0,49326.448
26981.0,49327.637
26982.0,49328.826
26983.0,49330.014
26984.0,49331.203
26985.0,49332.392
26986.0,49333.581
26987.0,49334.77
26988.0,49335.958
26989.0,49337.147
26990.0,49338.336
26991.0,49339.524
26992.0,49340.712
26993.0,49341.9
26994.0,49343.088
26995.0,49344.276
26996.0,49345.463
26997.0,49346.651
26998.0,49347.839
26999.0,49349.027
27000.0,49350.215
27001.0,49351.402
27002.0,49352.589
27003.0,49353.777
27004.0,49354.964
27005.0,49356.151
27006.0,49357.338
27007.0,49358.525
27008.0,49359.713
27009.0,49360.9
27010.0,49362.087
27011.0,49363.273
27012.0,49364.459
27013.0,49365.644
27014.0,49366.83
27015.0,49368.016
27016.0,49369.202
27017.0,49370.388
27018.0,49371.573
27019.0,49372.759
27020.0,49373.945
27021.0,49375.13
27022.0,49376.315
27023.0,49377.5
27024.0,49378.685
27025.0,49379.87
27026.0,49381.054
27027.0,49382.239
27028.0,49383.424
27029.0,49384.609
27030.0,49385.794
27031.0,49386.978
27032.0,49388.163
27033.0,49389.347
27034.0,49390.531
27035.0,49391.716
27036.0,49392.9
27037.0,49394.084
27038.0,49395.268
27039.0,49396.453
27040.0,49397.637
27041.0,49398.82
27042.0,49400.003
27043.0,49401.185
27044.0,49402.368
27045.0,49403.551
27046.0,49404.734
27047.0,49405.917
27048.0,49407.099
27049.0,49408.282
27050.0,49409.465
27051.0,49410.647
27052.0,49411.829
27053.0,49413.011
27054.0,49414.193
27055.0,49415.375
27056.0,49416.556
27057.0,49417.738
27058.0,49418.92
27059.0,49420.102
27060.0,49421.284
27061.0,49422.465
27062.0,49423.647
27063.0,49424.828
27064.0,49426.009
27065.0,49427.191
27066.0,49428.372
27067.0,49429.553
27068.0,49430.734
27069.0,49431.916
27070.0,49433.097
27071.0,49434.277
27072.0,49435.457
27073.0,49436.637
27074.0,49437.817
27075.0,49438.997
27076.0,49440.176
27077.0,49441.356
27078.0,49442.536
27079.0,49443.716
27080.0,49444.896
27081.0,49446.075
27082.0,49447.254
27083.0,49448.433
27084.0,49449.612
27085.0,49450.791
27086.0,49451.969
27087.0,49453.148
27088.0,49454.327
27089.0,49455.506
27090.0,49456.685
27091.0,49457.863
27092.0,49459.042
27093.0,49460.22
27094.0,49461.399
27095.0,49462.577
27096.0,49463.755
27097.0,49464.934
27098.0,49466.112
27099.0,49467.291
27100.0,49468.469
27101.0,49469.646
27102.0,49470.823
27103.0,49472.0
27104.0,49473.177
27105.0,49474.354
27106.0,49475.53
27107.0,49476.707
27108.0,49477.884
27109.0,49479.061
27110.0,49480.238
27111.0,49481.414
27112.0,49482.59
27113.0,49483.766
27114.0,49484.942
27115.0,49486.118
27116.0,49487.293
27117.0,49488.469
27118.0,49489.645
27119.0,49490.821
27120.0,49491.997
27121.0,49493.172
27122.0,49494.348
27123.0,49495.523
27124.0,49496.699
27125.0,49497.874
27126.0,49499.049
27127.0,49500.225
27128.0,49501.4
27129.0,49502.576
27130.0,49503.751
27131.0,49504.925
27132.0,49506.099
27133.0,49507.273
27134.0,49508.447
27135.0,49509.621
27136.0,49510.795
27137.0,49511.969
27138.0,49513.143
27139.0,49514.317
27140.0,49515.491
27141.0,49516.664
27142.0,49517.837
27143.0,49519.01
27144.0,49520.183
27145.0,49521.356
27146.0,49522.528
27147.0,49523.701
27148.0,49524.874
27149.0,49526.047
27150.0,49527.22
27151.0,49528.392
27152.0,49529.565
27153.0,49530.737
27154.0,49531.91
27155.0,49533.082
27156.0,49534.254
27157.0,49535.427
27158.0,49536.599
27159.0,49537.772
27160.0,49538.944
27161.0,49540.115
27162.0,49541.286
27163.0,49542.457
27164.0,49543.628
27165.0,49544.799
27166.0,49545.97
27167.0,49547.141
27168.0,49548.312
27169.0,49549.483
27170.0,49550.654
27171.0,49551.824
27172.0,49552.995
27173.0,49554.165
27174.0,49555.336
27175.0,49556.506
27176.0,49557.676
27177.0,49558.847
27178.0,49560.017
27179.0,49561.188
27180.0,49562.358
27181.0,49563.527
27182.0,49564.696
27183.0,49565.865
27184.0,49567.034
27185.0,49568.203
27186.0,49569.372
27187.0,49570.541
27188.0,49571.71
27189.0,49572.879
27190.0,49574.048
27191.0,49575.216
27192.0,49576.384
27193.0,49577.552
27194.0,49578.72
27195.0,49579.889
27196.0,49581.057
27197.0,49582.225
27198.0,49583.393
27199.0,49584.561
27200.0,49585.729
27201.0,49586.896
27202.0,49588.064
27203.0,49589.231
27204.0,49590.399
27205.0,49591.566
27206.0,49592.733
27207.0,49593.901
27208.0,49595.068
27209.0,49596.236
27210.0,49597.403
27211.0,49598.569
27212.0,49599.735
27213.0,49600.901
27214.0,49602.067
27215.0,49603.233
27216.0,49604.399
27217.0,49605.565
27218.0,49606.731
27219.0,49607.897
27220.0,49609.063
27221.0,49610.228
27222.0,49611.393
27223.0,49612.558
27224.0,49613.723
27225.0,49614.889
27226.0,49616.054
27227.0,49617.219
27228.0,49618.384
27229.0,49619.549
27230.0,49620.714
27231.0,49621.879
27232.0,49623.043
27233.0,49624.208
27234.0,49625.372
27235.0,49626.537
27236.0,49627.701
27237.0,49628.866
27238.0,49630.03
27239.0,49631.195
27240.0,49632.359
27241.0,49633.522
27242.0,49634.685
27243.0,49635.848
27244.0,49637.011
27245.0,49638.174
27246.0,49639.337
27247.0,49640.5
27248.0,49641.663
27249.0,49642.826
27250.0,49643.989
27251.0,49645.151
27252.0,49646.313
27253.0,49647.475
27254.0,49648.637
27255.0,49649.8
27256.0,49650.962
27257.0,49652.124
27258.0,49653.286
27259.0,49654.448
27260.0,49655.61
27261.0,49656.772
27262.0,49657.933
27263.0,49659.095
27264.0,49660.256
27265.0,49661.418
27266.0,49662.579
27267.0,49663.741
27268.0,49664.902
27269.0,49666.064
27270.0,49667.225
27271.0,49668.385
27272.0,49669.545
27273.0,49670.705
27274.0,49671.865
27275.0,49673.026
27276.0,49674.186
27277.0,49675.346
27278.0,49676.506
27279.0,49677.666
27280.0,49678.826
27281.0,49679.985
27282.0,49681.144
27283.0,49682.303
27284.0,49683.462
27285.0,49684.622
27286.0,49685.781
27287.0,49686.94
27288.0,49688.099
27289.0,49689.258
27290.0,49690.417
27291.0,49691.576
27292.0,49692.734
27293.0,49693.893
27294.0,49695.051
27295.0,49696.21
27296.0,49697.369
27297.0,49698.527
27298.0,49699.686
27299.0,49700.844
27300.0,49702.003
27301.0,49703.16
27302.0,49704.317
27303.0,49705.474
27304.0,49706.631
27305.0,49707.789
27306.0,49708.946
27307.0,49710.103
27308.0,49711.26
27309.0,49712.417
27310.0,49713.574
27311.0,49714.73
27312.0,49715.886
27313.0,49717.042
27314.0,49718.198
27315.0,49719.355
27316.0,49720.511
27317.0,49721.667
27318.0,49722.823
27319.0,49723.979
27320.0,49725.135
27321.0,49726.291
27322.0,49727.446
27323.0,49728.602
27324.0,49729.757
27325.0,49730.913
27326.0,49732.069
27327.0,49733.224
27328.0,49734.38
27329.0,49735.535
27330.0,49736.691
27331.0,49737.845
27332.0,49738.999
27333.0,49740.154
27334.0,49741.308
27335.0,49742.462
27336.0,49743.616
27337.0,49744.77
27338.0,49745.925
27339.0,49747.079
27340.0,49748.233
27341.0,49749.386
27342.0,49750.539
27343.0,49751.692
27344.0,49752.845
27345.0,49753.999
27346.0,49755.152
27347.0,49756.305
27348.0,49757.458
27349.0,49758.611
27350.0,49759.764
27351.0,49760.917
27352.0,49762.069
27353.0,49763.222
27354.0,49764.374
27355.0,49765.527
27356.0,49766.68
27357.0,49767.832
27358.0,49768.985
27359.0,49770.137
27360.0,49771.29
27361.0,49772.441
27362.0,49773.592
27363.0,49774.744
27364.0,49775.895
27365.0,49777.046
27366.0,49778.197
27367.0,49779.348
27368.0,49780.5
27369.0,49781.651
27370.0,49782.802
27371.0,49783.952
27372.0,49785.102
27373.0,49786.253
27374.0,49787.403
27375.0,49788.553
27376.0,49789.703
27377.0,49790.853
27378.0,49792.004
27379.0,49793.154
27380.0,49794.304
27381.0,49795.454
27382.0,49796.603
27383.0,49797.753
27384.0,49798.902
27385.0,49800.052
27386.0,49801.202
27387.0,49802.351
27388.0,49803.501
27389.0,49804.65
27390.0,49805.8
27391.0,49806.948
27392.0,49808.097
27393.0,49809.245
27394.0,49810.393
27395.0,49811.542
27396.0,49812.69
27397.0,49813.838
27398.0,49814.986
27399.0,49816.135
27400.0,49817.283
27401.0,49818.43
27402.0,49819.577
27403.0,49820.725
27404.0,49821.872
27405.0,49823.019
27406.0,49824.166
27407.0,49825.313
27408.0,49826.461
27409.0,49827.608
27410.0,49828.755
27411.0,49829.902
27412.0,49831.048
27413.0,49832.195
27414.0,49833.341
27415.0,49834.488
27416.0,49835.635
27417.0,49836.781
27418.0,49837.928
27419.0,49839.074
27420.0,49840.221
27421.0,49841.366
27422.0,49842.512
27423.0,49843.657
27424.0,49844.802
27425.0,49845.948
27426.0,49847.093
27427.0,49848.238
27428.0,49849.383
27429.0,49850.529
27430.0,49851.674
27431.0,49852.818
27432.0,49853.963
27433.0,49855.107
27434.0,49856.251
27435.0,49857.396
27436.0,49858.54
27437.0,49859.684
27438.0,49860.828
27439.0,49861.973
27440.0,49863.117
27441.0,49864.261
27442.0,49865.404
27443.0,49866.548
27444.0,49867.691
27445.0,49868.835
27446.0,49869.979
27447.0,49871.122
27448.0,49872.266
27449.0,49873.409
27450.0,49874.553
27451.0,49875.695
27452.0,49876.838
27453.0,49877.98
27454.0,49879.122
27455.0,49880.265
27456.0,49881.407
27457.0,49882.549
27458.0,49883.691
27459.0,49884.834
27460.0,49885.976
27461.0,49887.118
27462.0,49888.259
27463.0,49889.401
27464.0,49890.543
27465.0,49891.685
27466.0,49892.826
27467.0,49893.968
27468.0,49895.11
27469.0,49896.251
27470.0,49897.393
27471.0,49898.533
27472.0,49899.674
27473.0,49900.814
27474.0,49901.954
27475.0,49903.095
27476.0,49904.235
27477.0,49905.375
27478.0,49906.515
27479.0,49907.656
27480.0,49908.796
27481.0,49909.935
27482.0,49911.075
27483.0,49912.214
27484.0,49913.353
27485.0,49914.493
27486.0,49915.632
27487.0,49916.771
27488.0,49917.91
27489.0,49919.05
27490.0,49920.189
27491.0,49921.328
27492.0,49922.467
27493.0,49923.605
27494.0,49924.744
27495.0,49925.883
27496.0,49927.022
27497.0,49928.161
27498.0,49929.299
27499.0,49930.438
27500.0,49931.577
27501.0,49932.714
27502.0,49933.852
27503.0,49934.989
27504.0,49936.126
27505.0,49937.264
27506.0,49938.401
27507.0,49939.538
27508.0,49940.675
27509.0,49941.813
27510.0,49942.95
27511.0,49944.086
27512.0,49945.223
27513.0,49946.359
27514.0,49947.495
27515.0,49948.632
27516.0,49949.768
27517.0,49950.904
27518.0,49952.04
27519.0,49953.177
27520.0,49954.313
27521.0,49955.449
27522.0,49956.585
27523.0,49957.72
27524.0,49958.856
27525.0,49959.992
27526.0,49961.128
27527.0,49962.264
27528.0,49963.399
27529.0,49964.535
27530.0,49965.671
27531.0,49966.805
27532.0,49967.94
27533.0,49969.074
27534.0,49970.209
27535.0,49971.343
27536.0,49972.477
27537.0,49973.612
27538.0,49974.746
27539.0,49975.881
27540.0,49977.015
27541.0,49978.148
27542.0,49979.282
27543.0,49980.415
27544.0,49981.548
27545.0,49982.682
27546.0,49983.815
27547.0,49984.948
27548.0,49986.081
27549.0,49987.215
27550.0,49988.348
27551.0,49989.481
27552.0,49990.614
27553.0,49991.746
27554.0,49992.879
27555.0,49994.012
27556.0,49995.145
27557.0,49996.278
27558.0,49997.41
27559.0,49998.543
27560.0,49999.676
27561.0,50000.807
27562.0,50001.939
27563.0,50003.07
27564.0,50004.202
27565.0,50005.333
27566.0,50006.464
27567.0,50007.596
27568.0,50008.727
27569.0,50009.859
27570.0,50010.99
27571.0,50012.12
27572.0,50013.251
27573.0,50014.381
27574.0,50015.512
27575.0,50016.642
27576.0,50017.772
27577.0,50018.903
27578.0,50020.033
27579.0,50021.164
27580.0,50022.294
27581.0,50023.424
27582.0,50024.554
27583.0,50025.684
27584.0,50026.814
27585.0,50027.944
27586.0,50029.073
27587.0,50030.203
27588.0,50031.333
27589.0,50032.463
27590.0,50033.593
27591.0,50034.721
27592.0,50035.85
27593.0,50036.978
27594.0,50038.107
27595.0,50039.235
27596.0,50040.363
27597.0,50041.492
27598.0,50042.62
27599.0,50043.749
27600.0,50044.877
27601.0,50046.004
27602.0,50047.132
27603.0,50048.259
27604.0,50049.387
27605.0,50050.514
27606.0,50051.641
27607.0,50052.769
27608.0,50053.896
27609.0,50055.024
27610.0,50056.151
27611.0,50057.278
27612.0,50058.405
27613.0,50059.532
27614.0,50060.659
27615.0,50061.786
27616.0,50062.912
27617.0,50064.039
27618.0,50065.166
27619.0,50066.293
27620.0,50067.42
27621.0,50068.545
27622.0,50069.671
27623.0,50070.796
27624.0,50071.922
27625.0,50073.047
27626.0,50074.172
27627.0,50075.298
27628.0,50076.423
27629.0,50077.549
27630.0,50078.674
27631.0,50079.799
27632.0,50080.923
27633.0,50082.048
27634.0,50083.172
27635.0,50084.297
27636.0,50085.421
27637.0,50086.546
27638.0,50087.67
27639.0,50088.795
27640.0,50089.919
27641.0,50091.043
27642.0,50092.167
27643.0,50093.291
27644.0,50094.415
27645.0,50095.539
27646.0,50096.662
27647.0,50097.786
27648.0,50098.91
27649.0,50100.034
27650.0,50101.158
27651.0,50102.28
27652.0,50103.403
27653.0,50104.525
27654.0,50105.648
27655.0,50106.77
27656.0,50107.892
27657.0,50109.015
27658.0,50110.137
27659.0,50111.26
27660.0,50112.382
27661.0,50113.504
27662.0,50114.625
27663.0,50115.747
27664.0,50116.868
27665.0,50117.99
27666.0,50119.111
27667.0,50120.233
27668.0,50121.354
27669.0,50122.476
27670.0,50123.597
27671.0,50124.718
27672.0,50125.839
27673.0,50126.96
27674.0,50128.081
27675.0,50129.202
27676.0,50130.322
27677.0,50131.443
27678.0,50132.564
27679.0,50133.685
27680.0,50134.806
27681.0,50135.926
27682.0,50137.045
27683.0,50138.165
27684.0,50139.284
27685.0,50140.404
27686.0,50141.524
27687.0,50142.643
27688.0,50143.763
27689.0,50144.882
27690.0,50146.002
27691.0,50147.121
27692.0,50148.239
27693.0,50149.358
27694.0,50150.476
27695.0,50151.595
27696.0,50152.713
27697.0,50153.832
27698.0,50154.95
27699.0,50156.069
27700.0,50157.187
27701.0,50158.305
27702.0,50159.423
27703.0,50160.541
27704.0,50161.659
27705.0,50162.777
27706.0,50163.894
27707.0,50165.012
27708.0,50166.13
27709.0,50167.248
27710.0,50168.366
27711.0,50169.48
27712.0,50170.594
27713.0,50171.709
27714.0,50172.823
27715.0,50173.937
27716.0,50175.051
27717.0,50176.165
27718.0,50177.28
27719.0,50178.394
27720.0,50179.508
27721.0,50180.62
27722.0,50181.731
27723.0,50182.843
27724.0,50183.954
27725.0,50185.066
27726.0,50186.178
27727.0,50187.289
27728.0,50188.401
27729.0,50189.512
27730.0,50190.624
27731.0,50191.735
27732.0,50192.847
27733.0,50193.958
27734.0,50195.069
