Gauge[mm],Volume[m3]
0.0,0.0
1.0,1.59
2.0,3.181
3.0,4.771
4.0,6.361
5.0,7.952
6.0,9.542
7.0,11.132
8.0,12.722
9.0,14.313
10.0,15.903
11.0,17.494
12.0,19.085
13.0,20.677
14.0,22.268
15.0,23.859
16.0,25.45
17.0,27.041
18.0,28.633
19.0,30.224
20.0,31.815
21.0,33.413
22.0,35.011
23.0,36.609
24.0,38.207
25.0,39.805
26.0,41.403
27.0,43.001
28.0,44.599
29.0,46.197
30.0,47.795
31.0,49.394
32.0,50.993
33.0,52.591
34.0,54.19
35.0,55.789
36.0,57.388
37.0,58.987
38.0,60.585
39.0,62.184
40.0,63.783
41.0,65.383
42.0,66.983
43.0,68.582
44.0,70.182
45.0,71.782
46.0,73.382
47.0,74.982
48.0,76.581
49.0,78.181
50.0,79.781
51.0,81.382
52.0,82.983
53.0,84.583
54.0,86.184
55.0,87.785
56.0,89.386
57.0,90.987
58.0,92.587
59.0,94.188
60.0,95.789
61.0,97.391
62.0,98.993
63.0,100.595
64.0,102.197
65.0,103.799
66.0,105.4
67.0,107.002
68.0,108.604
69.0,110.206
70.0,111.808
71.0,113.411
72.0,115.013
73.0,116.616
74.0,118.218
75.0,119.821
76.0,121.423
77.0,123.026
78.0,124.628
79.0,126.231
80.0,127.833
81.0,129.436
82.0,131.04
83.0,132.643
84.0,134.247
85.0,135.85
86.0,137.453
87.0,139.057
88.0,140.66
89.0,142.264
90.0,143.867
91.0,145.471
92.0,147.075
93.0,148.678
94.0,150.282
95.0,151.886
96.0,153.49
97.0,155.094
98.0,156.697
99.0,158.301
100.0,159.905
101.0,161.51
102.0,163.114
103.0,164.719
104.0,166.324
105.0,167.929
106.0,169.533
107.0,171.138
108.0,172.743
109.0,174.347
110.0,175.952
111.0,177.558
112.0,179.163
113.0,180.769
114.0,182.375
115.0,183.981
116.0,185.586
117.0,187.192
118.0,188.798
119.0,190.403
120.0,192.009
121.0,193.616
122.0,195.222
123.0,196.829
124.0,198.436
125.0,200.043
126.0,201.649
127.0,203.256
128.0,204.863
129.0,206.469
130.0,208.076
131.0,209.684
132.0,211.291
133.0,212.899
134.0,214.507
135.0,216.115
136.0,217.722
137.0,219.33
138.0,220.938
139.0,222.545
140.0,224.153
141.0,225.762
142.0,227.37
143.0,228.979
144.0,230.588
145.0,232.197
146.0,233.805
147.0,235.414
148.0,237.023
149.0,238.631
150.0,240.24
151.0,241.85
152.0,243.459
153.0,245.069
154.0,246.678
155.0,248.288
156.0,249.898
157.0,251.507
158.0,253.117
159.0,254.726
160.0,256.336
161.0,257.947
162.0,259.557
163.0,261.168
164.0,262.779
165.0,264.39
166.0,266.0
167.0,267.611
168.0,269.222
169.0,270.832
170.0,272.443
171.0,274.055
172.0,275.666
173.0,277.278
174.0,278.889
175.0,280.501
176.0,282.113
177.0,283.724
178.0,285.336
179.0,286.947
180.0,288.559
181.0,290.172
182.0,291.784
183.0,293.397
184.0,295.01
185.0,296.623
186.0,298.235
187.0,299.848
188.0,301.461
189.0,303.073
190.0,304.686
191.0,306.3
192.0,307.913
193.0,309.527
194.0,311.14
195.0,312.754
196.0,314.368
197.0,315.981
198.0,317.595
199.0,319.208
200.0,320.822
201.0,322.437
202.0,324.051
203.0,325.666
204.0,327.28
205.0,328.895
206.0,330.51
207.0,332.124
208.0,333.739
209.0,335.353
210.0,336.968
211.0,338.584
212.0,340.199
213.0,341.815
214.0,343.43
215.0,345.046
216.0,346.662
217.0,348.277
218.0,349.893
219.0,351.508
220.0,353.124
221.0,354.741
222.0,356.357
223.0,357.974
224.0,359.59
225.0,361.207
226.0,362.824
227.0,364.44
228.0,366.057
229.0,367.673
230.0,369.29
231.0,370.908
232.0,372.525
233.0,374.143
234.0,375.76
235.0,377.378
236.0,378.995
237.0,380.613
238.0,382.23
239.0,383.848
240.0,385.465
241.0,387.084
242.0,388.702
243.0,390.321
244.0,391.939
245.0,393.558
246.0,395.177
247.0,396.795
248.0,398.414
249.0,400.032
250.0,401.651
251.0,403.271
252.0,404.89
253.0,406.51
254.0,408.129
255.0,409.749
256.0,411.368
257.0,412.988
258.0,414.607
259.0,416.227
260.0,417.846
261.0,419.467
262.0,421.087
263.0,422.708
264.0,424.328
265.0,425.949
266.0,427.57
267.0,429.19
268.0,430.811
269.0,432.431
270.0,434.052
271.0,435.674
272.0,437.295
273.0,438.917
274.0,440.538
275.0,442.16
276.0,443.781
277.0,445.403
278.0,447.024
279.0,448.646
280.0,450.267
281.0,451.89
282.0,453.512
283.0,455.135
284.0,456.757
285.0,458.38
286.0,460.002
287.0,461.625
288.0,463.247
289.0,464.87
290.0,466.492
291.0,468.116
292.0,469.739
293.0,471.363
294.0,472.986
295.0,474.61
296.0,476.233
297.0,477.857
298.0,479.48
299.0,481.104
300.0,482.727
301.0,484.352
302.0,485.976
303.0,487.601
304.0,489.225
305.0,490.85
306.0,492.474
307.0,494.099
308.0,495.723
309.0,497.348
310.0,498.972
311.0,500.597
312.0,502.223
313.0,503.848
314.0,505.474
315.0,507.099
316.0,508.724
317.0,510.35
318.0,511.975
319.0,513.601
320.0,515.226
321.0,516.853
322.0,518.479
323.0,520.106
324.0,521.732
325.0,523.359
326.0,524.985
327.0,526.612
328.0,528.238
329.0,529.865
330.0,531.491
331.0,533.119
332.0,534.746
333.0,536.374
334.0,538.001
335.0,539.629
336.0,541.256
337.0,542.884
338.0,544.511
339.0,546.139
340.0,547.766
341.0,549.394
342.0,551.023
343.0,552.651
344.0,554.28
345.0,555.908
346.0,557.536
347.0,559.165
348.0,560.793
349.0,562.422
350.0,564.05
351.0,565.679
352.0,567.309
353.0,568.938
354.0,570.568
355.0,572.197
356.0,573.826
357.0,575.456
358.0,577.085
359.0,578.715
360.0,580.344
361.0,581.974
362.0,583.605
363.0,585.235
364.0,586.866
365.0,588.496
366.0,590.126
367.0,591.757
368.0,593.387
369.0,595.018
370.0,596.648
371.0,598.279
372.0,599.911
373.0,601.542
374.0,603.174
375.0,604.805
376.0,606.436
377.0,608.068
378.0,609.699
379.0,611.331
380.0,612.962
381.0,614.594
382.0,616.227
383.0,617.859
384.0,619.492
385.0,621.124
386.0,622.756
387.0,624.389
388.0,626.021
389.0,627.654
390.0,629.286
391.0,630.919
392.0,632.553
393.0,634.186
394.0,635.82
395.0,637.453
396.0,639.086
397.0,640.72
398.0,642.353
399.0,643.987
400.0,645.62
401.0,647.254
402.0,648.889
403.0,650.523
404.0,652.158
405.0,653.792
406.0,655.426
407.0,657.061
408.0,658.695
409.0,660.33
410.0,661.964
411.0,663.599
412.0,665.235
413.0,666.87
414.0,668.505
415.0,670.141
416.0,671.776
417.0,673.411
418.0,675.046
419.0,676.682
420.0,678.317
421.0,679.953
422.0,681.59
423.0,683.226
424.0,684.863
425.0,686.499
426.0,688.135
427.0,689.772
428.0,691.408
429.0,693.045
430.0,694.681
431.0,696.318
432.0,697.956
433.0,699.593
434.0,701.23
435.0,702.868
436.0,704.505
437.0,706.142
438.0,707.779
439.0,709.417
440.0,711.054
441.0,712.692
442.0,714.331
443.0,715.969
444.0,717.607
445.0,719.246
446.0,720.884
447.0,722.522
448.0,724.16
449.0,725.799
450.0,727.437
451.0,729.076
452.0,730.716
453.0,732.355
454.0,733.994
455.0,735.634
456.0,737.273
457.0,738.912
458.0,740.551
459.0,742.191
460.0,743.83
461.0,745.47
462.0,747.111
463.0,748.751
464.0,750.391
465.0,752.032
466.0,753.672
467.0,755.312
468.0,756.952
469.0,758.593
470.0,760.233
471.0,761.874
472.0,763.516
473.0,765.157
474.0,766.798
475.0,768.44
476.0,770.081
477.0,771.722
478.0,773.363
479.0,775.005
480.0,776.646
481.0,778.288
482.0,779.931
483.0,781.573
484.0,783.215
485.0,784.858
486.0,786.5
487.0,788.142
488.0,789.784
489.0,791.427
490.0,793.069
491.0,794.712
492.0,796.355
493.0,797.999
494.0,799.642
495.0,801.285
496.0,802.928
497.0,804.571
498.0,806.215
499.0,807.858
500.0,809.501
501.0,811.145
502.0,812.79
503.0,814.434
504.0,816.078
505.0,817.723
506.0,819.367
507.0,821.011
508.0,822.655
509.0,824.3
510.0,825.944
511.0,827.589
512.0,829.234
513.0,830.88
514.0,832.525
515.0,834.17
516.0,835.815
517.0,837.46
518.0,839.106
519.0,840.751
520.0,842.396
521.0,844.042
522.0,845.688
523.0,847.335
524.0,848.981
525.0,850.627
526.0,852.273
527.0,853.919
528.0,855.566
529.0,857.212
530.0,858.858
531.0,860.505
532.0,862.153
533.0,863.8
534.0,865.447
535.0,867.095
536.0,868.742
537.0,870.389
538.0,872.036
539.0,873.684
540.0,875.331
541.0,876.979
542.0,878.627
543.0,880.276
544.0,881.924
545.0,883.572
546.0,885.22
547.0,886.868
548.0,888.517
549.0,890.165
550.0,891.813
551.0,893.462
552.0,895.111
553.0,896.761
554.0,898.41
555.0,900.059
556.0,901.708
557.0,903.357
558.0,905.007
559.0,906.656
560.0,908.305
561.0,909.955
562.0,911.605
563.0,913.255
564.0,914.905
565.0,916.556
566.0,918.206
567.0,919.856
568.0,921.506
569.0,923.156
570.0,924.806
571.0,926.457
572.0,928.108
573.0,929.76
574.0,931.411
575.0,933.062
576.0,934.713
577.0,936.364
578.0,938.016
579.0,939.667
580.0,941.318
581.0,942.97
582.0,944.622
583.0,946.275
584.0,947.927
585.0,949.579
586.0,951.231
587.0,952.883
588.0,954.536
589.0,956.188
590.0,957.84
591.0,959.493
592.0,961.146
593.0,962.799
594.0,964.452
595.0,966.106
596.0,967.759
597.0,969.412
598.0,971.065
599.0,972.718
600.0,974.371
601.0,976.025
602.0,977.679
603.0,979.333
604.0,980.987
605.0,982.642
606.0,984.296
607.0,985.95
608.0,987.604
609.0,989.258
610.0,990.912
611.0,992.567
612.0,994.222
613.0,995.878
614.0,997.533
615.0,999.188
616.0,1000.843
617.0,1002.498
618.0,1004.154
619.0,1005.809
620.0,1007.464
621.0,1009.12
622.0,1010.776
623.0,1012.432
624.0,1014.088
625.0,1015.744
626.0,1017.4
627.0,1019.056
628.0,1020.712
629.0,1022.368
630.0,1024.024
631.0,1025.681
632.0,1027.338
633.0,1028.995
634.0,1030.652
635.0,1032.31
636.0,1033.967
637.0,1035.624
638.0,1037.281
639.0,1038.938
640.0,1040.595
641.0,1042.253
642.0,1043.911
643.0,1045.569
644.0,1047.227
645.0,1048.886
646.0,1050.544
647.0,1052.202
648.0,1053.86
649.0,1055.518
650.0,1057.176
651.0,1058.835
652.0,1060.494
653.0,1062.153
654.0,1063.812
655.0,1065.472
656.0,1067.131
657.0,1068.79
658.0,1070.449
659.0,1072.108
660.0,1073.767
661.0,1075.427
662.0,1077.087
663.0,1078.747
664.0,1080.407
665.0,1082.068
666.0,1083.728
667.0,1085.388
668.0,1087.048
669.0,1088.708
670.0,1090.368
671.0,1092.029
672.0,1093.69
673.0,1095.351
674.0,1097.012
675.0,1098.673
676.0,1100.334
677.0,1101.995
678.0,1103.656
679.0,1105.317
680.0,1106.978
681.0,1108.64
682.0,1110.302
683.0,1111.964
684.0,1113.626
685.0,1115.288
686.0,1116.95
687.0,1118.612
688.0,1120.274
689.0,1121.936
690.0,1123.598
691.0,1125.261
692.0,1126.924
693.0,1128.587
694.0,1130.25
695.0,1131.913
696.0,1133.576
697.0,1135.239
698.0,1136.902
699.0,1138.565
700.0,1140.228
701.0,1141.892
702.0,1143.556
703.0,1145.22
704.0,1146.884
705.0,1148.549
706.0,1150.213
707.0,1151.877
708.0,1153.541
709.0,1155.205
710.0,1156.869
711.0,1158.534
712.0,1160.199
713.0,1161.864
714.0,1163.529
715.0,1165.194
716.0,1166.858
717.0,1168.523
718.0,1170.188
719.0,1171.853
720.0,1173.518
721.0,1175.184
722.0,1176.85
723.0,1178.516
724.0,1180.182
725.0,1181.848
726.0,1183.514
727.0,1185.18
728.0,1186.846
729.0,1188.512
730.0,1190.178
731.0,1191.845
732.0,1193.512
733.0,1195.179
734.0,1196.846
735.0,1198.513
736.0,1200.18
737.0,1201.847
738.0,1203.514
739.0,1205.181
740.0,1206.848
741.0,1208.516
742.0,1210.184
743.0,1211.852
744.0,1213.52
745.0,1215.188
746.0,1216.856
747.0,1218.524
748.0,1220.192
749.0,1221.86
750.0,1223.528
751.0,1225.197
752.0,1226.866
753.0,1228.535
754.0,1230.204
755.0,1231.873
756.0,1233.541
757.0,1235.21
758.0,1236.879
759.0,1238.548
760.0,1240.217
761.0,1241.887
762.0,1243.557
763.0,1245.227
764.0,1246.897
765.0,1248.567
766.0,1250.237
767.0,1251.907
768.0,1253.577
769.0,1255.247
770.0,1256.917
771.0,1258.588
772.0,1260.259
773.0,1261.93
774.0,1263.601
775.0,1265.272
776.0,1266.942
777.0,1268.613
778.0,1270.284
779.0,1271.955
780.0,1273.626
781.0,1275.298
782.0,1276.97
783.0,1278.642
784.0,1280.314
785.0,1281.986
786.0,1283.657
787.0,1285.329
788.0,1287.001
789.0,1288.673
790.0,1290.345
791.0,1292.018
792.0,1293.691
793.0,1295.364
794.0,1297.037
795.0,1298.71
796.0,1300.382
797.0,1302.055
798.0,1303.728
799.0,1305.401
800.0,1307.074
801.0,1308.748
802.0,1310.422
803.0,1312.096
804.0,1313.77
805.0,1315.444
806.0,1317.117
807.0,1318.791
808.0,1320.465
809.0,1322.139
810.0,1323.813
811.0,1325.488
812.0,1327.163
813.0,1328.838
814.0,1330.513
815.0,1332.188
816.0,1333.862
817.0,1335.537
818.0,1337.212
819.0,1338.887
820.0,1340.562
821.0,1342.238
822.0,1343.914
823.0,1345.59
824.0,1347.266
825.0,1348.942
826.0,1350.617
827.0,1352.293
828.0,1353.969
829.0,1355.645
830.0,1357.321
831.0,1358.998
832.0,1360.675
833.0,1362.351
834.0,1364.028
835.0,1365.705
836.0,1367.382
837.0,1369.059
838.0,1370.735
839.0,1372.412
840.0,1374.089
841.0,1375.767
842.0,1377.445
843.0,1379.123
844.0,1380.801
845.0,1382.479
846.0,1384.156
847.0,1385.834
848.0,1387.512
849.0,1389.19
850.0,1390.868
851.0,1392.547
852.0,1394.226
853.0,1395.904
854.0,1397.583
855.0,1399.262
856.0,1400.941
857.0,1402.62
858.0,1404.298
859.0,1405.977
860.0,1407.656
861.0,1409.336
862.0,1411.016
863.0,1412.695
864.0,1414.375
865.0,1416.055
866.0,1417.735
867.0,1419.415
868.0,1421.094
869.0,1422.774
870.0,1424.454
871.0,1426.135
872.0,1427.816
873.0,1429.496
874.0,1431.177
875.0,1432.858
876.0,1434.539
877.0,1436.22
878.0,1437.9
879.0,1439.581
880.0,1441.262
881.0,1442.944
882.0,1444.626
883.0,1446.307
884.0,1447.989
885.0,1449.671
886.0,1451.353
887.0,1453.035
888.0,1454.716
889.0,1456.398
890.0,1458.08
891.0,1459.763
892.0,1461.446
893.0,1463.128
894.0,1464.811
895.0,1466.494
896.0,1468.177
897.0,1469.86
898.0,1471.542
899.0,1473.225
900.0,1474.908
901.0,1476.592
902.0,1478.276
903.0,1479.959
904.0,1481.643
905.0,1483.327
906.0,1485.011
907.0,1486.695
908.0,1488.378
909.0,1490.062
910.0,1491.746
911.0,1493.431
912.0,1495.115
913.0,1496.8
914.0,1498.485
915.0,1500.17
916.0,1501.854
917.0,1503.539
918.0,1505.224
919.0,1506.908
920.0,1508.593
921.0,1510.279
922.0,1511.965
923.0,1513.65
924.0,1515.336
925.0,1517.022
926.0,1518.708
927.0,1520.394
928.0,1522.079
929.0,1523.765
930.0,1525.451
931.0,1527.138
932.0,1528.824
933.0,1530.511
934.0,1532.198
935.0,1533.885
936.0,1535.571
937.0,1537.258
938.0,1538.945
939.0,1540.631
940.0,1542.318
941.0,1544.006
942.0,1545.694
943.0,1547.381
944.0,1549.069
945.0,1550.757
946.0,1552.445
947.0,1554.133
948.0,1555.82
949.0,1557.508
950.0,1559.196
951.0,1560.885
952.0,1562.573
953.0,1564.262
954.0,1565.951
955.0,1567.64
956.0,1569.328
957.0,1571.017
958.0,1572.706
959.0,1574.394
960.0,1576.083
961.0,1577.773
962.0,1579.463
963.0,1581.152
964.0,1582.842
965.0,1584.532
966.0,1586.222
967.0,1587.912
968.0,1589.601
969.0,1591.291
970.0,1592.981
971.0,1594.672
972.0,1596.363
973.0,1598.054
974.0,1599.745
975.0,1601.436
976.0,1603.127
977.0,1604.818
978.0,1606.509
979.0,1608.2
980.0,1609.891
981.0,1611.583
982.0,1613.275
983.0,1614.966
984.0,1616.658
985.0,1618.35
986.0,1620.042
987.0,1621.734
988.0,1623.425
989.0,1625.117
990.0,1626.809
991.0,1628.502
992.0,1630.195
993.0,1631.888
994.0,1633.581
995.0,1635.274
996.0,1636.966
997.0,1638.659
998.0,1640.352
999.0,1642.045
1000.0,1643.738
1001.0,1645.432
1002.0,1647.126
1003.0,1648.82
1004.0,1650.514
1005.0,1652.208
1006.0,1653.901
1007.0,1655.595
1008.0,1657.289
1009.0,1658.983
1010.0,1660.677
1011.0,1662.372
1012.0,1664.067
1013.0,1665.761
1014.0,1667.456
1015.0,1669.151
1016.0,1670.846
1017.0,1672.541
1018.0,1674.235
1019.0,1675.93
1020.0,1677.625
1021.0,1679.321
1022.0,1681.017
1023.0,1682.712
1024.0,1684.408
1025.0,1686.104
1026.0,1687.8
1027.0,1689.496
1028.0,1691.191
1029.0,1692.887
1030.0,1694.583
1031.0,1696.28
1032.0,1697.977
1033.0,1699.673
1034.0,1701.37
1035.0,1703.067
1036.0,1704.764
1037.0,1706.461
1038.0,1708.157
1039.0,1709.854
1040.0,1711.551
1041.0,1713.249
1042.0,1714.947
1043.0,1716.644
1044.0,1718.342
1045.0,1720.04
1046.0,1721.738
1047.0,1723.436
1048.0,1725.133
1049.0,1726.831
1050.0,1728.529
1051.0,1730.228
1052.0,1731.927
1053.0,1733.625
1054.0,1735.324
1055.0,1737.023
1056.0,1738.722
1057.0,1740.421
1058.0,1742.119
1059.0,1743.818
1060.0,1745.517
1061.0,1747.217
1062.0,1748.917
1063.0,1750.616
1064.0,1752.316
1065.0,1754.016
1066.0,1755.716
1067.0,1757.416
1068.0,1759.115
1069.0,1760.815
1070.0,1762.515
1071.0,1764.216
1072.0,1765.916
1073.0,1767.617
1074.0,1769.318
1075.0,1771.019
1076.0,1772.719
1077.0,1774.42
1078.0,1776.121
1079.0,1777.821
1080.0,1779.522
1081.0,1781.224
1082.0,1782.926
1083.0,1784.627
1084.0,1786.329
1085.0,1788.031
1086.0,1789.733
1087.0,1791.435
1088.0,1793.136
1089.0,1794.838
1090.0,1796.54
1091.0,1798.243
1092.0,1799.945
1093.0,1801.648
1094.0,1803.351
1095.0,1805.054
1096.0,1806.756
1097.0,1808.459
1098.0,1810.162
1099.0,1811.864
1100.0,1813.567
1101.0,1815.271
1102.0,1816.974
1103.0,1818.678
1104.0,1820.382
1105.0,1822.086
1106.0,1823.789
1107.0,1825.493
1108.0,1827.197
1109.0,1828.9
1110.0,1830.604
1111.0,1832.309
1112.0,1834.013
1113.0,1835.718
1114.0,1837.423
1115.0,1839.128
1116.0,1840.832
1117.0,1842.537
1118.0,1844.242
1119.0,1845.946
1120.0,1847.651
1121.0,1849.357
1122.0,1851.063
1123.0,1852.768
1124.0,1854.474
1125.0,1856.18
1126.0,1857.886
1127.0,1859.592
1128.0,1861.297
1129.0,1863.003
1130.0,1864.709
1131.0,1866.416
1132.0,1868.122
1133.0,1869.829
1134.0,1871.535
1135.0,1873.242
1136.0,1874.949
1137.0,1876.655
1138.0,1878.362
1139.0,1880.068
1140.0,1881.775
1141.0,1883.483
1142.0,1885.19
1143.0,1886.898
1144.0,1888.606
1145.0,1890.314
1146.0,1892.021
1147.0,1893.729
1148.0,1895.437
1149.0,1897.144
1150.0,1898.852
1151.0,1900.561
1152.0,1902.269
1153.0,1903.978
1154.0,1905.686
1155.0,1907.395
1156.0,1909.104
1157.0,1910.812
1158.0,1912.521
1159.0,1914.229
1160.0,1915.938
1161.0,1917.648
1162.0,1919.357
1163.0,1921.067
1164.0,1922.777
1165.0,1924.487
1166.0,1926.196
1167.0,1927.906
1168.0,1929.616
1169.0,1931.325
1170.0,1933.035
1171.0,1934.746
1172.0,1936.456
1173.0,1938.167
1174.0,1939.878
1175.0,1941.589
1176.0,1943.299
1177.0,1945.01
1178.0,1946.721
1179.0,1948.431
1180.0,1950.142
1181.0,1951.854
1182.0,1953.565
1183.0,1955.277
1184.0,1956.988
1185.0,1958.7
1186.0,1960.412
1187.0,1962.123
1188.0,1963.835
1189.0,1965.546
1190.0,1967.258
1191.0,1968.971
1192.0,1970.683
1193.0,1972.396
1194.0,1974.108
1195.0,1975.821
1196.0,1977.534
1197.0,1979.246
1198.0,1980.959
1199.0,1982.671
1200.0,1984.384
1201.0,1986.098
1202.0,1987.811
1203.0,1989.525
1204.0,1991.238
1205.0,1992.952
1206.0,1994.666
1207.0,1996.379
1208.0,1998.093
1209.0,1999.806
1210.0,2001.52
1211.0,2003.235
1212.0,2004.949
1213.0,2006.664
1214.0,2008.378
1215.0,2010.093
1216.0,2011.808
1217.0,2013.522
1218.0,2015.237
1219.0,2016.951
1220.0,2018.666
1221.0,2020.382
1222.0,2022.097
1223.0,2023.813
1224.0,2025.528
1225.0,2027.244
1226.0,2028.96
1227.0,2030.675
1228.0,2032.391
1229.0,2034.106
1230.0,2035.822
1231.0,2037.539
1232.0,2039.255
1233.0,2040.972
1234.0,2042.688
1235.0,2044.405
1236.0,2046.121
1237.0,2047.838
1238.0,2049.554
1239.0,2051.271
1240.0,2052.987
1241.0,2054.705
1242.0,2056.422
1243.0,2058.14
1244.0,2059.857
1245.0,2061.575
1246.0,2063.293
1247.0,2065.01
1248.0,2066.728
1249.0,2068.445
1250.0,2070.163
1251.0,2071.882
1252.0,2073.6
1253.0,2075.319
1254.0,2077.037
1255.0,2078.756
1256.0,2080.474
1257.0,2082.193
1258.0,2083.911
1259.0,2085.63
1260.0,2087.348
1261.0,2089.068
1262.0,2090.787
1263.0,2092.507
1264.0,2094.226
1265.0,2095.946
1266.0,2097.666
1267.0,2099.385
1268.0,2101.105
1269.0,2102.824
1270.0,2104.544
1271.0,2106.264
1272.0,2107.985
1273.0,2109.705
1274.0,2111.426
1275.0,2113.146
1276.0,2114.866
1277.0,2116.587
1278.0,2118.307
1279.0,2120.028
1280.0,2121.748
1281.0,2123.47
1282.0,2125.191
1283.0,2126.913
1284.0,2128.634
1285.0,2130.356
1286.0,2132.078
1287.0,2133.799
1288.0,2135.521
1289.0,2137.242
1290.0,2138.964
1291.0,2140.687
1292.0,2142.409
1293.0,2144.132
1294.0,2145.854
1295.0,2147.577
1296.0,2149.299
1297.0,2151.022
1298.0,2152.744
1299.0,2154.467
1300.0,2156.189
1301.0,2157.912
1302.0,2159.636
1303.0,2161.359
1304.0,2163.083
1305.0,2164.806
1306.0,2166.529
1307.0,2168.253
1308.0,2169.976
1309.0,2171.7
1310.0,2173.423
1311.0,2175.148
1312.0,2176.872
1313.0,2178.597
1314.0,2180.321
1315.0,2182.046
1316.0,2183.77
1317.0,2185.495
1318.0,2187.219
1319.0,2188.944
1320.0,2190.668
1321.0,2192.394
1322.0,2194.119
1323.0,2195.845
1324.0,2197.57
1325.0,2199.296
1326.0,2201.021
1327.0,2202.747
1328.0,2204.472
1329.0,2206.198
1330.0,2207.923
1331.0,2209.649
1332.0,2211.376
1333.0,2213.102
1334.0,2214.829
1335.0,2216.555
1336.0,2218.281
1337.0,2220.008
1338.0,2221.734
1339.0,2223.461
1340.0,2225.187
1341.0,2226.915
1342.0,2228.642
1343.0,2230.37
1344.0,2232.097
1345.0,2233.825
1346.0,2235.552
1347.0,2237.28
1348.0,2239.007
1349.0,2240.735
1350.0,2242.462
1351.0,2244.19
1352.0,2245.919
1353.0,2247.647
1354.0,2249.376
1355.0,2251.104
1356.0,2252.832
1357.0,2254.561
1358.0,2256.289
1359.0,2258.018
1360.0,2259.746
1361.0,2261.475
1362.0,2263.205
1363.0,2264.934
1364.0,2266.664
1365.0,2268.393
1366.0,2270.122
1367.0,2271.852
1368.0,2273.581
1369.0,2275.311
1370.0,2277.04
1371.0,2278.77
1372.0,2280.501
1373.0,2282.231
1374.0,2283.962
1375.0,2285.692
1376.0,2287.422
1377.0,2289.153
1378.0,2290.883
1379.0,2292.614
1380.0,2294.344
1381.0,2296.075
1382.0,2297.807
1383.0,2299.538
1384.0,2301.27
1385.0,2303.001
1386.0,2304.732
1387.0,2306.464
1388.0,2308.195
1389.0,2309.927
1390.0,2311.658
1391.0,2313.39
1392.0,2315.123
1393.0,2316.855
1394.0,2318.588
1395.0,2320.32
1396.0,2322.052
1397.0,2323.785
1398.0,2325.517
1399.0,2327.25
1400.0,2328.982
1401.0,2330.715
1402.0,2332.449
1403.0,2334.182
1404.0,2335.915
1405.0,2337.649
1406.0,2339.382
1407.0,2341.115
1408.0,2342.848
1409.0,2344.582
1410.0,2346.315
1411.0,2348.049
1412.0,2349.784
1413.0,2351.518
1414.0,2353.253
1415.0,2354.987
1416.0,2356.721
1417.0,2358.456
1418.0,2360.19
1419.0,2361.925
1420.0,2363.659
1421.0,2365.394
1422.0,2367.13
1423.0,2368.865
1424.0,2370.6
1425.0,2372.336
1426.0,2374.071
1427.0,2375.806
1428.0,2377.541
1429.0,2379.277
1430.0,2381.012
1431.0,2382.748
1432.0,2384.485
1433.0,2386.221
1434.0,2387.958
1435.0,2389.694
1436.0,2391.43
1437.0,2393.167
1438.0,2394.903
1439.0,2396.64
1440.0,2398.376
1441.0,2400.113
1442.0,2401.851
1443.0,2403.588
1444.0,2405.325
1445.0,2407.063
1446.0,2408.8
1447.0,2410.537
1448.0,2412.274
1449.0,2414.012
1450.0,2415.749
1451.0,2417.487
1452.0,2419.226
1453.0,2420.964
1454.0,2422.702
1455.0,2424.441
1456.0,2426.179
1457.0,2427.917
1458.0,2429.655
1459.0,2431.394
1460.0,2433.132
1461.0,2434.871
1462.0,2436.611
1463.0,2438.35
1464.0,2440.089
1465.0,2441.829
1466.0,2443.568
1467.0,2445.307
1468.0,2447.046
1469.0,2448.786
1470.0,2450.525
1471.0,2452.265
1472.0,2454.005
1473.0,2455.746
1474.0,2457.486
1475.0,2459.226
1476.0,2460.966
1477.0,2462.706
1478.0,2464.447
1479.0,2466.187
1480.0,2467.927
1481.0,2469.668
1482.0,2471.41
1483.0,2473.151
1484.0,2474.892
1485.0,2476.634
1486.0,2478.375
1487.0,2480.116
1488.0,2481.857
1489.0,2483.599
1490.0,2485.34
1491.0,2487.082
1492.0,2488.825
1493.0,2490.567
1494.0,2492.309
1495.0,2494.052
1496.0,2495.794
1497.0,2497.536
1498.0,2499.278
1499.0,2501.021
1500.0,2502.763
1501.0,2504.506
1502.0,2506.249
1503.0,2507.993
1504.0,2509.736
1505.0,2511.479
1506.0,2513.222
1507.0,2514.965
1508.0,2516.709
1509.0,2518.452
1510.0,2520.195
1511.0,2521.939
1512.0,2523.684
1513.0,2525.428
1514.0,2527.172
1515.0,2528.917
1516.0,2530.661
1517.0,2532.405
1518.0,2534.149
1519.0,2535.894
1520.0,2537.638
1521.0,2539.383
1522.0,2541.128
1523.0,2542.874
1524.0,2544.619
1525.0,2546.364
1526.0,2548.109
1527.0,2549.854
1528.0,2551.6
1529.0,2553.345
1530.0,2555.09
1531.0,2556.836
1532.0,2558.582
1533.0,2560.329
1534.0,2562.075
1535.0,2563.821
1536.0,2565.567
1537.0,2567.313
1538.0,2569.06
1539.0,2570.806
1540.0,2572.552
1541.0,2574.299
1542.0,2576.046
1543.0,2577.794
1544.0,2579.541
1545.0,2581.288
1546.0,2583.035
1547.0,2584.782
1548.0,2586.53
1549.0,2588.277
1550.0,2590.024
1551.0,2591.772
1552.0,2593.52
1553.0,2595.269
1554.0,2597.017
1555.0,2598.765
1556.0,2600.513
1557.0,2602.261
1558.0,2604.01
1559.0,2605.758
1560.0,2607.506
1561.0,2609.255
1562.0,2611.004
1563.0,2612.754
1564.0,2614.503
1565.0,2616.252
1566.0,2618.001
1567.0,2619.75
1568.0,2621.5
1569.0,2623.249
1570.0,2624.998
1571.0,2626.748
1572.0,2628.498
1573.0,2630.248
1574.0,2631.998
1575.0,2633.749
1576.0,2635.499
1577.0,2637.249
1578.0,2638.999
1579.0,2640.749
1580.0,2642.499
1581.0,2644.25
1582.0,2646.001
1583.0,2647.753
1584.0,2649.504
1585.0,2651.255
1586.0,2653.006
1587.0,2654.757
1588.0,2656.509
1589.0,2658.26
1590.0,2660.011
1591.0,2661.763
1592.0,2663.515
1593.0,2665.267
1594.0,2667.019
1595.0,2668.772
1596.0,2670.524
1597.0,2672.276
1598.0,2674.028
1599.0,2675.78
1600.0,2677.532
1601.0,2679.285
1602.0,2681.038
1603.0,2682.792
1604.0,2684.545
1605.0,2686.298
1606.0,2688.051
1607.0,2689.804
1608.0,2691.558
1609.0,2693.311
1610.0,2695.064
1611.0,2696.818
1612.0,2698.572
1613.0,2700.326
1614.0,2702.08
1615.0,2703.835
1616.0,2705.589
1617.0,2707.343
1618.0,2709.097
1619.0,2710.851
1620.0,2712.605
1621.0,2714.36
1622.0,2716.115
1623.0,2717.87
1624.0,2719.625
1625.0,2721.381
1626.0,2723.136
1627.0,2724.891
1628.0,2726.646
1629.0,2728.401
1630.0,2730.156
1631.0,2731.912
1632.0,2733.668
1633.0,2735.424
1634.0,2737.18
1635.0,2738.937
1636.0,2740.693
1637.0,2742.449
1638.0,2744.205
1639.0,2745.961
1640.0,2747.717
1641.0,2749.474
1642.0,2751.231
1643.0,2752.988
1644.0,2754.745
1645.0,2756.502
1646.0,2758.259
1647.0,2760.016
1648.0,2761.773
1649.0,2763.53
1650.0,2765.287
1651.0,2767.045
1652.0,2768.803
1653.0,2770.561
1654.0,2772.319
1655.0,2774.078
1656.0,2775.836
1657.0,2777.594
1658.0,2779.352
1659.0,2781.11
1660.0,2782.868
1661.0,2784.627
1662.0,2786.386
1663.0,2788.145
1664.0,2789.904
1665.0,2791.664
1666.0,2793.423
1667.0,2795.182
1668.0,2796.941
1669.0,2798.7
1670.0,2800.459
1671.0,2802.219
1672.0,2803.979
1673.0,2805.739
1674.0,2807.499
1675.0,2809.259
1676.0,2811.019
1677.0,2812.779
1678.0,2814.539
1679.0,2816.299
1680.0,2818.059
1681.0,2819.82
1682.0,2821.581
1683.0,2823.342
1684.0,2825.103
1685.0,2826.865
1686.0,2828.626
1687.0,2830.387
1688.0,2832.148
1689.0,2833.909
1690.0,2835.67
1691.0,2837.432
1692.0,2839.194
1693.0,2840.956
1694.0,2842.718
1695.0,2844.48
1696.0,2846.241
1697.0,2848.003
1698.0,2849.765
1699.0,2851.527
1700.0,2853.289
1701.0,2855.052
1702.0,2856.815
1703.0,2858.578
1704.0,2860.341
1705.0,2862.105
1706.0,2863.868
1707.0,2865.631
1708.0,2867.394
1709.0,2869.157
1710.0,2870.92
1711.0,2872.684
1712.0,2874.448
1713.0,2876.212
1714.0,2877.976
1715.0,2879.74
1716.0,2881.503
1717.0,2883.267
1718.0,2885.031
1719.0,2886.795
1720.0,2888.559
1721.0,2890.324
1722.0,2892.089
1723.0,2893.854
1724.0,2895.619
1725.0,2897.385
1726.0,2899.15
1727.0,2900.915
1728.0,2902.68
1729.0,2904.445
1730.0,2906.21
1731.0,2907.976
1732.0,2909.742
1733.0,2911.508
1734.0,2913.274
1735.0,2915.04
1736.0,2916.806
1737.0,2918.572
1738.0,2920.338
1739.0,2922.104
1740.0,2923.87
1741.0,2925.637
1742.0,2927.404
1743.0,2929.171
1744.0,2930.938
1745.0,2932.705
1746.0,2934.471
1747.0,2936.238
1748.0,2938.005
1749.0,2939.772
1750.0,2941.539
1751.0,2943.307
1752.0,2945.075
1753.0,2946.843
1754.0,2948.611
1755.0,2950.379
1756.0,2952.147
1757.0,2953.915
1758.0,2955.683
1759.0,2957.451
1760.0,2959.219
1761.0,2960.988
1762.0,2962.757
1763.0,2964.525
1764.0,2966.294
1765.0,2968.063
1766.0,2969.832
1767.0,2971.601
1768.0,2973.369
1769.0,2975.138
1770.0,2976.907
1771.0,2978.677
1772.0,2980.447
1773.0,2982.217
1774.0,2983.987
1775.0,2985.757
1776.0,2987.527
1777.0,2989.297
1778.0,2991.067
1779.0,2992.837
1780.0,2994.607
1781.0,2996.378
1782.0,2998.149
1783.0,2999.92
1784.0,3001.691
1785.0,3003.462
1786.0,3005.233
1787.0,3007.004
1788.0,3008.775
1789.0,3010.546
1790.0,3012.317
1791.0,3014.089
1792.0,3015.861
1793.0,3017.632
1794.0,3019.404
1795.0,3021.176
1796.0,3022.948
1797.0,3024.72
1798.0,3026.491
1799.0,3028.263
1800.0,3030.035
1801.0,3031.808
1802.0,3033.581
1803.0,3035.354
1804.0,3037.127
1805.0,3038.9
1806.0,3040.672
1807.0,3042.445
1808.0,3044.218
1809.0,3045.991
1810.0,3047.764
1811.0,3049.538
1812.0,3051.312
1813.0,3053.086
1814.0,3054.86
1815.0,3056.634
1816.0,3058.407
1817.0,3060.181
1818.0,3061.955
1819.0,3063.729
1820.0,3065.503
1821.0,3067.278
1822.0,3069.053
1823.0,3070.828
1824.0,3072.603
1825.0,3074.378
1826.0,3076.152
1827.0,3077.927
1828.0,3079.702
1829.0,3081.477
1830.0,3083.252
1831.0,3085.028
1832.0,3086.804
1833.0,3088.58
1834.0,3090.356
1835.0,3092.132
1836.0,3093.907
1837.0,3095.683
1838.0,3097.459
1839.0,3099.235
1840.0,3101.011
1841.0,3102.788
1842.0,3104.564
1843.0,3106.341
1844.0,3108.118
1845.0,3109.895
1846.0,3111.671
1847.0,3113.448
1848.0,3115.225
1849.0,3117.001
1850.0,3118.778
1851.0,3120.556
1852.0,3122.334
1853.0,3124.112
1854.0,3125.89
1855.0,3127.668
1856.0,3129.445
1857.0,3131.223
1858.0,3133.001
1859.0,3134.779
1860.0,3136.557
1861.0,3138.336
1862.0,3140.115
1863.0,3141.893
1864.0,3143.672
1865.0,3145.451
1866.0,3147.23
1867.0,3149.009
1868.0,3150.787
1869.0,3152.566
1870.0,3154.345
1871.0,3156.125
1872.0,3157.905
1873.0,3159.684
1874.0,3161.464
1875.0,3163.244
1876.0,3165.024
1877.0,3166.804
1878.0,3168.583
1879.0,3170.363
1880.0,3172.143
1881.0,3173.924
1882.0,3175.705
1883.0,3177.485
1884.0,3179.266
1885.0,3181.047
1886.0,3182.828
1887.0,3184.609
1888.0,3186.389
1889.0,3188.17
1890.0,3189.951
1891.0,3191.733
1892.0,3193.515
1893.0,3195.296
1894.0,3197.078
1895.0,3198.86
1896.0,3200.642
1897.0,3202.424
1898.0,3204.205
1899.0,3205.987
1900.0,3207.769
1901.0,3209.552
1902.0,3211.335
1903.0,3213.117
1904.0,3214.9
1905.0,3216.683
1906.0,3218.466
1907.0,3220.249
1908.0,3222.031
1909.0,3223.814
1910.0,3225.597
1911.0,3227.381
1912.0,3229.164
1913.0,3230.948
1914.0,3232.732
1915.0,3234.516
1916.0,3236.299
1917.0,3238.083
1918.0,3239.867
1919.0,3241.65
1920.0,3243.434
1921.0,3245.219
1922.0,3247.004
1923.0,3248.788
1924.0,3250.573
1925.0,3252.358
1926.0,3254.143
1927.0,3255.928
1928.0,3257.712
1929.0,3259.497
1930.0,3261.282
1931.0,3263.068
1932.0,3264.853
1933.0,3266.639
1934.0,3268.425
1935.0,3270.211
1936.0,3271.996
1937.0,3273.782
1938.0,3275.568
1939.0,3277.353
1940.0,3279.139
1941.0,3280.926
1942.0,3282.712
1943.0,3284.499
1944.0,3286.286
1945.0,3288.073
1946.0,3289.859
1947.0,3291.646
1948.0,3293.433
1949.0,3295.219
1950.0,3297.006
1951.0,3298.794
1952.0,3300.582
1953.0,3302.369
1954.0,3304.157
1955.0,3305.945
1956.0,3307.733
1957.0,3309.521
1958.0,3311.308
1959.0,3313.096
1960.0,3314.884
1961.0,3316.673
1962.0,3318.461
1963.0,3320.25
1964.0,3322.038
1965.0,3323.827
1966.0,3325.616
1967.0,3327.404
1968.0,3329.193
1969.0,3330.981
1970.0,3332.77
1971.0,3334.56
1972.0,3336.349
1973.0,3338.139
1974.0,3339.929
1975.0,3341.719
1976.0,3343.508
1977.0,3345.298
1978.0,3347.088
1979.0,3348.877
1980.0,3350.667
1981.0,3352.458
1982.0,3354.248
1983.0,3356.039
1984.0,3357.829
1985.0,3359.62
1986.0,3361.411
1987.0,3363.201
1988.0,3364.992
1989.0,3366.782
1990.0,3368.573
1991.0,3370.365
1992.0,3372.156
1993.0,3373.948
1994.0,3375.74
1995.0,3377.532
1996.0,3379.323
1997.0,3381.115
1998.0,3382.907
1999.0,3384.698
2000.0,3386.49
2001.0,3388.283
2002.0,3390.075
2003.0,3391.868
2004.0,3393.661
2005.0,3395.454
2006.0,3397.246
2007.0,3399.039
2008.0,3400.832
2009.0,3402.624
2010.0,3404.417
2011.0,3406.211
2012.0,3408.004
2013.0,3409.798
2014.0,3411.591
2015.0,3413.385
2016.0,3415.179
2017.0,3416.972
2018.0,3418.766
2019.0,3420.559
2020.0,3422.353
2021.0,3424.148
2022.0,3425.942
2023.0,3427.737
2024.0,3429.531
2025.0,3431.326
2026.0,3433.121
2027.0,3434.915
2028.0,3436.71
2029.0,3438.504
2030.0,3440.299
2031.0,3442.095
2032.0,3443.89
2033.0,3445.686
2034.0,3447.481
2035.0,3449.277
2036.0,3451.073
2037.0,3452.868
2038.0,3454.664
2039.0,3456.459
2040.0,3458.255
2041.0,3460.052
2042.0,3461.848
2043.0,3463.645
2044.0,3465.441
2045.0,3467.238
2046.0,3469.035
2047.0,3470.831
2048.0,3472.628
2049.0,3474.424
2050.0,3476.221
2051.0,3478.019
2052.0,3479.816
2053.0,3481.614
2054.0,3483.411
2055.0,3485.209
2056.0,3487.007
2057.0,3488.804
2058.0,3490.602
2059.0,3492.399
2060.0,3494.197
2061.0,3495.996
2062.0,3497.794
2063.0,3499.593
2064.0,3501.391
2065.0,3503.19
2066.0,3504.988
2067.0,3506.787
2068.0,3508.585
2069.0,3510.384
2070.0,3512.182
2071.0,3513.982
2072.0,3515.781
2073.0,3517.581
2074.0,3519.38
2075.0,3521.18
2076.0,3522.98
2077.0,3524.779
2078.0,3526.579
2079.0,3528.378
2080.0,3530.178
2081.0,3531.979
2082.0,3533.779
2083.0,3535.58
2084.0,3537.38
2085.0,3539.181
2086.0,3540.981
2087.0,3542.782
2088.0,3544.582
2089.0,3546.383
2090.0,3548.183
2091.0,3549.985
2092.0,3551.786
2093.0,3553.588
2094.0,3555.389
2095.0,3557.191
2096.0,3558.993
2097.0,3560.794
2098.0,3562.596
2099.0,3564.397
2100.0,3566.199
2101.0,3568.001
2102.0,3569.804
2103.0,3571.606
2104.0,3573.409
2105.0,3575.211
2106.0,3577.013
2107.0,3578.816
2108.0,3580.618
2109.0,3582.421
2110.0,3584.223
2111.0,3586.027
2112.0,3587.83
2113.0,3589.634
2114.0,3591.437
2115.0,3593.241
2116.0,3595.045
2117.0,3596.848
2118.0,3598.652
2119.0,3600.455
2120.0,3602.259
2121.0,3604.064
2122.0,3605.868
2123.0,3607.673
2124.0,3609.477
2125.0,3611.282
2126.0,3613.086
2127.0,3614.891
2128.0,3616.695
2129.0,3618.5
2130.0,3620.304
2131.0,3622.109
2132.0,3623.915
2133.0,3625.72
2134.0,3627.526
2135.0,3629.331
2136.0,3631.136
2137.0,3632.942
2138.0,3634.747
2139.0,3636.553
2140.0,3638.358
2141.0,3640.165
2142.0,3641.971
2143.0,3643.778
2144.0,3645.584
2145.0,3647.391
2146.0,3649.198
2147.0,3651.004
2148.0,3652.811
2149.0,3654.617
2150.0,3656.424
2151.0,3658.231
2152.0,3660.039
2153.0,3661.846
2154.0,3663.654
2155.0,3665.461
2156.0,3667.268
2157.0,3669.076
2158.0,3670.883
2159.0,3672.691
2160.0,3674.498
2161.0,3676.306
2162.0,3678.115
2163.0,3679.923
2164.0,3681.732
2165.0,3683.54
2166.0,3685.348
2167.0,3687.157
2168.0,3688.965
2169.0,3690.774
2170.0,3692.582
2171.0,3694.392
2172.0,3696.201
2173.0,3698.011
2174.0,3699.82
2175.0,3701.63
2176.0,3703.439
2177.0,3705.249
2178.0,3707.058
2179.0,3708.868
2180.0,3710.677
2181.0,3712.487
2182.0,3714.298
2183.0,3716.108
2184.0,3717.919
2185.0,3719.729
2186.0,3721.539
2187.0,3723.35
2188.0,3725.16
2189.0,3726.971
2190.0,3728.781
2191.0,3730.592
2192.0,3732.404
2193.0,3734.215
2194.0,3736.027
2195.0,3737.838
2196.0,3739.649
2197.0,3741.461
2198.0,3743.272
2199.0,3745.084
2200.0,3746.895
2201.0,3748.707
2202.0,3750.52
2203.0,3752.332
2204.0,3754.145
2205.0,3755.957
2206.0,3757.769
2207.0,3759.582
2208.0,3761.394
2209.0,3763.207
2210.0,3765.019
2211.0,3766.832
2212.0,3768.646
2213.0,3770.459
2214.0,3772.273
2215.0,3774.086
2216.0,3775.899
2217.0,3777.713
2218.0,3779.526
2219.0,3781.34
2220.0,3783.153
2221.0,3784.967
2222.0,3786.782
2223.0,3788.596
2224.0,3790.411
2225.0,3792.225
2226.0,3794.039
2227.0,3795.854
2228.0,3797.668
2229.0,3799.483
2230.0,3801.297
2231.0,3803.112
2232.0,3804.928
2233.0,3806.743
2234.0,3808.558
2235.0,3810.374
2236.0,3812.189
2237.0,3814.004
2238.0,3815.819
2239.0,3817.635
2240.0,3819.45
2241.0,3821.266
2242.0,3823.083
2243.0,3824.899
2244.0,3826.716
2245.0,3828.532
2246.0,3830.348
2247.0,3832.165
2248.0,3833.981
2249.0,3835.798
2250.0,3837.614
2251.0,3839.431
2252.0,3841.249
2253.0,3843.066
2254.0,3844.883
2255.0,3846.701
2256.0,3848.518
2257.0,3850.335
2258.0,3852.152
2259.0,3853.97
2260.0,3855.787
2261.0,3857.605
2262.0,3859.424
2263.0,3861.242
2264.0,3863.061
2265.0,3864.879
2266.0,3866.697
2267.0,3868.516
2268.0,3870.334
2269.0,3872.153
2270.0,3873.971
2271.0,3875.79
2272.0,3877.609
2273.0,3879.429
2274.0,3881.248
2275.0,3883.067
2276.0,3884.886
2277.0,3886.705
2278.0,3888.525
2279.0,3890.344
2280.0,3892.163
2281.0,3893.983
2282.0,3895.804
2283.0,3897.624
2284.0,3899.445
2285.0,3901.265
2286.0,3903.085
2287.0,3904.906
2288.0,3906.726
2289.0,3908.547
2290.0,3910.367
2291.0,3912.188
2292.0,3914.01
2293.0,3915.831
2294.0,3917.652
2295.0,3919.474
2296.0,3921.295
2297.0,3923.116
2298.0,3924.937
2299.0,3926.759
2300.0,3928.58
2301.0,3930.402
2302.0,3932.224
2303.0,3934.047
2304.0,3935.869
2305.0,3937.691
2306.0,3939.513
2307.0,3941.335
2308.0,3943.158
2309.0,3944.98
2310.0,3946.802
2311.0,3948.625
2312.0,3950.449
2313.0,3952.272
2314.0,3954.096
2315.0,3955.919
2316.0,3957.742
2317.0,3959.566
2318.0,3961.389
2319.0,3963.213
2320.0,3965.036
2321.0,3966.86
2322.0,3968.684
2323.0,3970.509
2324.0,3972.333
2325.0,3974.157
2326.0,3975.981
2327.0,3977.805
2328.0,3979.63
2329.0,3981.454
2330.0,3983.278
2331.0,3985.103
2332.0,3986.928
2333.0,3988.754
2334.0,3990.579
2335.0,3992.404
2336.0,3994.229
2337.0,3996.054
2338.0,3997.88
2339.0,3999.705
2340.0,4001.53
2341.0,4003.356
2342.0,4005.183
2343.0,4007.009
2344.0,4008.835
2345.0,4010.662
2346.0,4012.488
2347.0,4014.314
2348.0,4016.14
2349.0,4017.967
2350.0,4019.793
2351.0,4021.62
2352.0,4023.447
2353.0,4025.275
2354.0,4027.102
2355.0,4028.929
2356.0,4030.756
2357.0,4032.583
2358.0,4034.411
2359.0,4036.238
2360.0,4038.065
2361.0,4039.893
2362.0,4041.721
2363.0,4043.55
2364.0,4045.378
2365.0,4047.206
2366.0,4049.034
2367.0,4050.862
2368.0,4052.691
2369.0,4054.519
2370.0,4056.347
2371.0,4058.176
2372.0,4060.006
2373.0,4061.835
2374.0,4063.664
2375.0,4065.494
2376.0,4067.323
2377.0,4069.152
2378.0,4070.981
2379.0,4072.811
2380.0,4074.64
2381.0,4076.471
2382.0,4078.302
2383.0,4080.133
2384.0,4081.964
2385.0,4083.795
2386.0,4085.626
2387.0,4087.457
2388.0,4089.288
2389.0,4091.119
2390.0,4092.95
2391.0,4094.782
2392.0,4096.614
2393.0,4098.446
2394.0,4100.278
2395.0,4102.111
2396.0,4103.943
2397.0,4105.775
2398.0,4107.607
2399.0,4109.439
2400.0,4111.271
2401.0,4113.104
2402.0,4114.937
2403.0,4116.769
2404.0,4118.602
2405.0,4120.435
2406.0,4122.268
2407.0,4124.101
2408.0,4125.933
2409.0,4127.766
2410.0,4129.599
2411.0,4131.433
2412.0,4133.267
2413.0,4135.101
2414.0,4136.935
2415.0,4138.769
2416.0,4140.603
2417.0,4142.437
2418.0,4144.271
2419.0,4146.105
2420.0,4147.939
2421.0,4149.774
2422.0,4151.609
2423.0,4153.444
2424.0,4155.279
2425.0,4157.114
2426.0,4158.948
2427.0,4160.783
2428.0,4162.618
2429.0,4164.453
2430.0,4166.288
2431.0,4168.124
2432.0,4169.96
2433.0,4171.796
2434.0,4173.632
2435.0,4175.468
2436.0,4177.303
2437.0,4179.139
2438.0,4180.975
2439.0,4182.811
2440.0,4184.647
2441.0,4186.484
2442.0,4188.321
2443.0,4190.158
2444.0,4191.995
2445.0,4193.832
2446.0,4195.669
2447.0,4197.506
2448.0,4199.343
2449.0,4201.18
2450.0,4203.017
2451.0,4204.855
2452.0,4206.693
2453.0,4208.53
2454.0,4210.368
2455.0,4212.206
2456.0,4214.044
2457.0,4215.882
2458.0,4217.719
2459.0,4219.557
2460.0,4221.395
2461.0,4223.234
2462.0,4225.073
2463.0,4226.912
2464.0,4228.751
2465.0,4230.59
2466.0,4232.428
2467.0,4234.267
2468.0,4236.106
2469.0,4237.945
2470.0,4239.784
2471.0,4241.624
2472.0,4243.464
2473.0,4245.303
2474.0,4247.143
2475.0,4248.983
2476.0,4250.823
2477.0,4252.663
2478.0,4254.502
2479.0,4256.342
2480.0,4258.182
2481.0,4260.023
2482.0,4261.864
2483.0,4263.705
2484.0,4265.546
2485.0,4267.387
2486.0,4269.227
2487.0,4271.068
2488.0,4272.909
2489.0,4274.75
2490.0,4276.591
2491.0,4278.433
2492.0,4280.275
2493.0,4282.116
2494.0,4283.958
2495.0,4285.8
2496.0,4287.642
2497.0,4289.484
2498.0,4291.325
2499.0,4293.167
2500.0,4295.009
2501.0,4296.852
2502.0,4298.695
2503.0,4300.537
2504.0,4302.38
2505.0,4304.223
2506.0,4306.066
2507.0,4307.909
2508.0,4309.751
2509.0,4311.594
2510.0,4313.437
2511.0,4315.281
2512.0,4317.125
2513.0,4318.969
2514.0,4320.813
2515.0,4322.657
2516.0,4324.5
2517.0,4326.344
2518.0,4328.188
2519.0,4330.032
2520.0,4331.876
2521.0,4333.721
2522.0,4335.565
2523.0,4337.41
2524.0,4339.255
2525.0,4341.1
2526.0,4342.944
2527.0,4344.789
2528.0,4346.634
2529.0,4348.478
2530.0,4350.323
2531.0,4352.169
2532.0,4354.015
2533.0,4355.861
2534.0,4357.707
2535.0,4359.553
2536.0,4361.398
2537.0,4363.244
2538.0,4365.09
2539.0,4366.936
2540.0,4368.782
2541.0,4370.629
2542.0,4372.475
2543.0,4374.322
2544.0,4376.169
2545.0,4378.016
2546.0,4379.862
2547.0,4381.709
2548.0,4383.556
2549.0,4385.402
2550.0,4387.249
2551.0,4389.097
2552.0,4390.945
2553.0,4392.792
2554.0,4394.64
2555.0,4396.488
2556.0,4398.336
2557.0,4400.184
2558.0,4402.031
2559.0,4403.879
2560.0,4405.727
2561.0,4407.576
2562.0,4409.425
2563.0,4411.273
2564.0,4413.122
2565.0,4414.971
2566.0,4416.82
2567.0,4418.669
2568.0,4420.517
2569.0,4422.366
2570.0,4424.215
2571.0,4426.065
2572.0,4427.914
2573.0,4429.764
2574.0,4431.614
2575.0,4433.464
2576.0,4435.313
2577.0,4437.163
2578.0,4439.013
2579.0,4440.862
2580.0,4442.712
2581.0,4444.563
2582.0,4446.414
2583.0,4448.264
2584.0,4450.115
2585.0,4451.966
2586.0,4453.817
2587.0,4455.668
2588.0,4457.518
2589.0,4459.369
2590.0,4461.22
2591.0,4463.072
2592.0,4464.923
2593.0,4466.775
2594.0,4468.626
2595.0,4470.478
2596.0,4472.33
2597.0,4474.181
2598.0,4476.033
2599.0,4477.884
2600.0,4479.736
2601.0,4481.589
2602.0,4483.442
2603.0,4485.294
2604.0,4487.147
2605.0,4489.0
2606.0,4490.853
2607.0,4492.706
2608.0,4494.558
2609.0,4496.411
2610.0,4498.264
2611.0,4500.118
2612.0,4501.971
2613.0,4503.825
2614.0,4505.679
2615.0,4507.533
2616.0,4509.386
2617.0,4511.24
2618.0,4513.094
2619.0,4514.947
2620.0,4516.801
2621.0,4518.656
2622.0,4520.51
2623.0,4522.365
2624.0,4524.219
2625.0,4526.074
2626.0,4527.929
2627.0,4529.783
2628.0,4531.638
2629.0,4533.492
2630.0,4535.347
2631.0,4537.203
2632.0,4539.058
2633.0,4540.914
2634.0,4542.77
2635.0,4544.626
2636.0,4546.481
2637.0,4548.337
2638.0,4550.193
2639.0,4552.048
2640.0,4553.904
2641.0,4555.761
2642.0,4557.617
2643.0,4559.474
2644.0,4561.33
2645.0,4563.187
2646.0,4565.044
2647.0,4566.9
2648.0,4568.757
2649.0,4570.613
2650.0,4572.47
2651.0,4574.328
2652.0,4576.185
2653.0,4578.043
2654.0,4579.901
2655.0,4581.759
2656.0,4583.616
2657.0,4585.474
2658.0,4587.332
2659.0,4589.189
2660.0,4591.047
2661.0,4592.906
2662.0,4594.764
2663.0,4596.623
2664.0,4598.481
2665.0,4600.34
2666.0,4602.199
2667.0,4604.057
2668.0,4605.916
2669.0,4607.774
2670.0,4609.633
2671.0,4611.493
2672.0,4613.352
2673.0,4615.212
2674.0,4617.072
2675.0,4618.932
2676.0,4620.791
2677.0,4622.651
2678.0,4624.511
2679.0,4626.37
2680.0,4628.23
2681.0,4630.091
2682.0,4631.951
2683.0,4633.812
2684.0,4635.672
2685.0,4637.533
2686.0,4639.394
2687.0,4641.254
2688.0,4643.115
2689.0,4644.975
2690.0,4646.836
2691.0,4648.698
2692.0,4650.559
2693.0,4652.421
2694.0,4654.282
2695.0,4656.144
2696.0,4658.006
2697.0,4659.867
2698.0,4661.729
2699.0,4663.59
2700.0,4665.452
2701.0,4667.315
2702.0,4669.177
2703.0,4671.04
2704.0,4672.902
2705.0,4674.765
2706.0,4676.628
2707.0,4678.49
2708.0,4680.353
2709.0,4682.215
2710.0,4684.078
2711.0,4685.942
2712.0,4687.805
2713.0,4689.669
2714.0,4691.532
2715.0,4693.396
2716.0,4695.259
2717.0,4697.123
2718.0,4698.986
2719.0,4700.85
2720.0,4702.713
2721.0,4704.578
2722.0,4706.442
2723.0,4708.307
2724.0,4710.171
2725.0,4712.036
2726.0,4713.901
2727.0,4715.765
2728.0,4717.63
2729.0,4719.494
2730.0,4721.359
2731.0,4723.225
2732.0,4725.09
2733.0,4726.956
2734.0,4728.821
2735.0,4730.687
2736.0,4732.553
2737.0,4734.418
2738.0,4736.284
2739.0,4738.149
2740.0,4740.015
2741.0,4741.882
2742.0,4743.748
2743.0,4745.615
2744.0,4747.481
2745.0,4749.348
2746.0,4751.214
2747.0,4753.081
2748.0,4754.947
2749.0,4756.814
2750.0,4758.68
2751.0,4760.548
2752.0,4762.415
2753.0,4764.283
2754.0,4766.15
2755.0,4768.018
2756.0,4769.886
2757.0,4771.753
2758.0,4773.621
2759.0,4775.488
2760.0,4777.356
2761.0,4779.224
2762.0,4781.093
2763.0,4782.961
2764.0,4784.83
2765.0,4786.698
2766.0,4788.566
2767.0,4790.435
2768.0,4792.303
2769.0,4794.172
2770.0,4796.04
2771.0,4797.91
2772.0,4799.779
2773.0,4801.649
2774.0,4803.518
2775.0,4805.388
2776.0,4807.258
2777.0,4809.127
2778.0,4810.997
2779.0,4812.866
2780.0,4814.736
2781.0,4816.607
2782.0,4818.477
2783.0,4820.348
2784.0,4822.218
2785.0,4824.089
2786.0,4825.959
2787.0,4827.83
2788.0,4829.7
2789.0,4831.571
2790.0,4833.441
2791.0,4835.312
2792.0,4837.184
2793.0,4839.055
2794.0,4840.927
2795.0,4842.798
2796.0,4844.669
2797.0,4846.541
2798.0,4848.412
2799.0,4850.284
2800.0,4852.155
2801.0,4854.028
2802.0,4855.9
2803.0,4857.773
2804.0,4859.645
2805.0,4861.518
2806.0,4863.391
2807.0,4865.263
2808.0,4867.136
2809.0,4869.008
2810.0,4870.881
2811.0,4872.754
2812.0,4874.628
2813.0,4876.501
2814.0,4878.374
2815.0,4880.248
2816.0,4882.121
2817.0,4883.994
2818.0,4885.867
2819.0,4887.741
2820.0,4889.614
2821.0,4891.489
2822.0,4893.363
2823.0,4895.238
2824.0,4897.112
2825.0,4898.987
2826.0,4900.861
2827.0,4902.736
2828.0,4904.61
2829.0,4906.485
2830.0,4908.359
2831.0,4910.235
2832.0,4912.11
2833.0,4913.986
2834.0,4915.861
2835.0,4917.737
2836.0,4919.612
2837.0,4921.488
2838.0,4923.363
2839.0,4925.239
2840.0,4927.114
2841.0,4928.99
2842.0,4930.867
2843.0,4932.743
2844.0,4934.62
2845.0,4936.496
2846.0,4938.372
2847.0,4940.249
2848.0,4942.125
2849.0,4944.002
2850.0,4945.878
2851.0,4947.755
2852.0,4949.633
2853.0,4951.51
2854.0,4953.388
2855.0,4955.265
2856.0,4957.142
2857.0,4959.02
2858.0,4960.897
2859.0,4962.775
2860.0,4964.652
2861.0,4966.53
2862.0,4968.409
2863.0,4970.287
2864.0,4972.166
2865.0,4974.044
2866.0,4975.922
2867.0,4977.801
2868.0,4979.679
2869.0,4981.558
2870.0,4983.436
2871.0,4985.315
2872.0,4987.195
2873.0,4989.074
2874.0,4990.954
2875.0,4992.833
2876.0,4994.712
2877.0,4996.592
2878.0,4998.471
2879.0,5000.351
2880.0,5002.23
2881.0,5004.11
2882.0,5005.991
2883.0,5007.871
2884.0,5009.751
2885.0,5011.632
2886.0,5013.512
2887.0,5015.392
2888.0,5017.272
2889.0,5019.153
2890.0,5021.033
2891.0,5022.914
2892.0,5024.796
2893.0,5026.677
2894.0,5028.559
2895.0,5030.44
2896.0,5032.321
2897.0,5034.203
2898.0,5036.084
2899.0,5037.966
2900.0,5039.847
2901.0,5041.729
2902.0,5043.612
2903.0,5045.494
2904.0,5047.377
2905.0,5049.259
2906.0,5051.141
2907.0,5053.024
2908.0,5054.906
2909.0,5056.789
2910.0,5058.671
2911.0,5060.554
2912.0,5062.438
2913.0,5064.321
2914.0,5066.204
2915.0,5068.088
2916.0,5069.971
2917.0,5071.854
2918.0,5073.737
2919.0,5075.621
2920.0,5077.504
2921.0,5079.388
2922.0,5081.273
2923.0,5083.157
2924.0,5085.042
2925.0,5086.926
2926.0,5088.81
2927.0,5090.695
2928.0,5092.579
2929.0,5094.464
2930.0,5096.348
2931.0,5098.233
2932.0,5100.118
2933.0,5102.004
2934.0,5103.889
2935.0,5105.774
2936.0,5107.659
2937.0,5109.544
2938.0,5111.43
2939.0,5113.315
2940.0,5115.2
2941.0,5117.086
2942.0,5118.973
2943.0,5120.859
2944.0,5122.746
2945.0,5124.632
2946.0,5126.518
2947.0,5128.405
2948.0,5130.291
2949.0,5132.178
2950.0,5134.064
2951.0,5135.951
2952.0,5137.839
2953.0,5139.726
2954.0,5141.613
2955.0,5143.501
2956.0,5145.388
2957.0,5147.275
2958.0,5149.162
2959.0,5151.05
2960.0,5152.937
2961.0,5154.825
2962.0,5156.713
2963.0,5158.602
2964.0,5160.49
2965.0,5162.378
2966.0,5164.266
2967.0,5166.154
2968.0,5168.043
2969.0,5169.931
2970.0,5171.819
2971.0,5173.708
2972.0,5175.598
2973.0,5177.487
2974.0,5179.376
2975.0,5181.266
2976.0,5183.155
2977.0,5185.044
2978.0,5186.933
2979.0,5188.823
2980.0,5190.712
2981.0,5192.602
2982.0,5194.492
2983.0,5196.383
2984.0,5198.273
2985.0,5200.163
2986.0,5202.053
2987.0,5203.943
2988.0,5205.834
2989.0,5207.724
2990.0,5209.614
2991.0,5211.505
2992.0,5213.397
2993.0,5215.288
2994.0,5217.179
2995.0,5219.071
2996.0,5220.962
2997.0,5222.853
2998.0,5224.744
2999.0,5226.636
3000.0,5228.527
3001.0,5230.419
3002.0,5232.312
3003.0,5234.204
3004.0,5236.096
3005.0,5237.989
3006.0,5239.881
3007.0,5241.773
3008.0,5243.665
3009.0,5245.558
3010.0,5247.45
3011.0,5249.343
3012.0,5251.236
3013.0,5253.129
3014.0,5255.022
3015.0,5256.916
3016.0,5258.809
3017.0,5260.702
3018.0,5262.595
3019.0,5264.488
3020.0,5266.381
3021.0,5268.275
3022.0,5270.17
3023.0,5272.064
3024.0,5273.958
3025.0,5275.853
3026.0,5277.747
3027.0,5279.641
3028.0,5281.535
3029.0,5283.43
3030.0,5285.324
3031.0,5287.219
3032.0,5289.114
3033.0,5291.009
3034.0,5292.904
3035.0,5294.8
3036.0,5296.695
3037.0,5298.59
3038.0,5300.485
3039.0,5302.38
3040.0,5304.275
3041.0,5306.171
3042.0,5308.068
3043.0,5309.964
3044.0,5311.86
3045.0,5313.757
3046.0,5315.653
3047.0,5317.549
3048.0,5319.445
3049.0,5321.342
3050.0,5323.238
3051.0,5325.135
3052.0,5327.032
3053.0,5328.929
3054.0,5330.826
3055.0,5332.724
3056.0,5334.621
3057.0,5336.518
3058.0,5338.415
3059.0,5340.312
3060.0,5342.209
3061.0,5344.107
3062.0,5346.005
3063.0,5347.904
3064.0,5349.802
3065.0,5351.7
3066.0,5353.598
3067.0,5355.496
3068.0,5357.395
3069.0,5359.293
3070.0,5361.191
3071.0,5363.09
3072.0,5364.989
3073.0,5366.889
3074.0,5368.788
3075.0,5370.687
3076.0,5372.586
3077.0,5374.485
3078.0,5376.385
3079.0,5378.284
3080.0,5380.183
3081.0,5382.083
3082.0,5383.983
3083.0,5385.883
3084.0,5387.783
3085.0,5389.683
3086.0,5391.583
3087.0,5393.483
3088.0,5395.383
3089.0,5397.283
3090.0,5399.183
3091.0,5401.084
3092.0,5402.985
3093.0,5404.887
3094.0,5406.788
3095.0,5408.689
3096.0,5410.59
3097.0,5412.491
3098.0,5414.393
3099.0,5416.294
3100.0,5418.195
3101.0,5420.097
3102.0,5421.999
3103.0,5423.901
3104.0,5425.803
3105.0,5427.706
3106.0,5429.608
3107.0,5431.51
3108.0,5433.412
3109.0,5435.314
3110.0,5437.216
3111.0,5439.119
3112.0,5441.022
3113.0,5442.925
3114.0,5444.828
3115.0,5446.732
3116.0,5448.635
3117.0,5450.538
3118.0,5452.441
3119.0,5454.344
3120.0,5456.247
3121.0,5458.151
3122.0,5460.055
3123.0,5461.96
3124.0,5463.864
3125.0,5465.768
3126.0,5467.672
3127.0,5469.576
3128.0,5471.481
3129.0,5473.385
3130.0,5475.289
3131.0,5477.194
3132.0,5479.099
3133.0,5481.004
3134.0,5482.909
3135.0,5484.814
3136.0,5486.719
3137.0,5488.624
3138.0,5490.529
3139.0,5492.434
3140.0,5494.339
3141.0,5496.245
3142.0,5498.151
3143.0,5500.057
3144.0,5501.963
3145.0,5503.87
3146.0,5505.776
3147.0,5507.682
3148.0,5509.588
3149.0,5511.494
3150.0,5513.4
3151.0,5515.307
3152.0,5517.214
3153.0,5519.121
3154.0,5521.028
3155.0,5522.935
3156.0,5524.842
3157.0,5526.749
3158.0,5528.656
3159.0,5530.563
3160.0,5532.47
3161.0,5534.378
3162.0,5536.286
3163.0,5538.194
3164.0,5540.102
3165.0,5542.011
3166.0,5543.919
3167.0,5545.827
3168.0,5547.735
3169.0,5549.643
3170.0,5551.551
3171.0,5553.46
3172.0,5555.369
3173.0,5557.278
3174.0,5559.187
3175.0,5561.097
3176.0,5563.006
3177.0,5564.915
3178.0,5566.824
3179.0,5568.733
3180.0,5570.642
3181.0,5572.552
3182.0,5574.462
3183.0,5576.372
3184.0,5578.282
3185.0,5580.192
3186.0,5582.101
3187.0,5584.011
3188.0,5585.921
3189.0,5587.831
3190.0,5589.741
3191.0,5591.652
3192.0,5593.563
3193.0,5595.474
3194.0,5597.385
3195.0,5599.297
3196.0,5601.208
3197.0,5603.119
3198.0,5605.03
3199.0,5606.941
3200.0,5608.852
3201.0,5610.764
3202.0,5612.676
3203.0,5614.588
3204.0,5616.5
3205.0,5618.412
3206.0,5620.323
3207.0,5622.235
3208.0,5624.147
3209.0,5626.059
3210.0,5627.971
3211.0,5629.884
3212.0,5631.797
3213.0,5633.71
3214.0,5635.623
3215.0,5637.536
3216.0,5639.449
3217.0,5641.362
3218.0,5643.275
3219.0,5645.188
3220.0,5647.101
3221.0,5649.015
3222.0,5650.929
3223.0,5652.843
3224.0,5654.757
3225.0,5656.671
3226.0,5658.585
3227.0,5660.499
3228.0,5662.413
3229.0,5664.327
3230.0,5666.241
3231.0,5668.156
3232.0,5670.071
3233.0,5671.986
3234.0,5673.901
3235.0,5675.816
3236.0,5677.73
3237.0,5679.645
3238.0,5681.56
3239.0,5683.475
3240.0,5685.39
3241.0,5687.306
3242.0,5689.222
3243.0,5691.138
3244.0,5693.054
3245.0,5694.97
3246.0,5696.886
3247.0,5698.802
3248.0,5700.718
3249.0,5702.634
3250.0,5704.55
3251.0,5706.467
3252.0,5708.384
3253.0,5710.301
3254.0,5712.218
3255.0,5714.135
3256.0,5716.051
3257.0,5717.968
3258.0,5719.885
3259.0,5721.802
3260.0,5723.719
3261.0,5725.637
3262.0,5727.555
3263.0,5729.473
3264.0,5731.391
3265.0,5733.309
3266.0,5735.227
3267.0,5737.145
3268.0,5739.063
3269.0,5740.981
3270.0,5742.899
3271.0,5744.818
3272.0,5746.737
3273.0,5748.655
3274.0,5750.574
3275.0,5752.493
3276.0,5754.412
3277.0,5756.331
3278.0,5758.249
3279.0,5760.168
3280.0,5762.087
3281.0,5764.007
3282.0,5765.927
3283.0,5767.847
3284.0,5769.767
3285.0,5771.687
3286.0,5773.606
3287.0,5775.526
3288.0,5777.446
3289.0,5779.366
3290.0,5781.286
3291.0,5783.207
3292.0,5785.128
3293.0,5787.049
3294.0,5788.97
3295.0,5790.891
3296.0,5792.812
3297.0,5794.733
3298.0,5796.654
3299.0,5798.575
3300.0,5800.496
3301.0,5802.418
3302.0,5804.34
3303.0,5806.261
3304.0,5808.183
3305.0,5810.105
3306.0,5812.027
3307.0,5813.949
3308.0,5815.87
3309.0,5817.792
3310.0,5819.714
3311.0,5821.637
3312.0,5823.56
3313.0,5825.483
3314.0,5827.406
3315.0,5829.329
3316.0,5831.251
3317.0,5833.174
3318.0,5835.097
3319.0,5837.02
3320.0,5838.943
3321.0,5840.867
3322.0,5842.791
3323.0,5844.714
3324.0,5846.638
3325.0,5848.562
3326.0,5850.486
3327.0,5852.41
3328.0,5854.333
3329.0,5856.257
3330.0,5858.181
3331.0,5860.106
3332.0,5862.031
3333.0,5863.956
3334.0,5865.881
3335.0,5867.806
3336.0,5869.73
3337.0,5871.655
3338.0,5873.58
3339.0,5875.505
3340.0,5877.43
3341.0,5879.356
3342.0,5881.282
3343.0,5883.208
3344.0,5885.134
3345.0,5887.06
3346.0,5888.985
3347.0,5890.911
3348.0,5892.837
3349.0,5894.763
3350.0,5896.689
3351.0,5898.616
3352.0,5900.542
3353.0,5902.469
3354.0,5904.396
3355.0,5906.323
3356.0,5908.249
3357.0,5910.176
3358.0,5912.103
3359.0,5914.029
3360.0,5915.956
3361.0,5917.884
3362.0,5919.812
3363.0,5921.74
3364.0,5923.668
3365.0,5925.596
3366.0,5927.523
3367.0,5929.451
3368.0,5931.379
3369.0,5933.307
3370.0,5935.235
3371.0,5937.164
3372.0,5939.092
3373.0,5941.021
3374.0,5942.95
3375.0,5944.879
3376.0,5946.807
3377.0,5948.736
3378.0,5950.665
3379.0,5952.593
3380.0,5954.522
3381.0,5956.452
3382.0,5958.382
3383.0,5960.311
3384.0,5962.241
3385.0,5964.171
3386.0,5966.101
3387.0,5968.031
3388.0,5969.96
3389.0,5971.89
3390.0,5973.82
3391.0,5975.751
3392.0,5977.682
3393.0,5979.613
3394.0,5981.544
3395.0,5983.475
3396.0,5985.405
3397.0,5987.336
3398.0,5989.267
3399.0,5991.198
3400.0,5993.129
3401.0,5995.061
3402.0,5996.992
3403.0,5998.924
3404.0,6000.855
3405.0,6002.787
3406.0,6004.719
3407.0,6006.65
3408.0,6008.582
3409.0,6010.513
3410.0,6012.445
3411.0,6014.378
3412.0,6016.311
3413.0,6018.243
3414.0,6020.176
3415.0,6022.109
3416.0,6024.042
3417.0,6025.975
3418.0,6027.907
3419.0,6029.84
3420.0,6031.773
3421.0,6033.707
3422.0,6035.64
3423.0,6037.574
3424.0,6039.508
3425.0,6041.442
3426.0,6043.375
3427.0,6045.309
3428.0,6047.243
3429.0,6049.176
3430.0,6051.11
3431.0,6053.045
3432.0,6054.98
3433.0,6056.914
3434.0,6058.849
3435.0,6060.784
3436.0,6062.719
3437.0,6064.654
3438.0,6066.588
3439.0,6068.523
3440.0,6070.458
3441.0,6072.394
3442.0,6074.329
3443.0,6076.265
3444.0,6078.2
3445.0,6080.136
3446.0,6082.072
3447.0,6084.007
3448.0,6085.943
3449.0,6087.878
3450.0,6089.814
3451.0,6091.751
3452.0,6093.687
3453.0,6095.624
3454.0,6097.561
3455.0,6099.498
3456.0,6101.434
3457.0,6103.371
3458.0,6105.308
3459.0,6107.244
3460.0,6109.181
3461.0,6111.119
3462.0,6113.057
3463.0,6114.994
3464.0,6116.932
3465.0,6118.87
3466.0,6120.808
3467.0,6122.746
3468.0,6124.683
3469.0,6126.621
3470.0,6128.559
3471.0,6130.498
3472.0,6132.436
3473.0,6134.375
3474.0,6136.313
3475.0,6138.252
3476.0,6140.191
3477.0,6142.129
3478.0,6144.068
3479.0,6146.006
3480.0,6147.945
3481.0,6149.885
3482.0,6151.824
3483.0,6153.764
3484.0,6155.704
3485.0,6157.644
3486.0,6159.583
3487.0,6161.523
3488.0,6163.463
3489.0,6165.402
3490.0,6167.342
3491.0,6169.283
3492.0,6171.223
3493.0,6173.164
3494.0,6175.104
3495.0,6177.045
3496.0,6178.986
3497.0,6180.926
3498.0,6182.867
3499.0,6184.807
3500.0,6186.748
3501.0,6188.69
3502.0,6190.631
3503.0,6192.573
3504.0,6194.515
3505.0,6196.457
3506.0,6198.398
3507.0,6200.34
3508.0,6202.282
3509.0,6204.223
3510.0,6206.165
3511.0,6208.108
3512.0,6210.05
3513.0,6211.993
3514.0,6213.936
3515.0,6215.879
3516.0,6217.821
3517.0,6219.764
3518.0,6221.707
3519.0,6223.649
3520.0,6225.592
3521.0,6227.536
3522.0,6229.479
3523.0,6231.423
3524.0,6233.366
3525.0,6235.31
3526.0,6237.253
3527.0,6239.197
3528.0,6241.14
3529.0,6243.084
3530.0,6245.027
3531.0,6246.972
3532.0,6248.916
3533.0,6250.861
3534.0,6252.806
3535.0,6254.751
3536.0,6256.695
3537.0,6258.64
3538.0,6260.585
3539.0,6262.529
3540.0,6264.474
3541.0,6266.419
3542.0,6268.365
3543.0,6270.31
3544.0,6272.256
3545.0,6274.201
3546.0,6276.146
3547.0,6278.092
3548.0,6280.037
3549.0,6281.983
3550.0,6283.928
3551.0,6285.875
3552.0,6287.821
3553.0,6289.768
3554.0,6291.715
3555.0,6293.662
3556.0,6295.608
3557.0,6297.555
3558.0,6299.502
3559.0,6301.448
3560.0,6303.395
3561.0,6305.343
3562.0,6307.29
3563.0,6309.238
3564.0,6311.185
3565.0,6313.133
3566.0,6315.081
3567.0,6317.028
3568.0,6318.976
3569.0,6320.923
3570.0,6322.871
3571.0,6324.82
3572.0,6326.768
3573.0,6328.717
3574.0,6330.665
3575.0,6332.614
3576.0,6334.562
3577.0,6336.511
3578.0,6338.459
3579.0,6340.408
3580.0,6342.356
3581.0,6344.306
3582.0,6346.255
3583.0,6348.205
3584.0,6350.154
3585.0,6352.104
3586.0,6354.054
3587.0,6356.003
3588.0,6357.953
3589.0,6359.902
3590.0,6361.852
3591.0,6363.802
3592.0,6365.753
3593.0,6367.703
3594.0,6369.654
3595.0,6371.604
3596.0,6373.554
3597.0,6375.505
3598.0,6377.455
3599.0,6379.406
3600.0,6381.356
3601.0,6383.308
3602.0,6385.259
3603.0,6387.211
3604.0,6389.162
3605.0,6391.114
3606.0,6393.066
3607.0,6395.017
3608.0,6396.969
3609.0,6398.92
3610.0,6400.872
3611.0,6402.825
3612.0,6404.777
3613.0,6406.73
3614.0,6408.682
3615.0,6410.635
3616.0,6412.588
3617.0,6414.54
3618.0,6416.493
3619.0,6418.445
3620.0,6420.398
3621.0,6422.351
3622.0,6424.305
3623.0,6426.258
3624.0,6428.212
3625.0,6430.165
3626.0,6432.118
3627.0,6434.072
3628.0,6436.025
3629.0,6437.979
3630.0,6439.932
3631.0,6441.887
3632.0,6443.841
3633.0,6445.796
3634.0,6447.75
3635.0,6449.705
3636.0,6451.66
3637.0,6453.614
3638.0,6455.569
3639.0,6457.523
3640.0,6459.478
3641.0,6461.433
3642.0,6463.389
3643.0,6465.344
3644.0,6467.299
3645.0,6469.255
3646.0,6471.21
3647.0,6473.165
3648.0,6475.12
3649.0,6477.076
3650.0,6479.031
3651.0,6480.988
3652.0,6482.944
3653.0,6484.901
3654.0,6486.857
3655.0,6488.814
3656.0,6490.771
3657.0,6492.727
3658.0,6494.684
3659.0,6496.64
3660.0,6498.597
3661.0,6500.554
3662.0,6502.512
3663.0,6504.469
3664.0,6506.426
3665.0,6508.384
3666.0,6510.341
3667.0,6512.298
3668.0,6514.255
3669.0,6516.213
3670.0,6518.17
3671.0,6520.129
3672.0,6522.087
3673.0,6524.046
3674.0,6526.004
3675.0,6527.963
3676.0,6529.921
3677.0,6531.88
3678.0,6533.838
3679.0,6535.797
3680.0,6537.755
3681.0,6539.715
3682.0,6541.674
3683.0,6543.634
3684.0,6545.593
3685.0,6547.553
3686.0,6549.512
3687.0,6551.472
3688.0,6553.431
3689.0,6555.391
3690.0,6557.35
3691.0,6559.31
3692.0,6561.271
3693.0,6563.231
3694.0,6565.191
3695.0,6567.152
3696.0,6569.112
3697.0,6571.072
3698.0,6573.032
3699.0,6574.993
3700.0,6576.953
3701.0,6578.915
3702.0,6580.876
3703.0,6582.838
3704.0,6584.799
3705.0,6586.761
3706.0,6588.722
3707.0,6590.684
3708.0,6592.645
3709.0,6594.607
3710.0,6596.568
3711.0,6598.53
3712.0,6600.493
3713.0,6602.455
3714.0,6604.417
3715.0,6606.38
3716.0,6608.342
3717.0,6610.304
3718.0,6612.266
3719.0,6614.229
3720.0,6616.191
3721.0,6618.154
3722.0,6620.118
3723.0,6622.081
3724.0,6624.045
3725.0,6626.008
3726.0,6627.971
3727.0,6629.935
3728.0,6631.898
3729.0,6633.862
3730.0,6635.825
3731.0,6637.79
3732.0,6639.754
3733.0,6641.719
3734.0,6643.683
3735.0,6645.648
3736.0,6647.612
3737.0,6649.577
3738.0,6651.541
3739.0,6653.506
3740.0,6655.47
3741.0,6657.435
3742.0,6659.4
3743.0,6661.366
3744.0,6663.331
3745.0,6665.296
3746.0,6667.261
3747.0,6669.226
3748.0,6671.192
3749.0,6673.157
3750.0,6675.122
3751.0,6677.088
3752.0,6679.055
3753.0,6681.021
3754.0,6682.988
3755.0,6684.954
3756.0,6686.92
3757.0,6688.887
3758.0,6690.853
3759.0,6692.82
3760.0,6694.786
3761.0,6696.753
3762.0,6698.721
3763.0,6700.688
3764.0,6702.655
3765.0,6704.623
3766.0,6706.59
3767.0,6708.557
3768.0,6710.524
3769.0,6712.492
3770.0,6714.459
3771.0,6716.427
3772.0,6718.395
3773.0,6720.364
3774.0,6722.332
3775.0,6724.3
3776.0,6726.268
3777.0,6728.236
3778.0,6730.205
3779.0,6732.173
3780.0,6734.141
3781.0,6736.109
3782.0,6738.077
3783.0,6740.046
3784.0,6742.014
3785.0,6743.982
3786.0,6745.95
3787.0,6747.918
3788.0,6749.887
3789.0,6751.855
3790.0,6753.823
3791.0,6755.791
3792.0,6757.759
3793.0,6759.728
3794.0,6761.696
3795.0,6763.664
3796.0,6765.632
3797.0,6767.6
3798.0,6769.569
3799.0,6771.537
3800.0,6773.505
3801.0,6775.473
3802.0,6777.441
3803.0,6779.41
3804.0,6781.378
3805.0,6783.346
3806.0,6785.314
3807.0,6787.282
3808.0,6789.251
3809.0,6791.219
3810.0,6793.187
3811.0,6795.155
3812.0,6797.124
3813.0,6799.092
3814.0,6801.06
3815.0,6803.029
3816.0,6804.997
3817.0,6806.965
3818.0,6808.933
3819.0,6810.902
3820.0,6812.87
3821.0,6814.838
3822.0,6816.806
3823.0,6818.775
3824.0,6820.743
3825.0,6822.711
3826.0,6824.679
3827.0,6826.647
3828.0,6828.616
3829.0,6830.584
3830.0,6832.552
3831.0,6834.52
3832.0,6836.488
3833.0,6838.457
3834.0,6840.425
3835.0,6842.393
3836.0,6844.361
3837.0,6846.329
3838.0,6848.298
3839.0,6850.266
3840.0,6852.234
3841.0,6854.202
3842.0,6856.17
3843.0,6858.139
3844.0,6860.107
3845.0,6862.075
3846.0,6864.043
3847.0,6866.011
3848.0,6867.98
3849.0,6869.948
3850.0,6871.916
3851.0,6873.884
3852.0,6875.853
3853.0,6877.821
3854.0,6879.789
3855.0,6881.758
3856.0,6883.726
3857.0,6885.694
3858.0,6887.662
3859.0,6889.631
3860.0,6891.599
3861.0,6893.567
3862.0,6895.535
3863.0,6897.504
3864.0,6899.472
3865.0,6901.44
3866.0,6903.408
3867.0,6905.376
3868.0,6907.345
3869.0,6909.313
3870.0,6911.281
3871.0,6913.249
3872.0,6915.217
3873.0,6917.186
3874.0,6919.154
3875.0,6921.122
3876.0,6923.09
3877.0,6925.058
3878.0,6927.027
3879.0,6928.995
3880.0,6930.963
3881.0,6932.931
3882.0,6934.899
3883.0,6936.868
3884.0,6938.836
3885.0,6940.804
3886.0,6942.772
3887.0,6944.74
3888.0,6946.709
3889.0,6948.677
3890.0,6950.645
3891.0,6952.613
3892.0,6954.582
3893.0,6956.55
3894.0,6958.518
3895.0,6960.487
3896.0,6962.455
3897.0,6964.423
3898.0,6966.391
3899.0,6968.36
3900.0,6970.328
3901.0,6972.296
3902.0,6974.264
3903.0,6976.233
3904.0,6978.201
3905.0,6980.169
3906.0,6982.137
3907.0,6984.105
3908.0,6986.074
3909.0,6988.042
3910.0,6990.01
3911.0,6991.978
3912.0,6993.946
3913.0,6995.915
3914.0,6997.883
3915.0,6999.851
3916.0,7001.819
3917.0,7003.787
3918.0,7005.756
3919.0,7007.724
3920.0,7009.692
3921.0,7011.66
3922.0,7013.628
3923.0,7015.597
3924.0,7017.565
3925.0,7019.533
3926.0,7021.501
3927.0,7023.469
3928.0,7025.438
3929.0,7027.406
3930.0,7029.374
3931.0,7031.342
3932.0,7033.31
3933.0,7035.279
3934.0,7037.247
3935.0,7039.215
3936.0,7041.183
3937.0,7043.151
3938.0,7045.12
3939.0,7047.088
3940.0,7049.056
3941.0,7051.024
3942.0,7052.993
3943.0,7054.961
3944.0,7056.929
3945.0,7058.898
3946.0,7060.866
3947.0,7062.834
3948.0,7064.802
3949.0,7066.771
3950.0,7068.739
3951.0,7070.707
3952.0,7072.675
3953.0,7074.644
3954.0,7076.612
3955.0,7078.58
3956.0,7080.548
3957.0,7082.516
3958.0,7084.485
3959.0,7086.453
3960.0,7088.421
3961.0,7090.389
3962.0,7092.357
3963.0,7094.326
3964.0,7096.294
3965.0,7098.262
3966.0,7100.23
3967.0,7102.198
3968.0,7104.167
3969.0,7106.135
3970.0,7108.103
3971.0,7110.071
3972.0,7112.039
3973.0,7114.008
3974.0,7115.976
3975.0,7117.944
3976.0,7119.912
3977.0,7121.88
3978.0,7123.849
3979.0,7125.817
3980.0,7127.785
3981.0,7129.753
3982.0,7131.722
3983.0,7133.69
3984.0,7135.658
3985.0,7137.627
3986.0,7139.595
3987.0,7141.563
3988.0,7143.531
3989.0,7145.5
3990.0,7147.468
3991.0,7149.436
3992.0,7151.404
3993.0,7153.373
3994.0,7155.341
3995.0,7157.309
3996.0,7159.277
3997.0,7161.245
3998.0,7163.214
3999.0,7165.182
4000.0,7167.15
4001.0,7169.118
4002.0,7171.086
4003.0,7173.055
4004.0,7175.023
4005.0,7176.991
4006.0,7178.959
4007.0,7180.927
4008.0,7182.896
4009.0,7184.864
4010.0,7186.832
4011.0,7188.8
4012.0,7190.768
4013.0,7192.737
4014.0,7194.705
4015.0,7196.673
4016.0,7198.641
4017.0,7200.609
4018.0,7202.578
4019.0,7204.546
4020.0,7206.514
4021.0,7208.482
4022.0,7210.451
4023.0,7212.419
4024.0,7214.387
4025.0,7216.356
4026.0,7218.324
4027.0,7220.292
4028.0,7222.26
4029.0,7224.229
4030.0,7226.197
4031.0,7228.165
4032.0,7230.133
4033.0,7232.102
4034.0,7234.07
4035.0,7236.038
4036.0,7238.006
4037.0,7239.974
4038.0,7241.943
4039.0,7243.911
4040.0,7245.879
4041.0,7247.847
4042.0,7249.815
4043.0,7251.784
4044.0,7253.752
4045.0,7255.72
4046.0,7257.688
4047.0,7259.656
4048.0,7261.625
4049.0,7263.593
4050.0,7265.561
4051.0,7267.529
4052.0,7269.497
4053.0,7271.466
4054.0,7273.434
4055.0,7275.402
4056.0,7277.37
4057.0,7279.338
4058.0,7281.307
4059.0,7283.275
4060.0,7285.243
4061.0,7287.211
4062.0,7289.18
4063.0,7291.148
4064.0,7293.116
4065.0,7295.085
4066.0,7297.053
4067.0,7299.021
4068.0,7300.989
4069.0,7302.958
4070.0,7304.926
4071.0,7306.894
4072.0,7308.862
4073.0,7310.831
4074.0,7312.799
4075.0,7314.767
4076.0,7316.735
4077.0,7318.703
4078.0,7320.672
4079.0,7322.64
4080.0,7324.608
4081.0,7326.576
4082.0,7328.544
4083.0,7330.513
4084.0,7332.481
4085.0,7334.449
4086.0,7336.417
4087.0,7338.385
4088.0,7340.354
4089.0,7342.322
4090.0,7344.29
4091.0,7346.258
4092.0,7348.226
4093.0,7350.195
4094.0,7352.163
4095.0,7354.131
4096.0,7356.099
4097.0,7358.067
4098.0,7360.036
4099.0,7362.004
4100.0,7363.972
4101.0,7365.94
4102.0,7367.908
4103.0,7369.877
4104.0,7371.845
4105.0,7373.813
4106.0,7375.781
4107.0,7377.749
4108.0,7379.718
4109.0,7381.686
4110.0,7383.654
4111.0,7385.622
4112.0,7387.591
4113.0,7389.559
4114.0,7391.527
4115.0,7393.496
4116.0,7395.464
4117.0,7397.432
4118.0,7399.4
4119.0,7401.369
4120.0,7403.337
4121.0,7405.305
4122.0,7407.273
4123.0,7409.242
4124.0,7411.21
4125.0,7413.178
4126.0,7415.146
4127.0,7417.114
4128.0,7419.083
4129.0,7421.051
4130.0,7423.019
4131.0,7424.987
4132.0,7426.955
4133.0,7428.924
4134.0,7430.892
4135.0,7432.86
4136.0,7434.828
4137.0,7436.796
4138.0,7438.765
4139.0,7440.733
4140.0,7442.701
4141.0,7444.669
4142.0,7446.637
4143.0,7448.606
4144.0,7450.574
4145.0,7452.542
4146.0,7454.51
4147.0,7456.478
4148.0,7458.447
4149.0,7460.415
4150.0,7462.383
4151.0,7464.351
4152.0,7466.32
4153.0,7468.288
4154.0,7470.256
4155.0,7472.225
4156.0,7474.193
4157.0,7476.161
4158.0,7478.129
4159.0,7480.098
4160.0,7482.066
4161.0,7484.034
4162.0,7486.002
4163.0,7487.971
4164.0,7489.939
4165.0,7491.907
4166.0,7493.875
4167.0,7495.843
4168.0,7497.812
4169.0,7499.78
4170.0,7501.748
4171.0,7503.716
4172.0,7505.684
4173.0,7507.653
4174.0,7509.621
4175.0,7511.589
4176.0,7513.557
4177.0,7515.525
4178.0,7517.494
4179.0,7519.462
4180.0,7521.43
4181.0,7523.398
4182.0,7525.366
4183.0,7527.335
4184.0,7529.303
4185.0,7531.271
4186.0,7533.239
4187.0,7535.207
4188.0,7537.176
4189.0,7539.144
4190.0,7541.112
4191.0,7543.08
4192.0,7545.049
4193.0,7547.017
4194.0,7548.985
4195.0,7550.954
4196.0,7552.922
4197.0,7554.89
4198.0,7556.858
4199.0,7558.827
4200.0,7560.795
4201.0,7562.763
4202.0,7564.731
4203.0,7566.7
4204.0,7568.668
4205.0,7570.636
4206.0,7572.604
4207.0,7574.572
4208.0,7576.541
4209.0,7578.509
4210.0,7580.477
4211.0,7582.445
4212.0,7584.413
4213.0,7586.382
4214.0,7588.35
4215.0,7590.318
4216.0,7592.286
4217.0,7594.254
4218.0,7596.223
4219.0,7598.191
4220.0,7600.159
4221.0,7602.127
4222.0,7604.095
4223.0,7606.064
4224.0,7608.032
4225.0,7610.0
4226.0,7611.968
4227.0,7613.936
4228.0,7615.905
4229.0,7617.873
4230.0,7619.841
4231.0,7621.809
4232.0,7623.777
4233.0,7625.746
4234.0,7627.714
4235.0,7629.682
4236.0,7631.65
4237.0,7633.618
4238.0,7635.587
4239.0,7637.555
4240.0,7639.523
4241.0,7641.491
4242.0,7643.46
4243.0,7645.428
4244.0,7647.396
4245.0,7649.365
4246.0,7651.333
4247.0,7653.301
4248.0,7655.269
4249.0,7657.238
4250.0,7659.206
4251.0,7661.174
4252.0,7663.142
4253.0,7665.111
4254.0,7667.079
4255.0,7669.047
4256.0,7671.015
4257.0,7672.983
4258.0,7674.952
4259.0,7676.92
4260.0,7678.888
4261.0,7680.856
4262.0,7682.824
4263.0,7684.793
4264.0,7686.761
4265.0,7688.729
4266.0,7690.697
4267.0,7692.665
4268.0,7694.634
4269.0,7696.602
4270.0,7698.57
4271.0,7700.538
4272.0,7702.506
4273.0,7704.475
4274.0,7706.443
4275.0,7708.411
4276.0,7710.379
4277.0,7712.347
4278.0,7714.316
4279.0,7716.284
4280.0,7718.252
4281.0,7720.22
4282.0,7722.189
4283.0,7724.157
4284.0,7726.125
4285.0,7728.094
4286.0,7730.062
4287.0,7732.03
4288.0,7733.998
4289.0,7735.967
4290.0,7737.935
4291.0,7739.903
4292.0,7741.871
4293.0,7743.84
4294.0,7745.808
4295.0,7747.776
4296.0,7749.744
4297.0,7751.712
4298.0,7753.681
4299.0,7755.649
4300.0,7757.617
4301.0,7759.585
4302.0,7761.553
4303.0,7763.522
4304.0,7765.49
4305.0,7767.458
4306.0,7769.426
4307.0,7771.394
4308.0,7773.363
4309.0,7775.331
4310.0,7777.299
4311.0,7779.267
4312.0,7781.235
4313.0,7783.204
4314.0,7785.172
4315.0,7787.14
4316.0,7789.108
4317.0,7791.076
4318.0,7793.045
4319.0,7795.013
4320.0,7796.981
4321.0,7798.949
4322.0,7800.918
4323.0,7802.886
4324.0,7804.854
4325.0,7806.823
4326.0,7808.791
4327.0,7810.759
4328.0,7812.727
4329.0,7814.696
4330.0,7816.664
4331.0,7818.632
4332.0,7820.6
4333.0,7822.569
4334.0,7824.537
4335.0,7826.505
4336.0,7828.473
4337.0,7830.441
4338.0,7832.41
4339.0,7834.378
4340.0,7836.346
4341.0,7838.314
4342.0,7840.282
4343.0,7842.251
4344.0,7844.219
4345.0,7846.187
4346.0,7848.155
4347.0,7850.123
4348.0,7852.092
4349.0,7854.06
4350.0,7856.028
4351.0,7857.996
4352.0,7859.964
4353.0,7861.933
4354.0,7863.901
4355.0,7865.869
4356.0,7867.837
4357.0,7869.805
4358.0,7871.774
4359.0,7873.742
4360.0,7875.71
4361.0,7877.678
4362.0,7879.647
4363.0,7881.615
4364.0,7883.583
4365.0,7885.552
4366.0,7887.52
4367.0,7889.488
4368.0,7891.456
4369.0,7893.425
4370.0,7895.393
4371.0,7897.361
4372.0,7899.329
4373.0,7901.298
4374.0,7903.266
4375.0,7905.234
4376.0,7907.202
4377.0,7909.17
4378.0,7911.139
4379.0,7913.107
4380.0,7915.075
4381.0,7917.043
4382.0,7919.011
4383.0,7920.98
4384.0,7922.948
4385.0,7924.916
4386.0,7926.884
4387.0,7928.852
4388.0,7930.821
4389.0,7932.789
4390.0,7934.757
4391.0,7936.725
4392.0,7938.693
4393.0,7940.662
4394.0,7942.63
4395.0,7944.598
4396.0,7946.566
4397.0,7948.534
4398.0,7950.503
4399.0,7952.471
4400.0,7954.439
4401.0,7956.407
4402.0,7958.375
4403.0,7960.344
4404.0,7962.312
4405.0,7964.28
4406.0,7966.248
4407.0,7968.216
4408.0,7970.185
4409.0,7972.153
4410.0,7974.121
4411.0,7976.089
4412.0,7978.058
4413.0,7980.026
4414.0,7981.994
4415.0,7983.963
4416.0,7985.931
4417.0,7987.899
4418.0,7989.867
4419.0,7991.836
4420.0,7993.804
4421.0,7995.772
4422.0,7997.74
4423.0,7999.709
4424.0,8001.677
4425.0,8003.645
4426.0,8005.613
4427.0,8007.581
4428.0,8009.55
4429.0,8011.518
4430.0,8013.486
4431.0,8015.454
4432.0,8017.422
4433.0,8019.391
4434.0,8021.359
4435.0,8023.327
4436.0,8025.295
4437.0,8027.263
4438.0,8029.232
4439.0,8031.2
4440.0,8033.168
4441.0,8035.136
4442.0,8037.104
4443.0,8039.073
4444.0,8041.041
4445.0,8043.009
4446.0,8044.977
4447.0,8046.945
4448.0,8048.914
4449.0,8050.882
4450.0,8052.85
4451.0,8054.818
4452.0,8056.787
4453.0,8058.755
4454.0,8060.723
4455.0,8062.692
4456.0,8064.66
4457.0,8066.628
4458.0,8068.596
4459.0,8070.565
4460.0,8072.533
4461.0,8074.501
4462.0,8076.469
4463.0,8078.438
4464.0,8080.406
4465.0,8082.374
4466.0,8084.342
4467.0,8086.31
4468.0,8088.279
4469.0,8090.247
4470.0,8092.215
4471.0,8094.183
4472.0,8096.151
4473.0,8098.12
4474.0,8100.088
4475.0,8102.056
4476.0,8104.024
4477.0,8105.992
4478.0,8107.961
4479.0,8109.929
4480.0,8111.897
4481.0,8113.865
4482.0,8115.833
4483.0,8117.802
4484.0,8119.77
4485.0,8121.738
4486.0,8123.706
4487.0,8125.674
4488.0,8127.643
4489.0,8129.611
4490.0,8131.579
4491.0,8133.547
4492.0,8135.516
4493.0,8137.484
4494.0,8139.452
4495.0,8141.421
4496.0,8143.389
4497.0,8145.357
4498.0,8147.325
4499.0,8149.294
4500.0,8151.262
4501.0,8153.23
4502.0,8155.198
4503.0,8157.167
4504.0,8159.135
4505.0,8161.103
4506.0,8163.071
4507.0,8165.039
4508.0,8167.008
4509.0,8168.976
4510.0,8170.944
4511.0,8172.912
4512.0,8174.88
4513.0,8176.849
4514.0,8178.817
4515.0,8180.785
4516.0,8182.753
4517.0,8184.721
4518.0,8186.69
4519.0,8188.658
4520.0,8190.626
4521.0,8192.594
4522.0,8194.562
4523.0,8196.531
4524.0,8198.499
4525.0,8200.467
4526.0,8202.435
4527.0,8204.403
4528.0,8206.372
4529.0,8208.34
4530.0,8210.308
4531.0,8212.276
4532.0,8214.244
4533.0,8216.213
4534.0,8218.181
4535.0,8220.149
4536.0,8222.117
4537.0,8224.085
4538.0,8226.054
4539.0,8228.022
4540.0,8229.99
4541.0,8231.958
4542.0,8233.927
4543.0,8235.895
4544.0,8237.863
4545.0,8239.832
4546.0,8241.8
4547.0,8243.768
4548.0,8245.736
4549.0,8247.705
4550.0,8249.673
4551.0,8251.641
4552.0,8253.609
4553.0,8255.578
4554.0,8257.546
4555.0,8259.514
4556.0,8261.482
4557.0,8263.45
4558.0,8265.419
4559.0,8267.387
4560.0,8269.355
4561.0,8271.323
4562.0,8273.291
4563.0,8275.26
4564.0,8277.228
4565.0,8279.196
4566.0,8281.164
4567.0,8283.132
4568.0,8285.101
4569.0,8287.069
4570.0,8289.037
4571.0,8291.005
4572.0,8292.973
4573.0,8294.942
4574.0,8296.91
4575.0,8298.878
4576.0,8300.846
4577.0,8302.814
4578.0,8304.783
4579.0,8306.751
4580.0,8308.719
4581.0,8310.687
4582.0,8312.656
4583.0,8314.624
4584.0,8316.592
4585.0,8318.561
4586.0,8320.529
4587.0,8322.497
4588.0,8324.465
4589.0,8326.434
4590.0,8328.402
4591.0,8330.37
4592.0,8332.338
4593.0,8334.307
4594.0,8336.275
4595.0,8338.243
4596.0,8340.211
4597.0,8342.179
4598.0,8344.148
4599.0,8346.116
4600.0,8348.084
4601.0,8350.052
4602.0,8352.02
4603.0,8353.989
4604.0,8355.957
4605.0,8357.925
4606.0,8359.893
4607.0,8361.861
4608.0,8363.83
4609.0,8365.798
4610.0,8367.766
4611.0,8369.734
4612.0,8371.702
4613.0,8373.671
4614.0,8375.639
4615.0,8377.607
4616.0,8379.575
4617.0,8381.543
4618.0,8383.512
4619.0,8385.48
4620.0,8387.448
4621.0,8389.416
4622.0,8391.385
4623.0,8393.353
4624.0,8395.321
4625.0,8397.29
4626.0,8399.258
4627.0,8401.226
4628.0,8403.194
4629.0,8405.163
4630.0,8407.131
4631.0,8409.099
4632.0,8411.067
4633.0,8413.036
4634.0,8415.004
4635.0,8416.972
4636.0,8418.94
4637.0,8420.908
4638.0,8422.877
4639.0,8424.845
4640.0,8426.813
4641.0,8428.781
4642.0,8430.749
4643.0,8432.718
4644.0,8434.686
4645.0,8436.654
4646.0,8438.622
4647.0,8440.59
4648.0,8442.559
4649.0,8444.527
4650.0,8446.495
4651.0,8448.463
4652.0,8450.431
4653.0,8452.4
4654.0,8454.368
4655.0,8456.336
4656.0,8458.304
4657.0,8460.272
4658.0,8462.241
4659.0,8464.209
4660.0,8466.177
4661.0,8468.145
4662.0,8470.114
4663.0,8472.082
4664.0,8474.05
4665.0,8476.019
4666.0,8477.987
4667.0,8479.955
4668.0,8481.923
4669.0,8483.892
4670.0,8485.86
4671.0,8487.828
4672.0,8489.796
4673.0,8491.765
4674.0,8493.733
4675.0,8495.701
4676.0,8497.669
4677.0,8499.637
4678.0,8501.606
4679.0,8503.574
4680.0,8505.542
4681.0,8507.51
4682.0,8509.478
4683.0,8511.447
4684.0,8513.415
4685.0,8515.383
4686.0,8517.351
4687.0,8519.319
4688.0,8521.288
4689.0,8523.256
4690.0,8525.224
4691.0,8527.192
4692.0,8529.16
4693.0,8531.129
4694.0,8533.097
4695.0,8535.065
4696.0,8537.033
4697.0,8539.001
4698.0,8540.97
4699.0,8542.938
4700.0,8544.906
4701.0,8546.874
4702.0,8548.842
4703.0,8550.811
4704.0,8552.779
4705.0,8554.747
4706.0,8556.715
4707.0,8558.683
4708.0,8560.652
4709.0,8562.62
4710.0,8564.588
4711.0,8566.556
4712.0,8568.525
4713.0,8570.493
4714.0,8572.461
4715.0,8574.43
4716.0,8576.398
4717.0,8578.366
4718.0,8580.334
4719.0,8582.303
4720.0,8584.271
4721.0,8586.239
4722.0,8588.207
4723.0,8590.176
4724.0,8592.144
4725.0,8594.112
4726.0,8596.08
4727.0,8598.048
4728.0,8600.017
4729.0,8601.985
4730.0,8603.953
4731.0,8605.921
4732.0,8607.889
4733.0,8609.858
4734.0,8611.826
4735.0,8613.794
4736.0,8615.762
4737.0,8617.73
4738.0,8619.699
4739.0,8621.667
4740.0,8623.635
4741.0,8625.603
4742.0,8627.571
4743.0,8629.54
4744.0,8631.508
4745.0,8633.476
4746.0,8635.444
4747.0,8637.412
4748.0,8639.381
4749.0,8641.349
4750.0,8643.317
4751.0,8645.285
4752.0,8647.254
4753.0,8649.222
4754.0,8651.19
4755.0,8653.159
4756.0,8655.127
4757.0,8657.095
4758.0,8659.063
4759.0,8661.032
4760.0,8663.0
4761.0,8664.968
4762.0,8666.936
4763.0,8668.905
4764.0,8670.873
4765.0,8672.841
4766.0,8674.809
4767.0,8676.777
4768.0,8678.746
4769.0,8680.714
4770.0,8682.682
4771.0,8684.65
4772.0,8686.618
4773.0,8688.587
4774.0,8690.555
4775.0,8692.523
4776.0,8694.491
4777.0,8696.459
4778.0,8698.428
4779.0,8700.396
4780.0,8702.364
4781.0,8704.332
4782.0,8706.3
4783.0,8708.269
4784.0,8710.237
4785.0,8712.205
4786.0,8714.173
4787.0,8716.141
4788.0,8718.11
4789.0,8720.078
4790.0,8722.046
4791.0,8724.014
4792.0,8725.983
4793.0,8727.951
4794.0,8729.919
4795.0,8731.888
4796.0,8733.856
4797.0,8735.824
4798.0,8737.792
4799.0,8739.761
4800.0,8741.729
4801.0,8743.697
4802.0,8745.665
4803.0,8747.634
4804.0,8749.602
4805.0,8751.57
4806.0,8753.538
4807.0,8755.506
4808.0,8757.475
4809.0,8759.443
4810.0,8761.411
4811.0,8763.379
4812.0,8765.347
4813.0,8767.316
4814.0,8769.284
4815.0,8771.252
4816.0,8773.22
4817.0,8775.188
4818.0,8777.157
4819.0,8779.125
4820.0,8781.093
4821.0,8783.061
4822.0,8785.029
4823.0,8786.998
4824.0,8788.966
4825.0,8790.934
4826.0,8792.902
4827.0,8794.87
4828.0,8796.839
4829.0,8798.807
4830.0,8800.775
4831.0,8802.743
4832.0,8804.712
4833.0,8806.68
4834.0,8808.648
4835.0,8810.617
4836.0,8812.585
4837.0,8814.553
4838.0,8816.521
4839.0,8818.49
4840.0,8820.458
4841.0,8822.426
4842.0,8824.394
4843.0,8826.363
4844.0,8828.331
4845.0,8830.299
4846.0,8832.267
4847.0,8834.235
4848.0,8836.204
4849.0,8838.172
4850.0,8840.14
4851.0,8842.108
4852.0,8844.076
4853.0,8846.045
4854.0,8848.013
4855.0,8849.981
4856.0,8851.949
4857.0,8853.917
4858.0,8855.886
4859.0,8857.854
4860.0,8859.822
4861.0,8861.79
4862.0,8863.758
4863.0,8865.727
4864.0,8867.695
4865.0,8869.663
4866.0,8871.631
4867.0,8873.599
4868.0,8875.568
4869.0,8877.536
4870.0,8879.504
4871.0,8881.472
4872.0,8883.44
4873.0,8885.409
4874.0,8887.377
4875.0,8889.345
4876.0,8891.313
4877.0,8893.281
4878.0,8895.25
4879.0,8897.218
4880.0,8899.186
4881.0,8901.154
4882.0,8903.123
4883.0,8905.091
4884.0,8907.059
4885.0,8909.028
4886.0,8910.996
4887.0,8912.964
4888.0,8914.932
4889.0,8916.901
4890.0,8918.869
4891.0,8920.837
4892.0,8922.805
4893.0,8924.774
4894.0,8926.742
4895.0,8928.71
4896.0,8930.678
4897.0,8932.646
4898.0,8934.615
4899.0,8936.583
4900.0,8938.551
4901.0,8940.519
4902.0,8942.487
4903.0,8944.456
4904.0,8946.424
4905.0,8948.392
4906.0,8950.36
4907.0,8952.328
4908.0,8954.297
4909.0,8956.265
4910.0,8958.233
4911.0,8960.201
4912.0,8962.169
4913.0,8964.138
4914.0,8966.106
4915.0,8968.074
4916.0,8970.042
4917.0,8972.01
4918.0,8973.979
4919.0,8975.947
4920.0,8977.915
4921.0,8979.883
4922.0,8981.852
4923.0,8983.82
4924.0,8985.788
4925.0,8987.757
4926.0,8989.725
4927.0,8991.693
4928.0,8993.661
4929.0,8995.63
4930.0,8997.598
4931.0,8999.566
4932.0,9001.534
4933.0,9003.503
4934.0,9005.471
4935.0,9007.439
4936.0,9009.407
4937.0,9011.375
4938.0,9013.344
4939.0,9015.312
4940.0,9017.28
4941.0,9019.248
4942.0,9021.216
4943.0,9023.185
4944.0,9025.153
4945.0,9027.121
4946.0,9029.089
4947.0,9031.057
4948.0,9033.026
4949.0,9034.994
4950.0,9036.962
4951.0,9038.93
4952.0,9040.898
4953.0,9042.867
4954.0,9044.835
4955.0,9046.803
4956.0,9048.771
4957.0,9050.739
4958.0,9052.708
4959.0,9054.676
4960.0,9056.644
4961.0,9058.612
4962.0,9060.581
4963.0,9062.549
4964.0,9064.517
4965.0,9066.486
4966.0,9068.454
4967.0,9070.422
4968.0,9072.39
4969.0,9074.359
4970.0,9076.327
4971.0,9078.295
4972.0,9080.263
4973.0,9082.232
4974.0,9084.2
4975.0,9086.168
4976.0,9088.136
4977.0,9090.104
4978.0,9092.073
4979.0,9094.041
4980.0,9096.009
4981.0,9097.977
4982.0,9099.945
4983.0,9101.914
4984.0,9103.882
4985.0,9105.85
4986.0,9107.818
4987.0,9109.786
4988.0,9111.755
4989.0,9113.723
4990.0,9115.691
4991.0,9117.659
4992.0,9119.627
4993.0,9121.596
4994.0,9123.564
4995.0,9125.532
4996.0,9127.5
4997.0,9129.468
4998.0,9131.437
4999.0,9133.405
5000.0,9135.373
5001.0,9137.341
5002.0,9139.309
5003.0,9141.278
5004.0,9143.246
5005.0,9145.214
5006.0,9147.182
5007.0,9149.15
5008.0,9151.119
5009.0,9153.087
5010.0,9155.055
5011.0,9157.023
5012.0,9158.992
5013.0,9160.96
5014.0,9162.928
5015.0,9164.897
5016.0,9166.865
5017.0,9168.833
5018.0,9170.801
5019.0,9172.77
5020.0,9174.738
5021.0,9176.706
5022.0,9178.674
5023.0,9180.643
5024.0,9182.611
5025.0,9184.579
5026.0,9186.547
5027.0,9188.515
5028.0,9190.484
5029.0,9192.452
5030.0,9194.42
5031.0,9196.388
5032.0,9198.356
5033.0,9200.325
5034.0,9202.293
5035.0,9204.261
5036.0,9206.229
5037.0,9208.197
5038.0,9210.166
5039.0,9212.134
5040.0,9214.102
5041.0,9216.07
5042.0,9218.038
5043.0,9220.007
5044.0,9221.975
5045.0,9223.943
5046.0,9225.911
5047.0,9227.879
5048.0,9229.848
5049.0,9231.816
5050.0,9233.784
5051.0,9235.752
5052.0,9237.721
5053.0,9239.689
5054.0,9241.657
5055.0,9243.626
5056.0,9245.594
5057.0,9247.562
5058.0,9249.53
5059.0,9251.499
5060.0,9253.467
5061.0,9255.435
5062.0,9257.403
5063.0,9259.372
5064.0,9261.34
5065.0,9263.308
5066.0,9265.276
5067.0,9267.244
5068.0,9269.213
5069.0,9271.181
5070.0,9273.149
5071.0,9275.117
5072.0,9277.085
5073.0,9279.054
5074.0,9281.022
5075.0,9282.99
5076.0,9284.958
5077.0,9286.926
5078.0,9288.895
5079.0,9290.863
5080.0,9292.831
5081.0,9294.799
5082.0,9296.767
5083.0,9298.736
5084.0,9300.704
5085.0,9302.672
5086.0,9304.64
5087.0,9306.608
5088.0,9308.577
5089.0,9310.545
5090.0,9312.513
5091.0,9314.481
5092.0,9316.45
5093.0,9318.418
5094.0,9320.386
5095.0,9322.355
5096.0,9324.323
5097.0,9326.291
5098.0,9328.259
5099.0,9330.228
5100.0,9332.196
5101.0,9334.164
5102.0,9336.132
5103.0,9338.101
5104.0,9340.069
5105.0,9342.037
5106.0,9344.005
5107.0,9345.973
5108.0,9347.942
5109.0,9349.91
5110.0,9351.878
5111.0,9353.846
5112.0,9355.814
5113.0,9357.783
5114.0,9359.751
5115.0,9361.719
5116.0,9363.687
5117.0,9365.655
5118.0,9367.624
5119.0,9369.592
5120.0,9371.56
5121.0,9373.528
5122.0,9375.496
5123.0,9377.465
5124.0,9379.433
5125.0,9381.401
5126.0,9383.369
5127.0,9385.337
5128.0,9387.306
5129.0,9389.274
5130.0,9391.242
5131.0,9393.21
5132.0,9395.179
5133.0,9397.147
5134.0,9399.115
5135.0,9401.084
5136.0,9403.052
5137.0,9405.02
5138.0,9406.988
5139.0,9408.957
5140.0,9410.925
5141.0,9412.893
5142.0,9414.861
5143.0,9416.83
5144.0,9418.798
5145.0,9420.766
5146.0,9422.734
5147.0,9424.702
5148.0,9426.671
5149.0,9428.639
5150.0,9430.607
5151.0,9432.575
5152.0,9434.543
5153.0,9436.512
5154.0,9438.48
5155.0,9440.448
5156.0,9442.416
5157.0,9444.384
5158.0,9446.353
5159.0,9448.321
5160.0,9450.289
5161.0,9452.257
5162.0,9454.225
5163.0,9456.194
5164.0,9458.162
5165.0,9460.13
5166.0,9462.098
5167.0,9464.066
5168.0,9466.035
5169.0,9468.003
5170.0,9469.971
5171.0,9471.939
5172.0,9473.907
5173.0,9475.876
5174.0,9477.844
5175.0,9479.812
5176.0,9481.78
5177.0,9483.748
5178.0,9485.717
5179.0,9487.685
5180.0,9489.653
5181.0,9491.621
5182.0,9493.59
5183.0,9495.558
5184.0,9497.526
5185.0,9499.495
5186.0,9501.463
5187.0,9503.431
5188.0,9505.399
5189.0,9507.368
5190.0,9509.336
5191.0,9511.304
5192.0,9513.272
5193.0,9515.241
5194.0,9517.209
5195.0,9519.177
5196.0,9521.145
5197.0,9523.113
5198.0,9525.082
5199.0,9527.05
5200.0,9529.018
5201.0,9530.986
5202.0,9532.954
5203.0,9534.923
5204.0,9536.891
5205.0,9538.859
5206.0,9540.827
5207.0,9542.795
5208.0,9544.764
5209.0,9546.732
5210.0,9548.7
5211.0,9550.668
5212.0,9552.636
5213.0,9554.605
5214.0,9556.573
5215.0,9558.541
5216.0,9560.509
5217.0,9562.477
5218.0,9564.446
5219.0,9566.414
5220.0,9568.382
5221.0,9570.35
5222.0,9572.319
5223.0,9574.287
5224.0,9576.255
5225.0,9578.224
5226.0,9580.192
5227.0,9582.16
5228.0,9584.128
5229.0,9586.097
5230.0,9588.065
5231.0,9590.033
5232.0,9592.001
5233.0,9593.97
5234.0,9595.938
5235.0,9597.906
5236.0,9599.874
5237.0,9601.842
5238.0,9603.811
5239.0,9605.779
5240.0,9607.747
5241.0,9609.715
5242.0,9611.683
5243.0,9613.652
5244.0,9615.62
5245.0,9617.588
5246.0,9619.556
5247.0,9621.524
5248.0,9623.493
5249.0,9625.461
5250.0,9627.429
5251.0,9629.397
5252.0,9631.365
5253.0,9633.334
5254.0,9635.302
5255.0,9637.27
5256.0,9639.238
5257.0,9641.206
5258.0,9643.175
5259.0,9645.143
5260.0,9647.111
5261.0,9649.079
5262.0,9651.048
5263.0,9653.016
5264.0,9654.984
5265.0,9656.953
5266.0,9658.921
5267.0,9660.889
5268.0,9662.857
5269.0,9664.826
5270.0,9666.794
5271.0,9668.762
5272.0,9670.73
5273.0,9672.699
5274.0,9674.667
5275.0,9676.635
5276.0,9678.603
5277.0,9680.571
5278.0,9682.54
5279.0,9684.508
5280.0,9686.476
5281.0,9688.444
5282.0,9690.412
5283.0,9692.381
5284.0,9694.349
5285.0,9696.317
5286.0,9698.285
5287.0,9700.253
5288.0,9702.222
5289.0,9704.19
5290.0,9706.158
5291.0,9708.126
5292.0,9710.094
5293.0,9712.063
5294.0,9714.031
5295.0,9715.999
5296.0,9717.967
5297.0,9719.935
5298.0,9721.904
5299.0,9723.872
5300.0,9725.84
5301.0,9727.808
5302.0,9729.776
5303.0,9731.745
5304.0,9733.713
5305.0,9735.681
5306.0,9737.649
5307.0,9739.617
5308.0,9741.586
5309.0,9743.554
5310.0,9745.522
5311.0,9747.49
5312.0,9749.459
5313.0,9751.427
5314.0,9753.395
5315.0,9755.364
5316.0,9757.332
5317.0,9759.3
5318.0,9761.268
5319.0,9763.237
5320.0,9765.205
5321.0,9767.173
5322.0,9769.141
5323.0,9771.11
5324.0,9773.078
5325.0,9775.046
5326.0,9777.014
5327.0,9778.982
5328.0,9780.951
5329.0,9782.919
5330.0,9784.887
5331.0,9786.855
5332.0,9788.823
5333.0,9790.792
5334.0,9792.76
5335.0,9794.728
5336.0,9796.696
5337.0,9798.664
5338.0,9800.633
5339.0,9802.601
5340.0,9804.569
5341.0,9806.537
5342.0,9808.505
5343.0,9810.474
5344.0,9812.442
5345.0,9814.41
5346.0,9816.378
5347.0,9818.346
5348.0,9820.315
5349.0,9822.283
5350.0,9824.251
5351.0,9826.219
5352.0,9828.188
5353.0,9830.156
5354.0,9832.124
5355.0,9834.093
5356.0,9836.061
5357.0,9838.029
5358.0,9839.997
5359.0,9841.966
5360.0,9843.934
5361.0,9845.902
5362.0,9847.87
5363.0,9849.839
5364.0,9851.807
5365.0,9853.775
5366.0,9855.743
5367.0,9857.711
5368.0,9859.68
5369.0,9861.648
5370.0,9863.616
5371.0,9865.584
5372.0,9867.552
5373.0,9869.521
5374.0,9871.489
5375.0,9873.457
5376.0,9875.425
5377.0,9877.393
5378.0,9879.362
5379.0,9881.33
5380.0,9883.298
5381.0,9885.266
5382.0,9887.234
5383.0,9889.203
5384.0,9891.171
5385.0,9893.139
5386.0,9895.107
5387.0,9897.075
5388.0,9899.044
5389.0,9901.012
5390.0,9902.98
5391.0,9904.948
5392.0,9906.917
5393.0,9908.885
5394.0,9910.853
5395.0,9912.822
5396.0,9914.79
5397.0,9916.758
5398.0,9918.726
5399.0,9920.695
5400.0,9922.663
5401.0,9924.631
5402.0,9926.599
5403.0,9928.568
5404.0,9930.536
5405.0,9932.504
5406.0,9934.472
5407.0,9936.44
5408.0,9938.409
5409.0,9940.377
5410.0,9942.345
5411.0,9944.313
5412.0,9946.281
5413.0,9948.25
5414.0,9950.218
5415.0,9952.186
5416.0,9954.154
5417.0,9956.122
5418.0,9958.091
5419.0,9960.059
5420.0,9962.027
5421.0,9963.995
5422.0,9965.963
5423.0,9967.932
5424.0,9969.9
5425.0,9971.868
5426.0,9973.836
5427.0,9975.804
5428.0,9977.773
5429.0,9979.741
5430.0,9981.709
5431.0,9983.677
5432.0,9985.646
5433.0,9987.614
5434.0,9989.582
5435.0,9991.551
5436.0,9993.519
5437.0,9995.487
5438.0,9997.455
5439.0,9999.424
5440.0,10001.392
5441.0,10003.36
5442.0,10005.328
5443.0,10007.297
5444.0,10009.265
5445.0,10011.233
5446.0,10013.201
5447.0,10015.169
5448.0,10017.138
5449.0,10019.106
5450.0,10021.074
5451.0,10023.042
5452.0,10025.01
5453.0,10026.979
5454.0,10028.947
5455.0,10030.915
5456.0,10032.883
5457.0,10034.851
5458.0,10036.82
5459.0,10038.788
5460.0,10040.756
5461.0,10042.724
5462.0,10044.692
5463.0,10046.661
5464.0,10048.629
5465.0,10050.597
5466.0,10052.565
5467.0,10054.533
5468.0,10056.502
5469.0,10058.47
5470.0,10060.438
5471.0,10062.406
5472.0,10064.374
5473.0,10066.343
5474.0,10068.311
5475.0,10070.279
5476.0,10072.247
5477.0,10074.215
5478.0,10076.184
5479.0,10078.152
5480.0,10080.12
5481.0,10082.088
5482.0,10084.057
5483.0,10086.025
5484.0,10087.993
5485.0,10089.962
5486.0,10091.93
5487.0,10093.898
5488.0,10095.866
5489.0,10097.835
5490.0,10099.803
5491.0,10101.771
5492.0,10103.739
5493.0,10105.708
5494.0,10107.676
5495.0,10109.644
5496.0,10111.612
5497.0,10113.58
5498.0,10115.549
5499.0,10117.517
5500.0,10119.485
5501.0,10121.453
5502.0,10123.421
5503.0,10125.39
5504.0,10127.358
5505.0,10129.326
5506.0,10131.294
5507.0,10133.262
5508.0,10135.231
5509.0,10137.199
5510.0,10139.167
5511.0,10141.135
5512.0,10143.103
5513.0,10145.072
5514.0,10147.04
5515.0,10149.008
5516.0,10150.976
5517.0,10152.944
5518.0,10154.913
5519.0,10156.881
5520.0,10158.849
5521.0,10160.817
5522.0,10162.786
5523.0,10164.754
5524.0,10166.722
5525.0,10168.691
5526.0,10170.659
5527.0,10172.627
5528.0,10174.595
5529.0,10176.564
5530.0,10178.532
5531.0,10180.5
5532.0,10182.468
5533.0,10184.437
5534.0,10186.405
5535.0,10188.373
5536.0,10190.341
5537.0,10192.309
5538.0,10194.278
5539.0,10196.246
5540.0,10198.214
5541.0,10200.182
5542.0,10202.15
5543.0,10204.119
5544.0,10206.087
5545.0,10208.055
5546.0,10210.023
5547.0,10211.991
5548.0,10213.96
5549.0,10215.928
5550.0,10217.896
5551.0,10219.864
5552.0,10221.832
5553.0,10223.801
5554.0,10225.769
5555.0,10227.737
5556.0,10229.705
5557.0,10231.673
5558.0,10233.642
5559.0,10235.61
5560.0,10237.578
5561.0,10239.546
5562.0,10241.515
5563.0,10243.483
5564.0,10245.451
5565.0,10247.42
5566.0,10249.388
5567.0,10251.356
5568.0,10253.324
5569.0,10255.293
5570.0,10257.261
5571.0,10259.229
5572.0,10261.197
5573.0,10263.166
5574.0,10265.134
5575.0,10267.102
5576.0,10269.07
5577.0,10271.038
5578.0,10273.007
5579.0,10274.975
5580.0,10276.943
5581.0,10278.911
5582.0,10280.879
5583.0,10282.848
5584.0,10284.816
5585.0,10286.784
5586.0,10288.752
5587.0,10290.72
5588.0,10292.689
5589.0,10294.657
5590.0,10296.625
5591.0,10298.593
5592.0,10300.561
5593.0,10302.53
5594.0,10304.498
5595.0,10306.466
5596.0,10308.434
5597.0,10310.402
5598.0,10312.371
5599.0,10314.339
5600.0,10316.307
5601.0,10318.275
5602.0,10320.244
5603.0,10322.212
5604.0,10324.18
5605.0,10326.149
5606.0,10328.117
5607.0,10330.085
5608.0,10332.053
5609.0,10334.022
5610.0,10335.99
5611.0,10337.958
5612.0,10339.926
5613.0,10341.895
5614.0,10343.863
5615.0,10345.831
5616.0,10347.799
5617.0,10349.767
5618.0,10351.736
5619.0,10353.704
5620.0,10355.672
5621.0,10357.64
5622.0,10359.608
5623.0,10361.577
5624.0,10363.545
5625.0,10365.513
5626.0,10367.481
5627.0,10369.449
5628.0,10371.418
5629.0,10373.386
5630.0,10375.354
5631.0,10377.322
5632.0,10379.29
5633.0,10381.259
5634.0,10383.227
5635.0,10385.195
5636.0,10387.163
5637.0,10389.131
5638.0,10391.1
5639.0,10393.068
5640.0,10395.036
5641.0,10397.004
5642.0,10398.972
5643.0,10400.941
5644.0,10402.909
5645.0,10404.877
5646.0,10406.845
5647.0,10408.813
5648.0,10410.782
5649.0,10412.75
5650.0,10414.718
5651.0,10416.686
5652.0,10418.655
5653.0,10420.623
5654.0,10422.591
5655.0,10424.56
5656.0,10426.528
5657.0,10428.496
5658.0,10430.464
5659.0,10432.433
5660.0,10434.401
5661.0,10436.369
5662.0,10438.337
5663.0,10440.306
5664.0,10442.274
5665.0,10444.242
5666.0,10446.21
5667.0,10448.178
5668.0,10450.147
5669.0,10452.115
5670.0,10454.083
5671.0,10456.051
5672.0,10458.019
5673.0,10459.988
5674.0,10461.956
5675.0,10463.924
5676.0,10465.892
5677.0,10467.86
5678.0,10469.829
5679.0,10471.797
5680.0,10473.765
5681.0,10475.733
5682.0,10477.701
5683.0,10479.67
5684.0,10481.638
5685.0,10483.606
5686.0,10485.574
5687.0,10487.542
5688.0,10489.511
5689.0,10491.479
5690.0,10493.447
5691.0,10495.415
5692.0,10497.384
5693.0,10499.352
5694.0,10501.32
5695.0,10503.289
5696.0,10505.257
5697.0,10507.225
5698.0,10509.193
5699.0,10511.162
5700.0,10513.13
5701.0,10515.098
5702.0,10517.066
5703.0,10519.035
5704.0,10521.003
5705.0,10522.971
5706.0,10524.939
5707.0,10526.907
5708.0,10528.876
5709.0,10530.844
5710.0,10532.812
5711.0,10534.78
5712.0,10536.748
5713.0,10538.717
5714.0,10540.685
5715.0,10542.653
5716.0,10544.621
5717.0,10546.589
5718.0,10548.558
5719.0,10550.526
5720.0,10552.494
5721.0,10554.462
5722.0,10556.43
5723.0,10558.399
5724.0,10560.367
5725.0,10562.335
5726.0,10564.303
5727.0,10566.271
5728.0,10568.24
5729.0,10570.208
5730.0,10572.176
5731.0,10574.144
5732.0,10576.113
5733.0,10578.081
5734.0,10580.049
5735.0,10582.018
5736.0,10583.986
5737.0,10585.954
5738.0,10587.922
5739.0,10589.891
5740.0,10591.859
5741.0,10593.827
5742.0,10595.795
5743.0,10597.764
5744.0,10599.732
5745.0,10601.7
5746.0,10603.668
5747.0,10605.636
5748.0,10607.605
5749.0,10609.573
5750.0,10611.541
5751.0,10613.509
5752.0,10615.477
5753.0,10617.446
5754.0,10619.414
5755.0,10621.382
5756.0,10623.35
5757.0,10625.318
5758.0,10627.287
5759.0,10629.255
5760.0,10631.223
5761.0,10633.191
5762.0,10635.159
5763.0,10637.128
5764.0,10639.096
5765.0,10641.064
5766.0,10643.032
5767.0,10645.0
5768.0,10646.969
5769.0,10648.937
5770.0,10650.905
5771.0,10652.873
5772.0,10654.841
5773.0,10656.81
5774.0,10658.778
5775.0,10660.746
5776.0,10662.714
5777.0,10664.682
5778.0,10666.651
5779.0,10668.619
5780.0,10670.587
5781.0,10672.555
5782.0,10674.524
5783.0,10676.492
5784.0,10678.46
5785.0,10680.429
5786.0,10682.397
5787.0,10684.365
5788.0,10686.333
5789.0,10688.302
5790.0,10690.27
5791.0,10692.238
5792.0,10694.206
5793.0,10696.175
5794.0,10698.143
5795.0,10700.111
5796.0,10702.079
5797.0,10704.047
5798.0,10706.016
5799.0,10707.984
5800.0,10709.952
5801.0,10711.92
5802.0,10713.888
5803.0,10715.857
5804.0,10717.825
5805.0,10719.793
5806.0,10721.761
5807.0,10723.729
5808.0,10725.698
5809.0,10727.666
5810.0,10729.634
5811.0,10731.602
5812.0,10733.57
5813.0,10735.539
5814.0,10737.507
5815.0,10739.475
5816.0,10741.443
5817.0,10743.411
5818.0,10745.38
5819.0,10747.348
5820.0,10749.316
5821.0,10751.284
5822.0,10753.253
5823.0,10755.221
5824.0,10757.189
5825.0,10759.158
5826.0,10761.126
5827.0,10763.094
5828.0,10765.062
5829.0,10767.031
5830.0,10768.999
5831.0,10770.967
5832.0,10772.935
5833.0,10774.904
5834.0,10776.872
5835.0,10778.84
5836.0,10780.808
5837.0,10782.776
5838.0,10784.745
5839.0,10786.713
5840.0,10788.681
5841.0,10790.649
5842.0,10792.617
5843.0,10794.586
5844.0,10796.554
5845.0,10798.522
5846.0,10800.49
5847.0,10802.458
5848.0,10804.427
5849.0,10806.395
5850.0,10808.363
5851.0,10810.331
5852.0,10812.299
5853.0,10814.268
5854.0,10816.236
5855.0,10818.204
5856.0,10820.172
5857.0,10822.14
5858.0,10824.109
5859.0,10826.077
5860.0,10828.045
5861.0,10830.013
5862.0,10831.982
5863.0,10833.95
5864.0,10835.918
5865.0,10837.887
5866.0,10839.855
5867.0,10841.823
5868.0,10843.791
5869.0,10845.76
5870.0,10847.728
5871.0,10849.696
5872.0,10851.664
5873.0,10853.633
5874.0,10855.601
5875.0,10857.569
5876.0,10859.537
5877.0,10861.505
5878.0,10863.474
5879.0,10865.442
5880.0,10867.41
5881.0,10869.378
5882.0,10871.346
5883.0,10873.315
5884.0,10875.283
5885.0,10877.251
5886.0,10879.219
5887.0,10881.187
5888.0,10883.156
5889.0,10885.124
5890.0,10887.092
5891.0,10889.06
5892.0,10891.028
5893.0,10892.997
5894.0,10894.965
5895.0,10896.933
5896.0,10898.901
5897.0,10900.869
5898.0,10902.838
5899.0,10904.806
5900.0,10906.774
5901.0,10908.742
5902.0,10910.711
5903.0,10912.679
5904.0,10914.647
5905.0,10916.616
5906.0,10918.584
5907.0,10920.552
5908.0,10922.52
5909.0,10924.489
5910.0,10926.457
5911.0,10928.425
5912.0,10930.393
5913.0,10932.362
5914.0,10934.33
5915.0,10936.298
5916.0,10938.266
5917.0,10940.234
5918.0,10942.203
5919.0,10944.171
5920.0,10946.139
5921.0,10948.107
5922.0,10950.075
5923.0,10952.044
5924.0,10954.012
5925.0,10955.98
5926.0,10957.948
5927.0,10959.916
5928.0,10961.885
5929.0,10963.853
5930.0,10965.821
5931.0,10967.789
5932.0,10969.757
5933.0,10971.726
5934.0,10973.694
5935.0,10975.662
5936.0,10977.63
5937.0,10979.598
5938.0,10981.567
5939.0,10983.535
5940.0,10985.503
5941.0,10987.471
5942.0,10989.439
5943.0,10991.408
5944.0,10993.376
5945.0,10995.344
5946.0,10997.312
5947.0,10999.28
5948.0,11001.249
5949.0,11003.217
5950.0,11005.185
5951.0,11007.153
5952.0,11009.122
5953.0,11011.09
5954.0,11013.058
5955.0,11015.027
5956.0,11016.995
5957.0,11018.963
5958.0,11020.931
5959.0,11022.9
5960.0,11024.868
5961.0,11026.836
5962.0,11028.804
5963.0,11030.773
5964.0,11032.741
5965.0,11034.709
5966.0,11036.677
5967.0,11038.645
5968.0,11040.614
5969.0,11042.582
5970.0,11044.55
5971.0,11046.518
5972.0,11048.486
5973.0,11050.455
5974.0,11052.423
5975.0,11054.391
5976.0,11056.359
5977.0,11058.327
5978.0,11060.296
5979.0,11062.264
5980.0,11064.232
5981.0,11066.2
5982.0,11068.168
5983.0,11070.137
5984.0,11072.105
5985.0,11074.073
5986.0,11076.041
5987.0,11078.009
5988.0,11079.978
5989.0,11081.946
5990.0,11083.914
5991.0,11085.882
5992.0,11087.851
5993.0,11089.819
5994.0,11091.787
5995.0,11093.756
5996.0,11095.724
5997.0,11097.692
5998.0,11099.66
5999.0,11101.629
6000.0,11103.597
6010.0,11123.279
6020.0,11142.961
6030.0,11162.643
6040.0,11182.326
6050.0,11202.008
6060.0,11221.69
6070.0,11241.372
6080.0,11261.055
6090.0,11280.737
6100.0,11300.419
6110.0,11320.101
6120.0,11339.783
6130.0,11359.466
6140.0,11379.148
6150.0,11398.83
6160.0,11418.512
6170.0,11438.195
6180.0,11457.877
6190.0,11477.559
6200.0,11497.241
6210.0,11516.924
6220.0,11536.606
6230.0,11556.288
6240.0,11575.97
6250.0,11595.652
6260.0,11615.335
6270.0,11635.017
6280.0,11654.699
6290.0,11674.381
6300.0,11694.064
6310.0,11713.746
6320.0,11733.428
6330.0,11753.11
6340.0,11772.793
6350.0,11792.475
6360.0,11812.157
6370.0,11831.839
6380.0,11851.522
6390.0,11871.204
6400.0,11890.886
6410.0,11910.568
6420.0,11930.25
6430.0,11949.933
6440.0,11969.615
6450.0,11989.297
6460.0,12008.979
6470.0,12028.662
6480.0,12048.344
6490.0,12068.026
6500.0,12087.708
6510.0,12107.391
6520.0,12127.073
6530.0,12146.755
6540.0,12166.437
6550.0,12186.119
6560.0,12205.802
6570.0,12225.484
6580.0,12245.166
6590.0,12264.848
6600.0,12284.531
6610.0,12304.213
6620.0,12323.895
6630.0,12343.577
6640.0,12363.26
6650.0,12382.942
6660.0,12402.624
6670.0,12422.306
6680.0,12441.989
6690.0,12461.671
6700.0,12481.353
6710.0,12501.035
6720.0,12520.717
6730.0,12540.4
6740.0,12560.082
6750.0,12579.764
6760.0,12599.446
6770.0,12619.129
6780.0,12638.811
6790.0,12658.493
6800.0,12678.175
6810.0,12697.858
6820.0,12717.54
6830.0,12737.222
6840.0,12756.904
6850.0,12776.587
6860.0,12796.269
6870.0,12815.951
6880.0,12835.633
6890.0,12855.315
6900.0,12874.998
6910.0,12894.68
6920.0,12914.362
6930.0,12934.044
6940.0,12953.727
6950.0,12973.409
6960.0,12993.091
6970.0,13012.773
6980.0,13032.456
6990.0,13052.138
7000.0,13071.82
7010.0,13091.502
7020.0,13111.184
7030.0,13130.867
7040.0,13150.549
7050.0,13170.231
7060.0,13189.913
7070.0,13209.596
7080.0,13229.278
7090.0,13248.96
7100.0,13268.642
7110.0,13288.325
7120.0,13308.007
7130.0,13327.689
7140.0,13347.371
7150.0,13367.054
7160.0,13386.736
7170.0,13406.418
7180.0,13426.1
7190.0,13445.782
7200.0,13465.465
7210.0,13485.147
7220.0,13504.829
7230.0,13524.511
7240.0,13544.194
7250.0,13563.876
7260.0,13583.558
7270.0,13603.24
7280.0,13622.923
7290.0,13642.605
7300.0,13662.287
7310.0,13681.969
7320.0,13701.651
7330.0,13721.334
7340.0,13741.016
7350.0,13760.698
7360.0,13780.38
7370.0,13800.063
7380.0,13819.745
7390.0,13839.427
7400.0,13859.109
7410.0,13878.792
7420.0,13898.474
7430.0,13918.156
7440.0,13937.838
7450.0,13957.521
7460.0,13977.203
7470.0,13996.885
7480.0,14016.567
7490.0,14036.249
7500.0,14055.932
7510.0,14075.614
7520.0,14095.296
7530.0,14114.978
7540.0,14134.661
7550.0,14154.343
7560.0,14174.025
7570.0,14193.707
7580.0,14213.39
7590.0,14233.072
7600.0,14252.754
7610.0,14272.436
7620.0,14292.119
7630.0,14311.801
7640.0,14331.483
7650.0,14351.165
7660.0,14370.847
7670.0,14390.53
7680.0,14410.212
7690.0,14429.894
7700.0,14449.576
7710.0,14469.259
7720.0,14488.941
7730.0,14508.623
7740.0,14528.305
7750.0,14547.988
7760.0,14567.67
7770.0,14587.352
7780.0,14607.034
7790.0,14626.716
7800.0,14646.399
7810.0,14666.081
7820.0,14685.763
7830.0,14705.445
7840.0,14725.128
7850.0,14744.81
7860.0,14764.492
7870.0,14784.174
7880.0,14803.857
7890.0,14823.539
7900.0,14843.221
7910.0,14862.903
7920.0,14882.586
7930.0,14902.268
7940.0,14921.95
7950.0,14941.632
7960.0,14961.314
7970.0,14980.997
7980.0,15000.679
7990.0,15020.361
8000.0,15040.043
8010.0,15059.726
8020.0,15079.408
8030.0,15099.09
8040.0,15118.772
8050.0,15138.455
8060.0,15158.137
8070.0,15177.819
8080.0,15197.501
8090.0,15217.183
8100.0,15236.866
8110.0,15256.548
8120.0,15276.23
8130.0,15295.912
8140.0,15315.595
8150.0,15335.277
8160.0,15354.959
8170.0,15374.641
8180.0,15394.324
8190.0,15414.006
8200.0,15433.688
8210.0,15453.37
8220.0,15473.053
8230.0,15492.735
8240.0,15512.417
8250.0,15532.099
8260.0,15551.781
8270.0,15571.464
8280.0,15591.146
8290.0,15610.828
8300.0,15630.51
8310.0,15650.193
8320.0,15669.875
8330.0,15689.557
8340.0,15709.239
8350.0,15728.922
8360.0,15748.604
8370.0,15768.286
8380.0,15787.968
8390.0,15807.651
8400.0,15827.333
8410.0,15847.015
8420.0,15866.697
8430.0,15886.379
8440.0,15906.062
8450.0,15925.744
8460.0,15945.426
8470.0,15965.108
8480.0,15984.791
8490.0,16004.473
8500.0,16024.155
8510.0,16043.837
8520.0,16063.52
8530.0,16083.202
8540.0,16102.884
8550.0,16122.566
8560.0,16142.248
8570.0,16161.931
8580.0,16181.613
8590.0,16201.295
8600.0,16220.977
8610.0,16240.66
8620.0,16260.342
8630.0,16280.024
8640.0,16299.706
8650.0,16319.389
8660.0,16339.071
8670.0,16358.753
8680.0,16378.435
8690.0,16398.118
8700.0,16417.8
8710.0,16437.482
8720.0,16457.164
8730.0,16476.846
8740.0,16496.529
8750.0,16516.211
8760.0,16535.893
8770.0,16555.575
8780.0,16575.258
8790.0,16594.94
8800.0,16614.622
8810.0,16634.304
8820.0,16653.987
8830.0,16673.669
8840.0,16693.351
8850.0,16713.033
8860.0,16732.715
8870.0,16752.398
8880.0,16772.08
8890.0,16791.762
8900.0,16811.444
8910.0,16831.127
8920.0,16850.809
8930.0,16870.491
8940.0,16890.173
8950.0,16909.856
8960.0,16929.538
8970.0,16949.22
8980.0,16968.902
8990.0,16988.585
9000.0,17008.267
9010.0,17027.949
9020.0,17047.631
9030.0,17067.313
9040.0,17086.996
9050.0,17106.678
9060.0,17126.36
9070.0,17146.042
9080.0,17165.725
9090.0,17185.407
9100.0,17205.089
9110.0,17224.771
9120.0,17244.454
9130.0,17264.136
9140.0,17283.818
9150.0,17303.5
9160.0,17323.183
9170.0,17342.865
9180.0,17362.547
9190.0,17382.229
9200.0,17401.911
9210.0,17421.594
9220.0,17441.276
9230.0,17460.958
9240.0,17480.64
9250.0,17500.323
9260.0,17520.005
9270.0,17539.687
9280.0,17559.369
9290.0,17579.052
9300.0,17598.734
9310.0,17618.416
9320.0,17638.098
9330.0,17657.78
9340.0,17677.463
9350.0,17697.145
9360.0,17716.827
9370.0,17736.509
9380.0,17756.192
9390.0,17775.874
9400.0,17795.556
9410.0,17815.238
9420.0,17834.921
9430.0,17854.603
9440.0,17874.285
9450.0,17893.967
9460.0,17913.65
9470.0,17933.332
9480.0,17953.014
9490.0,17972.696
9500.0,17992.378
9510.0,18012.061
9520.0,18031.743
9530.0,18051.425
9540.0,18071.107
9550.0,18090.79
9560.0,18110.472
9570.0,18130.154
9580.0,18149.836
9590.0,18169.519
9600.0,18189.201
9610.0,18208.883
9620.0,18228.565
9630.0,18248.247
9640.0,18267.93
9650.0,18287.612
9660.0,18307.294
9670.0,18326.976
9680.0,18346.659
9690.0,18366.341
9700.0,18386.023
9710.0,18405.705
9720.0,18425.388
9730.0,18445.07
9740.0,18464.752
9750.0,18484.434
9760.0,18504.117
9770.0,18523.799
9780.0,18543.481
9790.0,18563.163
9800.0,18582.845
9810.0,18602.528
9820.0,18622.21
9830.0,18641.892
9840.0,18661.574
9850.0,18681.257
9860.0,18700.939
9870.0,18720.621
9880.0,18740.303
9890.0,18759.986
9900.0,18779.668
9910.0,18799.35
9920.0,18819.032
9930.0,18838.715
9940.0,18858.397
9950.0,18878.079
9960.0,18897.761
9970.0,18917.443
9980.0,18937.126
9990.0,18956.808
10000.0,18976.49
10010.0,18996.172
10020.0,19015.855
10030.0,19035.537
10040.0,19055.219
10050.0,19074.901
10060.0,19094.584
10070.0,19114.266
10080.0,19133.948
10090.0,19153.63
10100.0,19173.312
10110.0,19192.995
10120.0,19212.677
10130.0,19232.359
10140.0,19252.041
10150.0,19271.724
10160.0,19291.406
10170.0,19311.088
10180.0,19330.77
10190.0,19350.453
10200.0,19370.135
10210.0,19389.817
10220.0,19409.499
10230.0,19429.182
10240.0,19448.864
10250.0,19468.546
10260.0,19488.228
10270.0,19507.91
10280.0,19527.593
10290.0,19547.275
10300.0,19566.957
10310.0,19586.639
10320.0,19606.322
10330.0,19626.004
10340.0,19645.686
10350.0,19665.368
10360.0,19685.051
10370.0,19704.733
10380.0,19724.415
10390.0,19744.097
10400.0,19763.779
10410.0,19783.462
10420.0,19803.144
10430.0,19822.826
10440.0,19842.508
10450.0,19862.191
10460.0,19881.873
10470.0,19901.555
10480.0,19921.237
10490.0,19940.92
10500.0,19960.602
10510.0,19980.284
10520.0,19999.966
10530.0,20019.649
10540.0,20039.331
10550.0,20059.013
10560.0,20078.695
10570.0,20098.377
10580.0,20118.06
10590.0,20137.742
10600.0,20157.424
10610.0,20177.106
10620.0,20196.789
10630.0,20216.471
10640.0,20236.153
10650.0,20255.835
10660.0,20275.518
10670.0,20295.2
10680.0,20314.882
10690.0,20334.564
10700.0,20354.247
10710.0,20373.929
10720.0,20393.611
10730.0,20413.293
10740.0,20432.975
10750.0,20452.658
10760.0,20472.34
10770.0,20492.022
10780.0,20511.704
10790.0,20531.387
10800.0,20551.069
10810.0,20570.751
10820.0,20590.433
10830.0,20610.116
10840.0,20629.798
10850.0,20649.48
10860.0,20669.162
10870.0,20688.844
10880.0,20708.527
10890.0,20728.209
10900.0,20747.891
10910.0,20767.573
10920.0,20787.256
10930.0,20806.938
10940.0,20826.62
10950.0,20846.302
10960.0,20865.985
10970.0,20885.667
10980.0,20905.349
10990.0,20925.031
11000.0,20944.714
11010.0,20964.396
11020.0,20984.078
11030.0,21003.76
11040.0,21023.442
11050.0,21043.125
11060.0,21062.807
11070.0,21082.489
11080.0,21102.171
11090.0,21121.854
11100.0,21141.536
11110.0,21161.218
11120.0,21180.9
11130.0,21200.583
11140.0,21220.265
11150.0,21239.947
11160.0,21259.629
11170.0,21279.311
11180.0,21298.994
11190.0,21318.676
11200.0,21338.358
11210.0,21358.04
11220.0,21377.723
11230.0,21397.405
11240.0,21417.087
11250.0,21436.769
11260.0,21456.452
11270.0,21476.134
11280.0,21495.816
11290.0,21515.498
11300.0,21535.181
11310.0,21554.863
11320.0,21574.545
11330.0,21594.227
11340.0,21613.909
11350.0,21633.592
11360.0,21653.274
11370.0,21672.956
11380.0,21692.638
11390.0,21712.321
11400.0,21732.003
11410.0,21751.685
11420.0,21771.367
11430.0,21791.05
11440.0,21810.732
11450.0,21830.414
11460.0,21850.096
11470.0,21869.779
11480.0,21889.461
11490.0,21909.143
11500.0,21928.825
11510.0,21948.507
11520.0,21968.19
11530.0,21987.872
11540.0,22007.554
11550.0,22027.236
11560.0,22046.919
11570.0,22066.601
11580.0,22086.283
11590.0,22105.965
11600.0,22125.648
11610.0,22145.33
11620.0,22165.012
11630.0,22184.694
11640.0,22204.376
11650.0,22224.059
11660.0,22243.741
11670.0,22263.423
11680.0,22283.105
11690.0,22302.788
11700.0,22322.47
11710.0,22342.152
11720.0,22361.834
11730.0,22381.517
11740.0,22401.199
11750.0,22420.881
11760.0,22440.563
11770.0,22460.246
11780.0,22479.928
11790.0,22499.61
11800.0,22519.292
11810.0,22538.974
11820.0,22558.657
11830.0,22578.339
11840.0,22598.021
11850.0,22617.703
11860.0,22637.386
11870.0,22657.068
11880.0,22676.75
11890.0,22696.432
11900.0,22716.115
11910.0,22735.797
11920.0,22755.479
11930.0,22775.161
11940.0,22794.843
11950.0,22814.526
11960.0,22834.208
11970.0,22853.89
11980.0,22873.572
11990.0,22893.255
12000.0,22912.937
12010.0,22932.619
12020.0,22952.301
12030.0,22971.984
12040.0,22991.666
12050.0,23011.348
12060.0,23031.03
12070.0,23050.713
12080.0,23070.395
12090.0,23090.077
12100.0,23109.759
12110.0,23129.441
12120.0,23149.124
12130.0,23168.806
12140.0,23188.488
12150.0,23208.17
12160.0,23227.853
12170.0,23247.535
12180.0,23267.217
12190.0,23286.899
12200.0,23306.582
12210.0,23326.264
12220.0,23345.946
12230.0,23365.628
12240.0,23385.311
12250.0,23404.993
12260.0,23424.675
12270.0,23444.357
12280.0,23464.039
12290.0,23483.722
12300.0,23503.404
12310.0,23523.086
12320.0,23542.768
12330.0,23562.451
12340.0,23582.133
12350.0,23601.815
12360.0,23621.497
12370.0,23641.18
12380.0,23660.862
12390.0,23680.544
12400.0,23700.226
12410.0,23719.908
12420.0,23739.591
12430.0,23759.273
12440.0,23778.955
12450.0,23798.637
12460.0,23818.32
12470.0,23838.002
12480.0,23857.684
12490.0,23877.366
12500.0,23897.049
12510.0,23916.731
12520.0,23936.413
12530.0,23956.095
12540.0,23975.778
12550.0,23995.46
12560.0,24015.142
12570.0,24034.824
12580.0,24054.506
12590.0,24074.189
12600.0,24093.871
12610.0,24113.553
12620.0,24133.235
12630.0,24152.918
12640.0,24172.6
12650.0,24192.282
12660.0,24211.964
12670.0,24231.647
12680.0,24251.329
12690.0,24271.011
12700.0,24290.693
12710.0,24310.375
12720.0,24330.058
12730.0,24349.74
12740.0,24369.422
12750.0,24389.104
12760.0,24408.787
12770.0,24428.469
12780.0,24448.151
12790.0,24467.833
12800.0,24487.516
12810.0,24507.198
12820.0,24526.88
12830.0,24546.562
12840.0,24566.245
12850.0,24585.927
12860.0,24605.609
12870.0,24625.291
12880.0,24644.973
12890.0,24664.656
12900.0,24684.338
12910.0,24704.02
12920.0,24723.702
12930.0,24743.385
12940.0,24763.067
12950.0,24782.749
12960.0,24802.431
12970.0,24822.114
12980.0,24841.796
12990.0,24861.478
13000.0,24881.16
13010.0,24900.843
13020.0,24920.525
13030.0,24940.207
13040.0,24959.889
13050.0,24979.571
13060.0,24999.254
13070.0,25018.936
13080.0,25038.618
13090.0,25058.3
13100.0,25077.983
13110.0,25097.665
13120.0,25117.347
13130.0,25137.029
13140.0,25156.712
13150.0,25176.394
13160.0,25196.076
13170.0,25215.758
13180.0,25235.44
13190.0,25255.123
13200.0,25274.805
13210.0,25294.487
13220.0,25314.169
13230.0,25333.852
13240.0,25353.534
13250.0,25373.216
13260.0,25392.898
13270.0,25412.581
13280.0,25432.263
13290.0,25451.945
13300.0,25471.627
13310.0,25491.31
13320.0,25510.992
13330.0,25530.674
13340.0,25550.356
13350.0,25570.038
13360.0,25589.721
13370.0,25609.403
13380.0,25629.085
13390.0,25648.767
13400.0,25668.45
13410.0,25688.132
13420.0,25707.814
13430.0,25727.496
13440.0,25747.179
13450.0,25766.861
13460.0,25786.543
13470.0,25806.225
13480.0,25825.907
13490.0,25845.59
13500.0,25865.272
13510.0,25884.954
13520.0,25904.636
13530.0,25924.319
13540.0,25944.001
13550.0,25963.683
13560.0,25983.365
13570.0,26003.048
13580.0,26022.73
13590.0,26042.412
13600.0,26062.094
13610.0,26081.777
13620.0,26101.459
13630.0,26121.141
13640.0,26140.823
13650.0,26160.505
13660.0,26180.188
13670.0,26199.87
13680.0,26219.552
13690.0,26239.234
13700.0,26258.917
13710.0,26278.599
13720.0,26298.281
13730.0,26317.963
13740.0,26337.646
13750.0,26357.328
13760.0,26377.01
13770.0,26396.692
13780.0,26416.375
13790.0,26436.057
13800.0,26455.739
13810.0,26475.421
13820.0,26495.103
13830.0,26514.786
13840.0,26534.468
13850.0,26554.15
13860.0,26573.832
13870.0,26593.515
13880.0,26613.197
13890.0,26632.879
13900.0,26652.561
13910.0,26672.244
13920.0,26691.926
13930.0,26711.608
13940.0,26731.29
13950.0,26750.972
13960.0,26770.655
13970.0,26790.337
13980.0,26810.019
13990.0,26829.701
14000.0,26849.384
14010.0,26869.066
14020.0,26888.748
14030.0,26908.43
14040.0,26928.113
14050.0,26947.795
14060.0,26967.477
14070.0,26987.159
14080.0,27006.842
14090.0,27026.524
14100.0,27046.206
14110.0,27065.888
14120.0,27085.57
14130.0,27105.253
14140.0,27124.935
14150.0,27144.617
14160.0,27164.299
14170.0,27183.982
14180.0,27203.664
14190.0,27223.346
14200.0,27243.028
14210.0,27262.711
14220.0,27282.393
14230.0,27302.075
14240.0,27321.757
14250.0,27341.439
14260.0,27361.122
14270.0,27380.804
14280.0,27400.486
14290.0,27420.168
14300.0,27439.851
14310.0,27459.533
14320.0,27479.215
14330.0,27498.897
14340.0,27518.58
14350.0,27538.262
14360.0,27557.944
14370.0,27577.626
14380.0,27597.309
14390.0,27616.991
14400.0,27636.673
14410.0,27656.355
14420.0,27676.037
14430.0,27695.72
14440.0,27715.402
14450.0,27735.084
14460.0,27754.766
14470.0,27774.449
14480.0,27794.131
14490.0,27813.813
14500.0,27833.495
14510.0,27853.178
14520.0,27872.86
14530.0,27892.542
14540.0,27912.224
14550.0,27931.907
14560.0,27951.589
14570.0,27971.271
14580.0,27990.953
14590.0,28010.635
14600.0,28030.318
14610.0,28050.0
14620.0,28069.682
14630.0,28089.364
14640.0,28109.047
14650.0,28128.729
14660.0,28148.411
14670.0,28168.093
14680.0,28187.776
14690.0,28207.458
14700.0,28227.14
14710.0,28246.822
14720.0,28266.504
14730.0,28286.187
14740.0,28305.869
14750.0,28325.551
14760.0,28345.233
14770.0,28364.916
14780.0,28384.598
14790.0,28404.28
14800.0,28423.962
14810.0,28443.645
14820.0,28463.327
14830.0,28483.009
14840.0,28502.691
14850.0,28522.374
14860.0,28542.056
14870.0,28561.738
14880.0,28581.42
14890.0,28601.102
14900.0,28620.785
14910.0,28640.467
14920.0,28660.149
14930.0,28679.831
14940.0,28699.514
14950.0,28719.196
14960.0,28738.878
14970.0,28758.56
14980.0,28778.243
14990.0,28797.925
15000.0,28817.607
15010.0,28837.289
15020.0,28856.971
15030.0,28876.654
15040.0,28896.336
15050.0,28916.018
15060.0,28935.7
15070.0,28955.383
15080.0,28975.065
15090.0,28994.747
15100.0,29014.429
15110.0,29034.112
15120.0,29053.794
15130.0,29073.476
15140.0,29093.158
15150.0,29112.841
15160.0,29132.523
15170.0,29152.205
15180.0,29171.887
15190.0,29191.569
15200.0,29211.252
15210.0,29230.934
15220.0,29250.616
15230.0,29270.298
15240.0,29289.981
15250.0,29309.663
15260.0,29329.345
15270.0,29349.027
15280.0,29368.71
15290.0,29388.392
15300.0,29408.074
15310.0,29427.756
15320.0,29447.439
15330.0,29467.121
15340.0,29486.803
15350.0,29506.485
15360.0,29526.167
15370.0,29545.85
15380.0,29565.532
15390.0,29585.214
15400.0,29604.896
15410.0,29624.579
15420.0,29644.261
15430.0,29663.943
15440.0,29683.625
15450.0,29703.308
15460.0,29722.99
15470.0,29742.672
15480.0,29762.354
15490.0,29782.036
15500.0,29801.719
15510.0,29821.401
15520.0,29841.083
15530.0,29860.765
15540.0,29880.448
15550.0,29900.13
15560.0,29919.812
15570.0,29939.494
15580.0,29959.177
15590.0,29978.859
15600.0,29998.541
15610.0,30018.223
15620.0,30037.906
15630.0,30057.588
15640.0,30077.27
15650.0,30096.952
15660.0,30116.634
15670.0,30136.317
15680.0,30155.999
15690.0,30175.681
15700.0,30195.363
15710.0,30215.046
15720.0,30234.728
15730.0,30254.41
15740.0,30274.092
15750.0,30293.775
15760.0,30313.457
15770.0,30333.139
15780.0,30352.821
15790.0,30372.503
15800.0,30392.186
15810.0,30411.868
15820.0,30431.55
15830.0,30451.232
15840.0,30470.915
15850.0,30490.597
15860.0,30510.279
15870.0,30529.961
15880.0,30549.644
15890.0,30569.326
15900.0,30589.008
15910.0,30608.69
15920.0,30628.373
15930.0,30648.055
15940.0,30667.737
15950.0,30687.419
15960.0,30707.101
15970.0,30726.784
15980.0,30746.466
15990.0,30766.148
16000.0,30785.83
16010.0,30805.513
16020.0,30825.195
16030.0,30844.877
16040.0,30864.559
16050.0,30884.242
16060.0,30903.924
16070.0,30923.606
16080.0,30943.288
16090.0,30962.971
16100.0,30982.653
16110.0,31002.335
16120.0,31022.017
16130.0,31041.699
16140.0,31061.382
16150.0,31081.064
16160.0,31100.746
16170.0,31120.428
16180.0,31140.111
16190.0,31159.793
16200.0,31179.475
16210.0,31199.157
16220.0,31218.84
16230.0,31238.522
16240.0,31258.204
16250.0,31277.886
16260.0,31297.568
16270.0,31317.251
16280.0,31336.933
16290.0,31356.615
16300.0,31376.297
16310.0,31395.98
16320.0,31415.662
16330.0,31435.344
16340.0,31455.026
16350.0,31474.709
16360.0,31494.391
16370.0,31514.073
16380.0,31533.755
16390.0,31553.438
16400.0,31573.12
16410.0,31592.802
16420.0,31612.484
16430.0,31632.166
16440.0,31651.849
16450.0,31671.531
16460.0,31691.213
16470.0,31710.895
16480.0,31730.578
16490.0,31750.26
16500.0,31769.942
16510.0,31789.624
16520.0,31809.307
16530.0,31828.989
16540.0,31848.671
16550.0,31868.353
16560.0,31888.036
16570.0,31907.718
16580.0,31927.4
16590.0,31947.082
16600.0,31966.764
16610.0,31986.447
16620.0,32006.129
16630.0,32025.811
16640.0,32045.493
16650.0,32065.176
16660.0,32084.858
16670.0,32104.54
16680.0,32124.222
16690.0,32143.905
16700.0,32163.587
16710.0,32183.269
16720.0,32202.951
16730.0,32222.633
16740.0,32242.316
16750.0,32261.998
16760.0,32281.68
16770.0,32301.362
16780.0,32321.045
16790.0,32340.727
16800.0,32360.409
16810.0,32380.091
16820.0,32399.774
16830.0,32419.456
16840.0,32439.138
16850.0,32458.82
16860.0,32478.503
16870.0,32498.185
16880.0,32517.867
16890.0,32537.549
16900.0,32557.231
16910.0,32576.914
16920.0,32596.596
16930.0,32616.278
16940.0,32635.96
16950.0,32655.643
16960.0,32675.325
16970.0,32695.007
16980.0,32714.689
16990.0,32734.372
17000.0,32754.054
17010.0,32773.736
17020.0,32793.418
17030.0,32813.1
17040.0,32832.783
17050.0,32852.465
17060.0,32872.147
17070.0,32891.829
17080.0,32911.512
17090.0,32931.194
17100.0,32950.876
17110.0,32970.558
17120.0,32990.241
17130.0,33009.923
17140.0,33029.605
17150.0,33049.287
17160.0,33068.97
17170.0,33088.652
17180.0,33108.334
17190.0,33128.016
17200.0,33147.698
17210.0,33167.381
17220.0,33187.063
17230.0,33206.745
17240.0,33226.427
17250.0,33246.11
17260.0,33265.792
17270.0,33285.474
17280.0,33305.156
17290.0,33324.839
17300.0,33344.521
17310.0,33364.203
17320.0,33383.885
17330.0,33403.568
17340.0,33423.25
17350.0,33442.932
17360.0,33462.614
17370.0,33482.296
17380.0,33501.979
17390.0,33521.661
17400.0,33541.343
17410.0,33561.025
17420.0,33580.708
17430.0,33600.39
17440.0,33620.072
17450.0,33639.754
17460.0,33659.437
17470.0,33679.119
17480.0,33698.801
17490.0,33718.483
17500.0,33738.165
17510.0,33757.848
17520.0,33777.53
17530.0,33797.212
17540.0,33816.894
17550.0,33836.577
17560.0,33856.259
17570.0,33875.941
17580.0,33895.623
17590.0,33915.306
17600.0,33934.988
17610.0,33954.67
17620.0,33974.352
17630.0,33994.035
17640.0,34013.717
17650.0,34033.399
17660.0,34053.081
17670.0,34072.763
17680.0,34092.446
17690.0,34112.128
17700.0,34131.81
17710.0,34151.492
17720.0,34171.175
17730.0,34190.857
17740.0,34210.539
17750.0,34230.221
17760.0,34249.904
17770.0,34269.586
17780.0,34289.268
17790.0,34308.95
17800.0,34328.632
17810.0,34348.315
17820.0,34367.997
17830.0,34387.679
17840.0,34407.361
17850.0,34427.044
17860.0,34446.726
17870.0,34466.408
17880.0,34486.09
17890.0,34505.773
17900.0,34525.455
17910.0,34545.137
17920.0,34564.819
17930.0,34584.502
17940.0,34604.184
17950.0,34623.866
17960.0,34643.548
17970.0,34663.23
17980.0,34682.913
17990.0,34702.595
18000.0,34722.277
18010.0,34741.959
18020.0,34761.642
18030.0,34781.324
18040.0,34801.006
18050.0,34820.688
18060.0,34840.371
18070.0,34860.053
18080.0,34879.735
18090.0,34899.417
18100.0,34919.1
18110.0,34938.782
18120.0,34958.464
18130.0,34978.146
18140.0,34997.828
18150.0,35017.511
18160.0,35037.193
18170.0,35056.875
18180.0,35076.557
18190.0,35096.24
18200.0,35115.922
18210.0,35135.604
18220.0,35155.286
18230.0,35174.969
18240.0,35194.651
18250.0,35214.333
18260.0,35234.015
18270.0,35253.697
18280.0,35273.38
18290.0,35293.062
18300.0,35312.744
18310.0,35332.426
18320.0,35352.109
18330.0,35371.791
18340.0,35391.473
18350.0,35411.155
18360.0,35430.838
18370.0,35450.52
18380.0,35470.202
18390.0,35489.884
18400.0,35509.567
18410.0,35529.249
18420.0,35548.931
18430.0,35568.613
18440.0,35588.295
18450.0,35607.978
18460.0,35627.66
18470.0,35647.342
18480.0,35667.024
18490.0,35686.707
18500.0,35706.389
18510.0,35726.071
18520.0,35745.753
18530.0,35765.436
18540.0,35785.118
18550.0,35804.8
18560.0,35824.482
18570.0,35844.164
18580.0,35863.847
18590.0,35883.529
18600.0,35903.211
18610.0,35922.893
18620.0,35942.576
18630.0,35962.258
18640.0,35981.94
18650.0,36001.622
18660.0,36021.305
18670.0,36040.987
18680.0,36060.669
18690.0,36080.351
18700.0,36100.034
18710.0,36119.716
18720.0,36139.398
18730.0,36159.08
18740.0,36178.762
18750.0,36198.445
18760.0,36218.127
18770.0,36237.809
18780.0,36257.491
18790.0,36277.174
18800.0,36296.856
18810.0,36316.538
18820.0,36336.22
18830.0,36355.903
18840.0,36375.585
18850.0,36395.267
18860.0,36414.949
18870.0,36434.632
18880.0,36454.314
18890.0,36473.996
18900.0,36493.678
18910.0,36513.36
18920.0,36533.043
18930.0,36552.725
18940.0,36572.407
18950.0,36592.089
18960.0,36611.772
18970.0,36631.454
18980.0,36651.136
18990.0,36670.818
19000.0,36690.501
19010.0,36710.183
19020.0,36729.865
19030.0,36749.547
19040.0,36769.229
19050.0,36788.912
19060.0,36808.594
19070.0,36828.276
19080.0,36847.958
19090.0,36867.641
19100.0,36887.323
19110.0,36907.005
19120.0,36926.687
19130.0,36946.36
19140.0,36966.023
19150.0,36985.677
19160.0,37005.32
19170.0,37024.954
19180.0,37044.578
19190.0,37064.192
19200.0,37083.796
19210.0,37103.39
19220.0,37122.974
19230.0,37142.548
19240.0,37162.113
19250.0,37181.667
19260.0,37201.212
19270.0,37220.747
19280.0,37240.272
19290.0,37259.786
19300.0,37279.291
19310.0,37298.787
19320.0,37318.272
19330.0,37337.747
19340.0,37357.213
19350.0,37376.668
19360.0,37396.114
19370.0,37415.549
19380.0,37434.975
19390.0,37454.391
19400.0,37473.797
19410.0,37493.194
19420.0,37512.58
19430.0,37531.956
19440.0,37551.323
19450.0,37570.679
19460.0,37590.026
19470.0,37609.363
19480.0,37628.69
19490.0,37648.007
19500.0,37667.314
19510.0,37686.611
19520.0,37705.898
19530.0,37725.176
19540.0,37744.443
19550.0,37763.701
19560.0,37782.948
19570.0,37802.186
19580.0,37821.414
19590.0,37840.632
19600.0,37859.84
19610.0,37879.038
19620.0,37898.226
19630.0,37917.405
19640.0,37936.574
19650.0,37955.732
19660.0,37974.881
19670.0,37994.02
19680.0,38013.149
19690.0,38032.268
19700.0,38051.377
19710.0,38070.476
19720.0,38089.565
19730.0,38108.645
19740.0,38127.714
19750.0,38146.774
19760.0,38165.824
19770.0,38184.864
19780.0,38203.893
19790.0,38222.913
19800.0,38241.924
19810.0,38260.924
19820.0,38279.914
19830.0,38298.895
19840.0,38317.865
19850.0,38336.826
19860.0,38355.777
19870.0,38374.717
19880.0,38393.649
19890.0,38412.57
19900.0,38431.481
19910.0,38450.382
19920.0,38469.273
19930.0,38488.155
19940.0,38507.026
19950.0,38525.888
19960.0,38544.74
19970.0,38563.582
19980.0,38582.414
19990.0,38601.236
20000.0,38620.048
20010.0,38638.851
20020.0,38657.643
20030.0,38676.425
20040.0,38695.198
20050.0,38713.961
20060.0,38732.713
20070.0,38751.456
20080.0,38770.189
20090.0,38788.913
20100.0,38807.626
20110.0,38826.329
20120.0,38845.022
20130.0,38863.706
20140.0,38882.379
20150.0,38901.043
20160.0,38919.697
20170.0,38938.341
20180.0,38956.975
20190.0,38975.599
20200.0,38994.214
20210.0,39012.818
20220.0,39031.412
20230.0,39049.997
20240.0,39068.572
20250.0,39087.136
20260.0,39105.691
20270.0,39124.236
20280.0,39142.771
20290.0,39161.297
20300.0,39179.811
20310.0,39198.317
20320.0,39216.812
20330.0,39235.298
20340.0,39253.773
20350.0,39272.239
20360.0,39290.695
20370.0,39309.142
20380.0,39327.577
20390.0,39346.004
20400.0,39364.42
20410.0,39382.827
20420.0,39401.223
20430.0,39419.609
20440.0,39437.986
20450.0,39456.353
20460.0,39474.71
20470.0,39493.057
20480.0,39511.394
20490.0,39529.721
20500.0,39548.038
20510.0,39566.346
20520.0,39584.643
20530.0,39602.931
20540.0,39621.208
20550.0,39639.476
20560.0,39657.735
20570.0,39675.983
20580.0,39694.22
20590.0,39712.449
20600.0,39730.667
20610.0,39748.876
20620.0,39767.074
20630.0,39785.263
20640.0,39803.442
20650.0,39821.611
20660.0,39839.769
20670.0,39857.918
20680.0,39876.058
20690.0,39894.187
20700.0,39912.306
20710.0,39930.416
20720.0,39948.515
20730.0,39966.605
20740.0,39984.684
20750.0,40002.754
20760.0,40020.815
20770.0,40038.865
20780.0,40056.904
20790.0,40074.935
20800.0,40092.955
20810.0,40110.966
20820.0,40128.966
20830.0,40146.957
20840.0,40164.938
20850.0,40182.909
20860.0,40200.87
20870.0,40218.821
20880.0,40236.762
20890.0,40254.694
20900.0,40272.615
20910.0,40290.526
20920.0,40308.428
20930.0,40326.32
20940.0,40344.201
20950.0,40362.073
20960.0,40379.936
20970.0,40397.788
20980.0,40415.629
20990.0,40433.462
21000.0,40451.285
21001.0,40453.066
21002.0,40454.847
21003.0,40456.629
21004.0,40458.41
21005.0,40460.191
21006.0,40461.972
21007.0,40463.753
21008.0,40465.535
21009.0,40467.316
21010.0,40469.097
21011.0,40470.877
21012.0,40472.657
21013.0,40474.438
21014.0,40476.218
21015.0,40477.998
21016.0,40479.778
21017.0,40481.558
21018.0,40483.339
21019.0,40485.119
21020.0,40486.899
21021.0,40488.678
21022.0,40490.458
21023.0,40492.237
21024.0,40494.016
21025.0,40495.796
21026.0,40497.575
21027.0,40499.354
21028.0,40501.133
21029.0,40502.913
21030.0,40504.692
21031.0,40506.47
21032.0,40508.249
21033.0,40510.027
21034.0,40511.805
21035.0,40513.584
21036.0,40515.362
21037.0,40517.14
21038.0,40518.918
21039.0,40520.697
21040.0,40522.475
21041.0,40524.252
21042.0,40526.03
21043.0,40527.807
21044.0,40529.585
21045.0,40531.362
21046.0,40533.139
21047.0,40534.917
21048.0,40536.694
21049.0,40538.472
21050.0,40540.249
21051.0,40542.025
21052.0,40543.801
21053.0,40545.578
21054.0,40547.354
21055.0,40549.13
21056.0,40550.906
21057.0,40552.682
21058.0,40554.459
21059.0,40556.235
21060.0,40558.011
21061.0,40559.786
21062.0,40561.562
21063.0,40563.337
21064.0,40565.112
21065.0,40566.888
21066.0,40568.663
21067.0,40570.438
21068.0,40572.213
21069.0,40573.989
21070.0,40575.764
21071.0,40577.538
21072.0,40579.313
21073.0,40581.087
21074.0,40582.862
21075.0,40584.636
21076.0,40586.41
21077.0,40588.185
21078.0,40589.959
21079.0,40591.734
21080.0,40593.508
21081.0,40595.281
21082.0,40597.055
21083.0,40598.828
21084.0,40600.601
21085.0,40602.375
21086.0,40604.148
21087.0,40605.921
21088.0,40607.694
21089.0,40609.468
21090.0,40611.241
21091.0,40613.013
21092.0,40614.786
21093.0,40616.558
21094.0,40618.33
21095.0,40620.103
21096.0,40621.875
21097.0,40623.647
21098.0,40625.419
21099.0,40627.192
21100.0,40628.964
21101.0,40630.735
21102.0,40632.507
21103.0,40634.278
21104.0,40636.05
21105.0,40637.821
21106.0,40639.592
21107.0,40641.364
21108.0,40643.135
21109.0,40644.907
21110.0,40646.678
21111.0,40648.448
21112.0,40650.219
21113.0,40651.989
21114.0,40653.76
21115.0,40655.53
21116.0,40657.3
21117.0,40659.071
21118.0,40660.841
21119.0,40662.612
21120.0,40664.382
21121.0,40666.151
21122.0,40667.921
21123.0,40669.69
21124.0,40671.46
21125.0,40673.229
21126.0,40674.998
21127.0,40676.768
21128.0,40678.537
21129.0,40680.307
21130.0,40682.076
21131.0,40683.844
21132.0,40685.613
21133.0,40687.381
21134.0,40689.149
21135.0,40690.918
21136.0,40692.686
21137.0,40694.454
21138.0,40696.222
21139.0,40697.991
21140.0,40699.759
21141.0,40701.526
21142.0,40703.294
21143.0,40705.061
21144.0,40706.829
21145.0,40708.596
21146.0,40710.363
21147.0,40712.131
21148.0,40713.898
21149.0,40715.666
21150.0,40717.433
21151.0,40719.199
21152.0,40720.966
21153.0,40722.732
21154.0,40724.499
21155.0,40726.265
21156.0,40728.031
21157.0,40729.798
21158.0,40731.564
21159.0,40733.331
21160.0,40735.097
21161.0,40736.863
21162.0,40738.628
21163.0,40740.394
21164.0,40742.159
21165.0,40743.925
21166.0,40745.69
21167.0,40747.456
21168.0,40749.221
21169.0,40750.987
21170.0,40752.752
21171.0,40754.516
21172.0,40756.281
21173.0,40758.045
21174.0,40759.809
21175.0,40761.574
21176.0,40763.338
21177.0,40765.102
21178.0,40766.866
21179.0,40768.631
21180.0,40770.395
21181.0,40772.159
21182.0,40773.922
21183.0,40775.686
21184.0,40777.449
21185.0,40779.213
21186.0,40780.976
21187.0,40782.74
21188.0,40784.503
21189.0,40786.267
21190.0,40788.03
21191.0,40789.793
21192.0,40791.555
21193.0,40793.318
21194.0,40795.08
21195.0,40796.843
21196.0,40798.605
21197.0,40800.368
21198.0,40802.13
21199.0,40803.893
21200.0,40805.655
21201.0,40807.417
21202.0,40809.178
21203.0,40810.94
21204.0,40812.701
21205.0,40814.463
21206.0,40816.224
21207.0,40817.986
21208.0,40819.747
21209.0,40821.509
21210.0,40823.27
21211.0,40825.03
21212.0,40826.791
21213.0,40828.551
21214.0,40830.312
21215.0,40832.072
21216.0,40833.832
21217.0,40835.593
21218.0,40837.353
21219.0,40839.114
21220.0,40840.874
21221.0,40842.634
21222.0,40844.393
21223.0,40846.153
21224.0,40847.912
21225.0,40849.672
21226.0,40851.431
21227.0,40853.191
21228.0,40854.95
21229.0,40856.71
21230.0,40858.469
21231.0,40860.228
21232.0,40861.986
21233.0,40863.745
21234.0,40865.503
21235.0,40867.262
21236.0,40869.02
21237.0,40870.779
21238.0,40872.537
21239.0,40874.296
21240.0,40876.054
21241.0,40877.812
21242.0,40879.569
21243.0,40881.327
21244.0,40883.084
21245.0,40884.842
21246.0,40886.599
21247.0,40888.357
21248.0,40890.114
21249.0,40891.872
21250.0,40893.629
21251.0,40895.385
21252.0,40897.142
21253.0,40898.898
21254.0,40900.655
21255.0,40902.411
21256.0,40904.167
21257.0,40905.924
21258.0,40907.68
21259.0,40909.437
21260.0,40911.193
21261.0,40912.949
21262.0,40914.704
21263.0,40916.46
21264.0,40918.215
21265.0,40919.971
21266.0,40921.727
21267.0,40923.482
21268.0,40925.238
21269.0,40926.993
21270.0,40928.749
21271.0,40930.504
21272.0,40932.258
21273.0,40934.013
21274.0,40935.767
21275.0,40937.522
21276.0,40939.276
21277.0,40941.031
21278.0,40942.785
21279.0,40944.54
21280.0,40946.294
21281.0,40948.048
21282.0,40949.801
21283.0,40951.555
21284.0,40953.308
21285.0,40955.062
21286.0,40956.816
21287.0,40958.569
21288.0,40960.323
21289.0,40962.076
21290.0,40963.83
21291.0,40965.583
21292.0,40967.335
21293.0,40969.088
21294.0,40970.84
21295.0,40972.593
21296.0,40974.345
21297.0,40976.098
21298.0,40977.85
21299.0,40979.603
21300.0,40981.355
21301.0,40983.107
21302.0,40984.858
21303.0,40986.61
21304.0,40988.361
21305.0,40990.113
21306.0,40991.865
21307.0,40993.616
21308.0,40995.368
21309.0,40997.119
21310.0,40998.871
21311.0,41000.622
21312.0,41002.372
21313.0,41004.123
21314.0,41005.873
21315.0,41007.624
21316.0,41009.374
21317.0,41011.125
21318.0,41012.875
21319.0,41014.626
21320.0,41016.376
21321.0,41018.126
21322.0,41019.875
21323.0,41021.625
21324.0,41023.375
21325.0,41025.125
21326.0,41026.874
21327.0,41028.624
21328.0,41030.374
21329.0,41032.123
21330.0,41033.873
21331.0,41035.622
21332.0,41037.37
21333.0,41039.119
21334.0,41040.867
21335.0,41042.616
21336.0,41044.365
21337.0,41046.113
21338.0,41047.862
21339.0,41049.61
21340.0,41051.359
21341.0,41053.107
21342.0,41054.854
21343.0,41056.602
21344.0,41058.349
21345.0,41060.097
21346.0,41061.844
21347.0,41063.592
21348.0,41065.339
21349.0,41067.087
21350.0,41068.834
21351.0,41070.581
21352.0,41072.327
21353.0,41074.074
21354.0,41075.82
21355.0,41077.567
21356.0,41079.314
21357.0,41081.06
21358.0,41082.807
21359.0,41084.553
21360.0,41086.3
21361.0,41088.046
21362.0,41089.791
21363.0,41091.537
21364.0,41093.283
21365.0,41095.029
21366.0,41096.774
21367.0,41098.52
21368.0,41100.266
21369.0,41102.011
21370.0,41103.757
21371.0,41105.502
21372.0,41107.246
21373.0,41108.991
21374.0,41110.735
21375.0,41112.48
21376.0,41114.225
21377.0,41115.969
21378.0,41117.714
21379.0,41119.458
21380.0,41121.203
21381.0,41122.947
21382.0,41124.69
21383.0,41126.434
21384.0,41128.177
21385.0,41129.921
21386.0,41131.665
21387.0,41133.408
21388.0,41135.152
21389.0,41136.895
21390.0,41138.639
21391.0,41140.382
21392.0,41142.124
21393.0,41143.867
21394.0,41145.61
21395.0,41147.353
21396.0,41149.095
21397.0,41150.838
21398.0,41152.581
21399.0,41154.323
21400.0,41156.066
21401.0,41157.808
21402.0,41159.549
21403.0,41161.291
21404.0,41163.033
21405.0,41164.775
21406.0,41166.516
21407.0,41168.258
21408.0,41170.0
21409.0,41171.741
21410.0,41173.483
21411.0,41175.224
21412.0,41176.964
21413.0,41178.705
21414.0,41180.446
21415.0,41182.187
21416.0,41183.927
21417.0,41185.668
21418.0,41187.409
21419.0,41189.149
21420.0,41190.89
21421.0,41192.63
21422.0,41194.369
21423.0,41196.109
21424.0,41197.848
21425.0,41199.588
21426.0,41201.328
21427.0,41203.067
21428.0,41204.807
21429.0,41206.546
21430.0,41208.286
21431.0,41210.025
21432.0,41211.763
21433.0,41213.502
21434.0,41215.241
21435.0,41216.98
21436.0,41218.718
21437.0,41220.457
21438.0,41222.196
21439.0,41223.934
21440.0,41225.673
21441.0,41227.411
21442.0,41229.148
21443.0,41230.886
21444.0,41232.624
21445.0,41234.362
21446.0,41236.099
21447.0,41237.837
21448.0,41239.575
21449.0,41241.312
21450.0,41243.05
21451.0,41244.787
21452.0,41246.524
21453.0,41248.26
21454.0,41249.997
21455.0,41251.734
21456.0,41253.471
21457.0,41255.208
21458.0,41256.944
21459.0,41258.681
21460.0,41260.418
21461.0,41262.154
21462.0,41263.889
21463.0,41265.625
21464.0,41267.36
21465.0,41269.096
21466.0,41270.832
21467.0,41272.567
21468.0,41274.303
21469.0,41276.038
21470.0,41277.774
21471.0,41279.509
21472.0,41281.244
21473.0,41282.978
21474.0,41284.713
21475.0,41286.448
21476.0,41288.183
21477.0,41289.918
21478.0,41291.652
21479.0,41293.387
21480.0,41295.122
21481.0,41296.856
21482.0,41298.589
21483.0,41300.323
21484.0,41302.057
21485.0,41303.791
21486.0,41305.524
21487.0,41307.258
21488.0,41308.992
21489.0,41310.725
21490.0,41312.459
21491.0,41314.192
21492.0,41315.925
21493.0,41317.657
21494.0,41319.39
21495.0,41321.123
21496.0,41322.856
21497.0,41324.589
21498.0,41326.321
21499.0,41328.054
21500.0,41329.787
21501.0,41331.519
21502.0,41333.25
21503.0,41334.982
21504.0,41336.714
21505.0,41338.446
21506.0,41340.177
21507.0,41341.909
21508.0,41343.641
21509.0,41345.372
21510.0,41347.104
21511.0,41348.835
21512.0,41350.566
21513.0,41352.296
21514.0,41354.027
21515.0,41355.758
21516.0,41357.489
21517.0,41359.22
21518.0,41360.95
21519.0,41362.681
21520.0,41364.412
21521.0,41366.142
21522.0,41367.872
21523.0,41369.601
21524.0,41371.331
21525.0,41373.061
21526.0,41374.791
21527.0,41376.521
21528.0,41378.25
21529.0,41379.98
21530.0,41381.71
21531.0,41383.439
21532.0,41385.168
21533.0,41386.896
21534.0,41388.625
21535.0,41390.354
21536.0,41392.083
21537.0,41393.812
21538.0,41395.54
21539.0,41397.269
21540.0,41398.998
21541.0,41400.726
21542.0,41402.454
21543.0,41404.181
21544.0,41405.909
21545.0,41407.637
21546.0,41409.365
21547.0,41411.093
21548.0,41412.82
21549.0,41414.548
21550.0,41416.276
21551.0,41418.003
21552.0,41419.73
21553.0,41421.456
21554.0,41423.183
21555.0,41424.91
21556.0,41426.637
21557.0,41428.364
21558.0,41430.09
21559.0,41431.817
21560.0,41433.544
21561.0,41435.27
21562.0,41436.996
21563.0,41438.722
21564.0,41440.448
21565.0,41442.174
21566.0,41443.899
21567.0,41445.625
21568.0,41447.351
21569.0,41449.077
21570.0,41450.803
21571.0,41452.528
21572.0,41454.253
21573.0,41455.977
21574.0,41457.702
21575.0,41459.427
21576.0,41461.152
21577.0,41462.877
21578.0,41464.601
21579.0,41466.326
21580.0,41468.051
21581.0,41469.775
21582.0,41471.499
21583.0,41473.222
21584.0,41474.946
21585.0,41476.67
21586.0,41478.394
21587.0,41480.118
21588.0,41481.841
21589.0,41483.565
21590.0,41485.289
21591.0,41487.012
21592.0,41488.735
21593.0,41490.458
21594.0,41492.181
21595.0,41493.904
21596.0,41495.626
21597.0,41497.349
21598.0,41499.072
21599.0,41500.795
21600.0,41502.518
21601.0,41504.24
21602.0,41505.962
21603.0,41507.684
21604.0,41509.406
21605.0,41511.128
21606.0,41512.849
21607.0,41514.571
21608.0,41516.293
21609.0,41518.015
21610.0,41519.737
21611.0,41521.458
21612.0,41523.179
21613.0,41524.9
21614.0,41526.621
21615.0,41528.342
21616.0,41530.062
21617.0,41531.783
21618.0,41533.504
21619.0,41535.225
21620.0,41536.946
21621.0,41538.666
21622.0,41540.386
21623.0,41542.105
21624.0,41543.825
21625.0,41545.545
21626.0,41547.265
21627.0,41548.985
21628.0,41550.704
21629.0,41552.424
21630.0,41554.144
21631.0,41555.863
21632.0,41557.582
21633.0,41559.301
21634.0,41561.02
21635.0,41562.739
21636.0,41564.457
21637.0,41566.176
21638.0,41567.895
21639.0,41569.614
21640.0,41571.333
21641.0,41573.051
21642.0,41574.769
21643.0,41576.487
21644.0,41578.205
21645.0,41579.923
21646.0,41581.64
21647.0,41583.358
21648.0,41585.076
21649.0,41586.794
21650.0,41588.512
21651.0,41590.229
21652.0,41591.946
21653.0,41593.663
21654.0,41595.38
21655.0,41597.097
21656.0,41598.814
21657.0,41600.531
21658.0,41602.248
21659.0,41603.965
21660.0,41605.682
21661.0,41607.398
21662.0,41609.114
21663.0,41610.829
21664.0,41612.545
21665.0,41614.261
21666.0,41615.977
21667.0,41617.693
21668.0,41619.408
21669.0,41621.124
21670.0,41622.84
21671.0,41624.555
21672.0,41626.27
21673.0,41627.985
21674.0,41629.7
21675.0,41631.415
21676.0,41633.13
21677.0,41634.845
21678.0,41636.56
21679.0,41638.275
21680.0,41639.99
21681.0,41641.704
21682.0,41643.418
21683.0,41645.132
21684.0,41646.846
21685.0,41648.56
21686.0,41650.274
21687.0,41651.988
21688.0,41653.702
21689.0,41655.416
21690.0,41657.13
21691.0,41658.843
21692.0,41660.556
21693.0,41662.269
21694.0,41663.982
21695.0,41665.695
21696.0,41667.408
21697.0,41669.121
21698.0,41670.834
21699.0,41672.547
21700.0,41674.26
21701.0,41675.972
21702.0,41677.684
21703.0,41679.396
21704.0,41681.108
21705.0,41682.82
21706.0,41684.531
21707.0,41686.243
21708.0,41687.955
21709.0,41689.667
21710.0,41691.379
21711.0,41693.09
21712.0,41694.801
21713.0,41696.512
21714.0,41698.223
21715.0,41699.934
21716.0,41701.645
21717.0,41703.356
21718.0,41705.067
21719.0,41706.778
21720.0,41708.489
21721.0,41710.199
21722.0,41711.909
21723.0,41713.619
21724.0,41715.329
21725.0,41717.039
21726.0,41718.749
21727.0,41720.459
21728.0,41722.169
21729.0,41723.879
21730.0,41725.589
21731.0,41727.298
21732.0,41729.007
21733.0,41730.716
21734.0,41732.425
21735.0,41734.134
21736.0,41735.843
21737.0,41737.552
21738.0,41739.261
21739.0,41740.97
21740.0,41742.679
21741.0,41744.387
21742.0,41746.095
21743.0,41747.803
21744.0,41749.511
21745.0,41751.219
21746.0,41752.926
21747.0,41754.634
21748.0,41756.342
21749.0,41758.05
21750.0,41759.758
21751.0,41761.465
21752.0,41763.172
21753.0,41764.879
21754.0,41766.586
21755.0,41768.294
21756.0,41770.001
21757.0,41771.708
21758.0,41773.415
21759.0,41775.122
21760.0,41776.829
21761.0,41778.535
21762.0,41780.241
21763.0,41781.947
21764.0,41783.653
21765.0,41785.359
21766.0,41787.065
21767.0,41788.771
21768.0,41790.477
21769.0,41792.183
21770.0,41793.889
21771.0,41795.594
21772.0,41797.299
21773.0,41799.004
21774.0,41800.709
21775.0,41802.415
21776.0,41804.12
21777.0,41805.825
21778.0,41807.53
21779.0,41809.235
21780.0,41810.94
21781.0,41812.644
21782.0,41814.348
21783.0,41816.052
21784.0,41817.756
21785.0,41819.46
21786.0,41821.164
21787.0,41822.868
21788.0,41824.572
21789.0,41826.276
21790.0,41827.98
21791.0,41829.683
21792.0,41831.386
21793.0,41833.089
21794.0,41834.792
21795.0,41836.496
21796.0,41838.199
21797.0,41839.902
21798.0,41841.605
21799.0,41843.308
21800.0,41845.011
21801.0,41846.713
21802.0,41848.415
21803.0,41850.117
21804.0,41851.819
21805.0,41853.522
21806.0,41855.224
21807.0,41856.926
21808.0,41858.628
21809.0,41860.33
21810.0,41862.032
21811.0,41863.733
21812.0,41865.434
21813.0,41867.135
21814.0,41868.836
21815.0,41870.538
21816.0,41872.239
21817.0,41873.94
21818.0,41875.641
21819.0,41877.342
21820.0,41879.043
21821.0,41880.743
21822.0,41882.443
21823.0,41884.143
21824.0,41885.843
21825.0,41887.543
21826.0,41889.243
21827.0,41890.943
21828.0,41892.643
21829.0,41894.343
21830.0,41896.043
21831.0,41897.742
21832.0,41899.441
21833.0,41901.14
21834.0,41902.839
21835.0,41904.539
21836.0,41906.238
21837.0,41907.937
21838.0,41909.636
21839.0,41911.335
21840.0,41913.034
21841.0,41914.732
21842.0,41916.43
21843.0,41918.129
21844.0,41919.827
21845.0,41921.525
21846.0,41923.223
21847.0,41924.921
21848.0,41926.62
21849.0,41928.318
21850.0,41930.016
21851.0,41931.713
21852.0,41933.41
21853.0,41935.107
21854.0,41936.804
21855.0,41938.502
21856.0,41940.199
21857.0,41941.896
21858.0,41943.593
21859.0,41945.29
21860.0,41946.987
21861.0,41948.683
21862.0,41950.379
21863.0,41952.075
21864.0,41953.771
21865.0,41955.468
21866.0,41957.164
21867.0,41958.86
21868.0,41960.556
21869.0,41962.252
21870.0,41963.948
21871.0,41965.643
21872.0,41967.338
21873.0,41969.033
21874.0,41970.728
21875.0,41972.424
21876.0,41974.119
21877.0,41975.814
21878.0,41977.509
21879.0,41979.204
21880.0,41980.899
21881.0,41982.593
21882.0,41984.287
21883.0,41985.982
21884.0,41987.676
21885.0,41989.37
21886.0,41991.064
21887.0,41992.758
21888.0,41994.453
21889.0,41996.147
21890.0,41997.841
21891.0,41999.534
21892.0,42001.227
21893.0,42002.921
21894.0,42004.614
21895.0,42006.307
21896.0,42008.0
21897.0,42009.693
21898.0,42011.387
21899.0,42013.08
21900.0,42014.773
21901.0,42016.465
21902.0,42018.157
21903.0,42019.849
21904.0,42021.541
21905.0,42023.234
21906.0,42024.926
21907.0,42026.618
21908.0,42028.31
21909.0,42030.002
21910.0,42031.694
21911.0,42033.385
21912.0,42035.076
21913.0,42036.768
21914.0,42038.459
21915.0,42040.15
21916.0,42041.841
21917.0,42043.532
21918.0,42045.224
21919.0,42046.915
21920.0,42048.606
21921.0,42050.296
21922.0,42051.986
21923.0,42053.677
21924.0,42055.367
21925.0,42057.057
21926.0,42058.747
21927.0,42060.437
21928.0,42062.128
21929.0,42063.818
21930.0,42065.508
21931.0,42067.197
21932.0,42068.887
21933.0,42070.576
21934.0,42072.265
21935.0,42073.955
21936.0,42075.644
21937.0,42077.333
21938.0,42079.022
21939.0,42080.712
21940.0,42082.401
21941.0,42084.089
21942.0,42085.777
21943.0,42087.465
21944.0,42089.153
21945.0,42090.842
21946.0,42092.53
21947.0,42094.218
21948.0,42095.906
21949.0,42097.594
21950.0,42099.282
21951.0,42100.969
21952.0,42102.657
21953.0,42104.344
21954.0,42106.031
21955.0,42107.719
21956.0,42109.406
21957.0,42111.093
21958.0,42112.78
21959.0,42114.468
21960.0,42116.155
21961.0,42117.841
21962.0,42119.527
21963.0,42121.214
21964.0,42122.9
21965.0,42124.586
21966.0,42126.272
21967.0,42127.958
21968.0,42129.645
21969.0,42131.331
21970.0,42133.017
21971.0,42134.702
21972.0,42136.388
21973.0,42138.073
21974.0,42139.758
21975.0,42141.444
21976.0,42143.129
21977.0,42144.814
21978.0,42146.499
21979.0,42148.185
21980.0,42149.87
21981.0,42151.554
21982.0,42153.238
21983.0,42154.923
21984.0,42156.607
21985.0,42158.291
21986.0,42159.975
21987.0,42161.659
21988.0,42163.344
21989.0,42165.028
21990.0,42166.712
21991.0,42168.395
21992.0,42170.079
21993.0,42171.762
21994.0,42173.445
21995.0,42175.129
21996.0,42176.812
21997.0,42178.495
21998.0,42180.178
21999.0,42181.862
22000.0,42183.545
22001.0,42185.227
22002.0,42186.91
22003.0,42188.592
22004.0,42190.274
22005.0,42191.957
22006.0,42193.639
22007.0,42195.321
22008.0,42197.003
22009.0,42198.686
22010.0,42200.368
22011.0,42202.049
22012.0,42203.731
22013.0,42205.412
22014.0,42207.093
22015.0,42208.775
22016.0,42210.456
22017.0,42212.137
22018.0,42213.818
22019.0,42215.5
22020.0,42217.181
22021.0,42218.861
22022.0,42220.541
22023.0,42222.222
22024.0,42223.902
22025.0,42225.582
22026.0,42227.262
22027.0,42228.942
22028.0,42230.623
22029.0,42232.303
22030.0,42233.983
22031.0,42235.662
22032.0,42237.342
22033.0,42239.021
22034.0,42240.7
22035.0,42242.38
22036.0,42244.059
22037.0,42245.738
22038.0,42247.417
22039.0,42249.097
22040.0,42250.776
22041.0,42252.454
22042.0,42254.133
22043.0,42255.811
22044.0,42257.49
22045.0,42259.168
22046.0,42260.846
22047.0,42262.525
22048.0,42264.203
22049.0,42265.882
22050.0,42267.56
22051.0,42269.237
22052.0,42270.915
22053.0,42272.592
22054.0,42274.269
22055.0,42275.947
22056.0,42277.624
22057.0,42279.301
22058.0,42280.978
22059.0,42282.656
22060.0,42284.333
22061.0,42286.009
22062.0,42287.686
22063.0,42289.362
22064.0,42291.038
22065.0,42292.715
22066.0,42294.391
22067.0,42296.067
22068.0,42297.743
22069.0,42299.42
22070.0,42301.096
22071.0,42302.771
22072.0,42304.447
22073.0,42306.122
22074.0,42307.798
22075.0,42309.473
22076.0,42311.148
22077.0,42312.824
22078.0,42314.499
22079.0,42316.175
22080.0,42317.85
22081.0,42319.524
22082.0,42321.199
22083.0,42322.873
22084.0,42324.547
22085.0,42326.222
22086.0,42327.896
22087.0,42329.57
22088.0,42331.244
22089.0,42332.919
22090.0,42334.593
22091.0,42336.267
22092.0,42337.94
22093.0,42339.614
22094.0,42341.287
22095.0,42342.961
22096.0,42344.634
22097.0,42346.308
22098.0,42347.981
22099.0,42349.655
22100.0,42351.328
22101.0,42353.0
22102.0,42354.672
22103.0,42356.345
22104.0,42358.017
22105.0,42359.689
22106.0,42361.361
22107.0,42363.033
22108.0,42364.706
22109.0,42366.378
22110.0,42368.05
22111.0,42369.722
22112.0,42371.393
22113.0,42373.065
22114.0,42374.736
22115.0,42376.408
22116.0,42378.079
22117.0,42379.751
22118.0,42381.422
22119.0,42383.094
22120.0,42384.765
22121.0,42386.435
22122.0,42388.106
22123.0,42389.776
22124.0,42391.447
22125.0,42393.117
22126.0,42394.787
22127.0,42396.458
22128.0,42398.128
22129.0,42399.799
22130.0,42401.469
22131.0,42403.138
22132.0,42404.808
22133.0,42406.477
22134.0,42408.147
22135.0,42409.816
22136.0,42411.485
22137.0,42413.155
22138.0,42414.824
22139.0,42416.494
22140.0,42418.163
22141.0,42419.831
22142.0,42421.5
22143.0,42423.168
22144.0,42424.836
22145.0,42426.505
22146.0,42428.173
22147.0,42429.841
22148.0,42431.509
22149.0,42433.178
22150.0,42434.846
22151.0,42436.514
22152.0,42438.181
22153.0,42439.849
22154.0,42441.516
22155.0,42443.184
22156.0,42444.851
22157.0,42446.519
22158.0,42448.186
22159.0,42449.854
22160.0,42451.521
22161.0,42453.188
22162.0,42454.854
22163.0,42456.521
22164.0,42458.187
22165.0,42459.854
22166.0,42461.52
22167.0,42463.187
22168.0,42464.853
22169.0,42466.52
22170.0,42468.186
22171.0,42469.852
22172.0,42471.517
22173.0,42473.183
22174.0,42474.848
22175.0,42476.514
22176.0,42478.179
22177.0,42479.845
22178.0,42481.51
22179.0,42483.176
22180.0,42484.841
22181.0,42486.505
22182.0,42488.17
22183.0,42489.834
22184.0,42491.498
22185.0,42493.163
22186.0,42494.827
22187.0,42496.491
22188.0,42498.155
22189.0,42499.82
22190.0,42501.484
22191.0,42503.148
22192.0,42504.811
22193.0,42506.475
22194.0,42508.138
22195.0,42509.802
22196.0,42511.465
22197.0,42513.129
22198.0,42514.792
22199.0,42516.456
22200.0,42518.119
22201.0,42519.782
22202.0,42521.444
22203.0,42523.107
22204.0,42524.769
22205.0,42526.432
22206.0,42528.095
22207.0,42529.757
22208.0,42531.42
22209.0,42533.082
22210.0,42534.745
22211.0,42536.407
22212.0,42538.068
22213.0,42539.73
22214.0,42541.391
22215.0,42543.053
22216.0,42544.714
22217.0,42546.376
22218.0,42548.037
22219.0,42549.699
22220.0,42551.36
22221.0,42553.02
22222.0,42554.681
22223.0,42556.341
22224.0,42558.002
22225.0,42559.662
22226.0,42561.322
22227.0,42562.983
22228.0,42564.643
22229.0,42566.304
22230.0,42567.964
22231.0,42569.624
22232.0,42571.283
22233.0,42572.943
22234.0,42574.602
22235.0,42576.262
22236.0,42577.921
22237.0,42579.581
22238.0,42581.24
22239.0,42582.9
22240.0,42584.559
22241.0,42586.218
22242.0,42587.876
22243.0,42589.535
22244.0,42591.193
22245.0,42592.852
22246.0,42594.511
22247.0,42596.169
22248.0,42597.828
22249.0,42599.486
22250.0,42601.145
22251.0,42602.803
22252.0,42604.46
22253.0,42606.118
22254.0,42607.775
22255.0,42609.433
22256.0,42611.091
22257.0,42612.748
22258.0,42614.406
22259.0,42616.063
22260.0,42617.721
22261.0,42619.377
22262.0,42621.034
22263.0,42622.69
22264.0,42624.347
22265.0,42626.003
22266.0,42627.659
22267.0,42629.316
22268.0,42630.972
22269.0,42632.629
22270.0,42634.285
22271.0,42635.941
22272.0,42637.596
22273.0,42639.252
22274.0,42640.907
22275.0,42642.563
22276.0,42644.219
22277.0,42645.874
22278.0,42647.53
22279.0,42649.185
22280.0,42650.841
22281.0,42652.496
22282.0,42654.15
22283.0,42655.805
22284.0,42657.459
22285.0,42659.114
22286.0,42660.769
22287.0,42662.423
22288.0,42664.078
22289.0,42665.732
22290.0,42667.387
22291.0,42669.041
22292.0,42670.694
22293.0,42672.348
22294.0,42674.001
22295.0,42675.655
22296.0,42677.309
22297.0,42678.962
22298.0,42680.616
22299.0,42682.269
22300.0,42683.923
22301.0,42685.576
22302.0,42687.228
22303.0,42688.881
22304.0,42690.533
22305.0,42692.186
22306.0,42693.838
22307.0,42695.491
22308.0,42697.143
22309.0,42698.796
22310.0,42700.448
22311.0,42702.1
22312.0,42703.751
22313.0,42705.403
22314.0,42707.054
22315.0,42708.706
22316.0,42710.358
22317.0,42712.009
22318.0,42713.661
22319.0,42715.312
22320.0,42716.964
22321.0,42718.615
22322.0,42720.265
22323.0,42721.916
22324.0,42723.566
22325.0,42725.217
22326.0,42726.868
22327.0,42728.518
22328.0,42730.169
22329.0,42731.819
22330.0,42733.47
22331.0,42735.12
22332.0,42736.769
22333.0,42738.419
22334.0,42740.069
22335.0,42741.719
22336.0,42743.368
22337.0,42745.018
22338.0,42746.668
22339.0,42748.317
22340.0,42749.967
22341.0,42751.616
22342.0,42753.264
22343.0,42754.913
22344.0,42756.561
22345.0,42758.21
22346.0,42759.858
22347.0,42761.507
22348.0,42763.155
22349.0,42764.804
22350.0,42766.452
22351.0,42768.1
22352.0,42769.747
22353.0,42771.395
22354.0,42773.043
22355.0,42774.691
22356.0,42776.338
22357.0,42777.986
22358.0,42779.634
22359.0,42781.281
22360.0,42782.929
22361.0,42784.576
22362.0,42786.222
22363.0,42787.869
22364.0,42789.515
22365.0,42791.162
22366.0,42792.809
22367.0,42794.455
22368.0,42796.102
22369.0,42797.748
22370.0,42799.395
22371.0,42801.041
22372.0,42802.686
22373.0,42804.332
22374.0,42805.978
22375.0,42807.624
22376.0,42809.269
22377.0,42810.915
22378.0,42812.561
22379.0,42814.206
22380.0,42815.852
22381.0,42817.497
22382.0,42819.141
22383.0,42820.786
22384.0,42822.43
22385.0,42824.075
22386.0,42825.72
22387.0,42827.364
22388.0,42829.009
22389.0,42830.653
22390.0,42832.298
22391.0,42833.942
22392.0,42835.585
22393.0,42837.229
22394.0,42838.873
22395.0,42840.517
22396.0,42842.16
22397.0,42843.804
22398.0,42845.448
22399.0,42847.091
22400.0,42848.735
22401.0,42850.378
22402.0,42852.02
22403.0,42853.663
22404.0,42855.306
22405.0,42856.949
22406.0,42858.591
22407.0,42860.234
22408.0,42861.877
22409.0,42863.519
22410.0,42865.162
22411.0,42866.804
22412.0,42868.446
22413.0,42870.087
22414.0,42871.729
22415.0,42873.371
22416.0,42875.013
22417.0,42876.655
22418.0,42878.296
22419.0,42879.938
22420.0,42881.58
22421.0,42883.221
22422.0,42884.861
22423.0,42886.502
22424.0,42888.142
22425.0,42889.783
22426.0,42891.424
22427.0,42893.064
22428.0,42894.705
22429.0,42896.345
22430.0,42897.986
22431.0,42899.626
22432.0,42901.265
22433.0,42902.905
22434.0,42904.545
22435.0,42906.185
22436.0,42907.824
22437.0,42909.464
22438.0,42911.104
22439.0,42912.743
22440.0,42914.383
22441.0,42916.022
22442.0,42917.661
22443.0,42919.299
22444.0,42920.938
22445.0,42922.577
22446.0,42924.216
22447.0,42925.855
22448.0,42927.493
22449.0,42929.132
22450.0,42930.771
22451.0,42932.409
22452.0,42934.047
22453.0,42935.684
22454.0,42937.322
22455.0,42938.96
22456.0,42940.598
22457.0,42942.236
22458.0,42943.873
22459.0,42945.511
22460.0,42947.149
22461.0,42948.786
22462.0,42950.422
22463.0,42952.059
22464.0,42953.695
22465.0,42955.332
22466.0,42956.969
22467.0,42958.605
22468.0,42960.242
22469.0,42961.878
22470.0,42963.515
22471.0,42965.151
22472.0,42966.787
22473.0,42968.422
22474.0,42970.058
22475.0,42971.694
22476.0,42973.33
22477.0,42974.966
22478.0,42976.601
22479.0,42978.237
22480.0,42979.873
22481.0,42981.508
22482.0,42983.143
22483.0,42984.777
22484.0,42986.412
22485.0,42988.047
22486.0,42989.682
22487.0,42991.317
22488.0,42992.951
22489.0,42994.586
22490.0,42996.221
22491.0,42997.855
22492.0,42999.489
22493.0,43001.122
22494.0,43002.756
22495.0,43004.39
22496.0,43006.024
22497.0,43007.658
22498.0,43009.291
22499.0,43010.925
22500.0,43012.559
22501.0,43014.192
22502.0,43015.824
22503.0,43017.457
22504.0,43019.09
22505.0,43020.723
22506.0,43022.355
22507.0,43023.988
22508.0,43025.621
22509.0,43027.253
22510.0,43028.886
22511.0,43030.518
22512.0,43032.15
22513.0,43033.781
22514.0,43035.413
22515.0,43037.045
22516.0,43038.677
22517.0,43040.309
22518.0,43041.94
22519.0,43043.572
22520.0,43045.204
22521.0,43046.835
22522.0,43048.466
22523.0,43050.097
22524.0,43051.728
22525.0,43053.359
22526.0,43054.989
22527.0,43056.62
22528.0,43058.251
22529.0,43059.882
22530.0,43061.513
22531.0,43063.143
22532.0,43064.773
22533.0,43066.402
22534.0,43068.032
22535.0,43069.662
22536.0,43071.292
22537.0,43072.922
22538.0,43074.551
22539.0,43076.181
22540.0,43077.811
22541.0,43079.44
22542.0,43081.068
22543.0,43082.697
22544.0,43084.326
22545.0,43085.955
22546.0,43087.583
22547.0,43089.212
22548.0,43090.841
22549.0,43092.469
22550.0,43094.098
22551.0,43095.726
22552.0,43097.354
22553.0,43098.982
22554.0,43100.61
22555.0,43102.238
22556.0,43103.865
22557.0,43105.493
22558.0,43107.121
22559.0,43108.749
22560.0,43110.377
22561.0,43112.004
22562.0,43113.631
22563.0,43115.258
22564.0,43116.885
22565.0,43118.512
22566.0,43120.138
22567.0,43121.765
22568.0,43123.392
22569.0,43125.019
22570.0,43126.646
22571.0,43128.272
22572.0,43129.898
22573.0,43131.524
22574.0,43133.15
22575.0,43134.776
22576.0,43136.401
22577.0,43138.027
22578.0,43139.653
22579.0,43141.279
22580.0,43142.905
22581.0,43144.53
22582.0,43146.154
22583.0,43147.779
22584.0,43149.404
22585.0,43151.029
22586.0,43152.653
22587.0,43154.278
22588.0,43155.903
22589.0,43157.527
22590.0,43159.152
22591.0,43160.776
22592.0,43162.4
22593.0,43164.024
22594.0,43165.648
22595.0,43167.272
22596.0,43168.896
22597.0,43170.52
22598.0,43172.144
22599.0,43173.768
22600.0,43175.392
22601.0,43177.015
22602.0,43178.638
22603.0,43180.261
22604.0,43181.884
22605.0,43183.507
22606.0,43185.129
22607.0,43186.752
22608.0,43188.375
22609.0,43189.998
22610.0,43191.621
22611.0,43193.243
22612.0,43194.865
22613.0,43196.487
22614.0,43198.109
22615.0,43199.731
22616.0,43201.352
22617.0,43202.974
22618.0,43204.596
22619.0,43206.218
22620.0,43207.84
22621.0,43209.461
22622.0,43211.082
22623.0,43212.702
22624.0,43214.323
22625.0,43215.944
22626.0,43217.565
22627.0,43219.186
22628.0,43220.806
22629.0,43222.427
22630.0,43224.048
22631.0,43225.668
22632.0,43227.288
22633.0,43228.908
22634.0,43230.528
22635.0,43232.148
22636.0,43233.768
22637.0,43235.388
22638.0,43237.008
22639.0,43238.628
22640.0,43240.248
22641.0,43241.867
22642.0,43243.486
22643.0,43245.105
22644.0,43246.724
22645.0,43248.343
22646.0,43249.962
22647.0,43251.581
22648.0,43253.2
22649.0,43254.819
22650.0,43256.438
22651.0,43258.056
22652.0,43259.674
22653.0,43261.292
22654.0,43262.91
22655.0,43264.528
22656.0,43266.146
22657.0,43267.764
22658.0,43269.382
22659.0,43271.0
22660.0,43272.618
22661.0,43274.235
22662.0,43275.852
22663.0,43277.468
22664.0,43279.085
22665.0,43280.702
22666.0,43282.319
22667.0,43283.936
22668.0,43285.552
22669.0,43287.169
22670.0,43288.786
22671.0,43290.402
22672.0,43292.018
22673.0,43293.634
22674.0,43295.25
22675.0,43296.866
22676.0,43298.482
22677.0,43300.098
22678.0,43301.714
22679.0,43303.33
22680.0,43304.946
22681.0,43306.561
22682.0,43308.176
22683.0,43309.791
22684.0,43311.406
22685.0,43313.021
22686.0,43314.636
22687.0,43316.251
22688.0,43317.866
22689.0,43319.481
22690.0,43321.096
22691.0,43322.71
22692.0,43324.324
22693.0,43325.938
22694.0,43327.552
22695.0,43329.166
22696.0,43330.78
22697.0,43332.394
22698.0,43334.008
22699.0,43335.622
22700.0,43337.236
22701.0,43338.849
22702.0,43340.462
22703.0,43342.075
22704.0,43343.688
22705.0,43345.301
22706.0,43346.913
22707.0,43348.526
22708.0,43350.139
22709.0,43351.752
22710.0,43353.365
22711.0,43354.977
22712.0,43356.589
22713.0,43358.201
22714.0,43359.813
22715.0,43361.425
22716.0,43363.037
22717.0,43364.649
22718.0,43366.261
22719.0,43367.873
22720.0,43369.485
22721.0,43371.096
22722.0,43372.707
22723.0,43374.318
22724.0,43375.929
22725.0,43377.541
22726.0,43379.152
22727.0,43380.763
22728.0,43382.374
22729.0,43383.985
22730.0,43385.596
22731.0,43387.206
22732.0,43388.816
22733.0,43390.426
22734.0,43392.036
22735.0,43393.647
22736.0,43395.257
22737.0,43396.867
22738.0,43398.477
22739.0,43400.087
22740.0,43401.697
22741.0,43403.306
22742.0,43404.915
22743.0,43406.524
22744.0,43408.133
22745.0,43409.742
22746.0,43411.35
22747.0,43412.959
22748.0,43414.568
22749.0,43416.177
22750.0,43417.786
22751.0,43419.394
22752.0,43421.002
22753.0,43422.61
22754.0,43424.218
22755.0,43425.826
22756.0,43427.434
22757.0,43429.042
22758.0,43430.65
22759.0,43432.258
22760.0,43433.866
22761.0,43435.473
22762.0,43437.08
22763.0,43438.687
22764.0,43440.294
22765.0,43441.902
22766.0,43443.509
22767.0,43445.116
22768.0,43446.723
22769.0,43448.33
22770.0,43449.937
22771.0,43451.543
22772.0,43453.149
22773.0,43454.756
22774.0,43456.362
22775.0,43457.968
22776.0,43459.574
22777.0,43461.18
22778.0,43462.787
22779.0,43464.393
22780.0,43465.999
22781.0,43467.604
22782.0,43469.209
22783.0,43470.814
22784.0,43472.419
22785.0,43474.024
22786.0,43475.628
22787.0,43477.233
22788.0,43478.838
22789.0,43480.443
22790.0,43482.048
22791.0,43483.652
22792.0,43485.256
22793.0,43486.86
22794.0,43488.464
22795.0,43490.069
22796.0,43491.673
22797.0,43493.277
22798.0,43494.881
22799.0,43496.485
22800.0,43498.089
22801.0,43499.692
22802.0,43501.295
22803.0,43502.899
22804.0,43504.502
22805.0,43506.105
22806.0,43507.708
22807.0,43509.311
22808.0,43510.915
22809.0,43512.518
22810.0,43514.121
22811.0,43515.723
22812.0,43517.325
22813.0,43518.927
22814.0,43520.529
22815.0,43522.132
22816.0,43523.734
22817.0,43525.336
22818.0,43526.938
22819.0,43528.54
22820.0,43530.142
22821.0,43531.743
22822.0,43533.344
22823.0,43534.945
22824.0,43536.546
22825.0,43538.147
22826.0,43539.748
22827.0,43541.349
22828.0,43542.95
22829.0,43544.551
22830.0,43546.152
22831.0,43547.752
22832.0,43549.352
22833.0,43550.953
22834.0,43552.553
22835.0,43554.153
22836.0,43555.753
22837.0,43557.353
22838.0,43558.954
22839.0,43560.554
22840.0,43562.154
22841.0,43563.753
22842.0,43565.352
22843.0,43566.952
22844.0,43568.551
22845.0,43570.15
22846.0,43571.749
22847.0,43573.348
22848.0,43574.948
22849.0,43576.547
22850.0,43578.146
22851.0,43579.744
22852.0,43581.342
22853.0,43582.94
22854.0,43584.538
22855.0,43586.137
22856.0,43587.735
22857.0,43589.333
22858.0,43590.931
22859.0,43592.529
22860.0,43594.127
22861.0,43595.724
22862.0,43597.321
22863.0,43598.918
22864.0,43600.515
22865.0,43602.113
22866.0,43603.71
22867.0,43605.307
22868.0,43606.904
22869.0,43608.501
22870.0,43610.098
22871.0,43611.694
22872.0,43613.29
22873.0,43614.887
22874.0,43616.483
22875.0,43618.079
22876.0,43619.675
22877.0,43621.271
22878.0,43622.868
22879.0,43624.464
22880.0,43626.06
22881.0,43627.655
22882.0,43629.25
22883.0,43630.846
22884.0,43632.441
22885.0,43634.036
22886.0,43635.631
22887.0,43637.226
22888.0,43638.822
22889.0,43640.417
22890.0,43642.012
22891.0,43643.606
22892.0,43645.2
22893.0,43646.795
22894.0,43648.389
22895.0,43649.983
22896.0,43651.577
22897.0,43653.171
22898.0,43654.766
22899.0,43656.36
22900.0,43657.954
22901.0,43659.547
22902.0,43661.14
22903.0,43662.733
22904.0,43664.326
22905.0,43665.92
22906.0,43667.513
22907.0,43669.106
22908.0,43670.699
22909.0,43672.292
22910.0,43673.885
22911.0,43675.477
22912.0,43677.069
22913.0,43678.662
22914.0,43680.254
22915.0,43681.846
22916.0,43683.438
22917.0,43685.03
22918.0,43686.623
22919.0,43688.215
22920.0,43689.807
22921.0,43691.398
22922.0,43692.99
22923.0,43694.581
22924.0,43696.172
22925.0,43697.764
22926.0,43699.355
22927.0,43700.946
22928.0,43702.537
22929.0,43704.129
22930.0,43705.72
22931.0,43707.31
22932.0,43708.901
22933.0,43710.491
22934.0,43712.081
22935.0,43713.672
22936.0,43715.262
22937.0,43716.852
22938.0,43718.442
22939.0,43720.033
22940.0,43721.623
22941.0,43723.212
22942.0,43724.801
22943.0,43726.39
22944.0,43727.979
22945.0,43729.569
22946.0,43731.158
22947.0,43732.747
22948.0,43734.336
22949.0,43735.925
22950.0,43737.514
22951.0,43739.102
22952.0,43740.691
22953.0,43742.279
22954.0,43743.867
22955.0,43745.456
22956.0,43747.044
22957.0,43748.632
22958.0,43750.22
22959.0,43751.809
22960.0,43753.397
22961.0,43754.984
22962.0,43756.572
22963.0,43758.159
22964.0,43759.746
22965.0,43761.334
22966.0,43762.921
22967.0,43764.508
22968.0,43766.095
22969.0,43767.683
22970.0,43769.27
22971.0,43770.856
22972.0,43772.443
22973.0,43774.029
22974.0,43775.615
22975.0,43777.202
22976.0,43778.788
22977.0,43780.374
22978.0,43781.96
22979.0,43783.547
22980.0,43785.133
22981.0,43786.718
22982.0,43788.303
22983.0,43789.888
22984.0,43791.473
22985.0,43793.059
22986.0,43794.644
22987.0,43796.229
22988.0,43797.814
22989.0,43799.399
22990.0,43800.984
22991.0,43802.568
22992.0,43804.153
22993.0,43805.737
22994.0,43807.322
22995.0,43808.906
22996.0,43810.49
22997.0,43812.075
22998.0,43813.659
22999.0,43815.244
23000.0,43816.828
23001.0,43818.411
23002.0,43819.995
23003.0,43821.578
23004.0,43823.161
23005.0,43824.745
23006.0,43826.328
23007.0,43827.911
23008.0,43829.494
23009.0,43831.078
23010.0,43832.661
23011.0,43834.243
23012.0,43835.826
23013.0,43837.408
23014.0,43838.991
23015.0,43840.573
23016.0,43842.155
23017.0,43843.738
23018.0,43845.32
23019.0,43846.903
23020.0,43848.485
23021.0,43850.066
23022.0,43851.647
23023.0,43853.229
23024.0,43854.81
23025.0,43856.391
23026.0,43857.972
23027.0,43859.553
23028.0,43861.135
23029.0,43862.716
23030.0,43864.297
23031.0,43865.877
23032.0,43867.458
23033.0,43869.038
23034.0,43870.618
23035.0,43872.199
23036.0,43873.779
23037.0,43875.359
23038.0,43876.939
23039.0,43878.52
23040.0,43880.1
23041.0,43881.679
23042.0,43883.259
23043.0,43884.838
23044.0,43886.418
23045.0,43887.997
23046.0,43889.576
23047.0,43891.156
23048.0,43892.735
23049.0,43894.315
23050.0,43895.894
23051.0,43897.472
23052.0,43899.051
23053.0,43900.629
23054.0,43902.208
23055.0,43903.786
23056.0,43905.364
23057.0,43906.943
23058.0,43908.521
23059.0,43910.1
23060.0,43911.678
23061.0,43913.255
23062.0,43914.832
23063.0,43916.41
23064.0,43917.987
23065.0,43919.564
23066.0,43921.141
23067.0,43922.718
23068.0,43924.296
23069.0,43925.873
23070.0,43927.45
23071.0,43929.027
23072.0,43930.603
23073.0,43932.18
23074.0,43933.756
23075.0,43935.333
23076.0,43936.909
23077.0,43938.486
23078.0,43940.062
23079.0,43941.639
23080.0,43943.215
23081.0,43944.79
23082.0,43946.366
23083.0,43947.941
23084.0,43949.517
23085.0,43951.092
23086.0,43952.667
23087.0,43954.243
23088.0,43955.818
23089.0,43957.394
23090.0,43958.969
23091.0,43960.543
23092.0,43962.118
23093.0,43963.692
23094.0,43965.267
23095.0,43966.841
23096.0,43968.415
23097.0,43969.99
23098.0,43971.564
23099.0,43973.139
23100.0,43974.713
23101.0,43976.286
23102.0,43977.86
23103.0,43979.433
23104.0,43981.006
23105.0,43982.58
23106.0,43984.153
23107.0,43985.726
23108.0,43987.299
23109.0,43988.873
23110.0,43990.446
23111.0,43992.019
23112.0,43993.591
23113.0,43995.164
23114.0,43996.736
23115.0,43998.309
23116.0,43999.881
23117.0,44001.454
23118.0,44003.026
23119.0,44004.599
23120.0,44006.171
23121.0,44007.742
23122.0,44009.314
23123.0,44010.885
23124.0,44012.457
23125.0,44014.028
23126.0,44015.599
23127.0,44017.171
23128.0,44018.742
23129.0,44020.314
23130.0,44021.885
23131.0,44023.456
23132.0,44025.026
23133.0,44026.597
23134.0,44028.167
23135.0,44029.738
23136.0,44031.308
23137.0,44032.879
23138.0,44034.449
23139.0,44036.02
23140.0,44037.59
23141.0,44039.159
23142.0,44040.729
23143.0,44042.298
23144.0,44043.867
23145.0,44045.437
23146.0,44047.006
23147.0,44048.575
23148.0,44050.144
23149.0,44051.714
23150.0,44053.283
23151.0,44054.852
23152.0,44056.42
23153.0,44057.989
23154.0,44059.557
23155.0,44061.126
23156.0,44062.694
23157.0,44064.263
23158.0,44065.831
23159.0,44067.4
23160.0,44068.968
23161.0,44070.536
23162.0,44072.103
23163.0,44073.671
23164.0,44075.238
23165.0,44076.806
23166.0,44078.373
23167.0,44079.941
23168.0,44081.508
23169.0,44083.076
23170.0,44084.643
23171.0,44086.21
23172.0,44087.776
23173.0,44089.343
23174.0,44090.909
23175.0,44092.476
23176.0,44094.042
23177.0,44095.609
23178.0,44097.175
23179.0,44098.742
23180.0,44100.308
23181.0,44101.874
23182.0,44103.439
23183.0,44105.005
23184.0,44106.57
23185.0,44108.136
23186.0,44109.702
23187.0,44111.267
23188.0,44112.833
23189.0,44114.398
23190.0,44115.964
23191.0,44117.528
23192.0,44119.093
23193.0,44120.657
23194.0,44122.221
23195.0,44123.786
23196.0,44125.35
23197.0,44126.914
23198.0,44128.478
23199.0,44130.043
23200.0,44131.607
23201.0,44133.171
23202.0,44134.734
23203.0,44136.298
23204.0,44137.861
23205.0,44139.425
23206.0,44140.989
23207.0,44142.552
23208.0,44144.116
23209.0,44145.679
23210.0,44147.243
23211.0,44148.806
23212.0,44150.368
23213.0,44151.931
23214.0,44153.493
23215.0,44155.056
23216.0,44156.618
23217.0,44158.181
23218.0,44159.743
23219.0,44161.306
23220.0,44162.868
23221.0,44164.43
23222.0,44165.991
23223.0,44167.553
23224.0,44169.114
23225.0,44170.676
23226.0,44172.238
23227.0,44173.799
23228.0,44175.361
23229.0,44176.922
23230.0,44178.484
23231.0,44180.044
23232.0,44181.605
23233.0,44183.165
23234.0,44184.726
23235.0,44186.286
23236.0,44187.846
23237.0,44189.407
23238.0,44190.967
23239.0,44192.528
23240.0,44194.088
23241.0,44195.648
23242.0,44197.207
23243.0,44198.767
23244.0,44200.326
23245.0,44201.886
23246.0,44203.446
23247.0,44205.005
23248.0,44206.565
23249.0,44208.124
23250.0,44209.684
23251.0,44211.243
23252.0,44212.801
23253.0,44214.36
23254.0,44215.918
23255.0,44217.477
23256.0,44219.036
23257.0,44220.594
23258.0,44222.153
23259.0,44223.711
23260.0,44225.27
23261.0,44226.828
23262.0,44228.385
23263.0,44229.943
23264.0,44231.5
23265.0,44233.058
23266.0,44234.616
23267.0,44236.173
23268.0,44237.731
23269.0,44239.288
23270.0,44240.846
23271.0,44242.402
23272.0,44243.959
23273.0,44245.515
23274.0,44247.072
23275.0,44248.628
23276.0,44250.184
23277.0,44251.741
23278.0,44253.297
23279.0,44254.854
23280.0,44256.41
23281.0,44257.966
23282.0,44259.521
23283.0,44261.077
23284.0,44262.633
23285.0,44264.189
23286.0,44265.744
23287.0,44267.3
23288.0,44268.856
23289.0,44270.411
23290.0,44271.967
23291.0,44273.522
23292.0,44275.076
23293.0,44276.631
23294.0,44278.185
23295.0,44279.74
23296.0,44281.295
23297.0,44282.849
23298.0,44284.404
23299.0,44285.958
23300.0,44287.513
23301.0,44289.067
23302.0,44290.62
23303.0,44292.174
23304.0,44293.728
23305.0,44295.282
23306.0,44296.835
23307.0,44298.389
23308.0,44299.943
23309.0,44301.496
23310.0,44303.05
23311.0,44304.603
23312.0,44306.155
23313.0,44307.708
23314.0,44309.26
23315.0,44310.813
23316.0,44312.365
23317.0,44313.918
23318.0,44315.47
23319.0,44317.023
23320.0,44318.575
23321.0,44320.127
23322.0,44321.678
23323.0,44323.23
23324.0,44324.781
23325.0,44326.333
23326.0,44327.885
23327.0,44329.436
23328.0,44330.988
23329.0,44332.539
23330.0,44334.091
23331.0,44335.642
23332.0,44337.192
23333.0,44338.743
23334.0,44340.294
23335.0,44341.845
23336.0,44343.395
23337.0,44344.946
23338.0,44346.497
23339.0,44348.047
23340.0,44349.598
23341.0,44351.148
23342.0,44352.697
23343.0,44354.247
23344.0,44355.797
23345.0,44357.347
23346.0,44358.896
23347.0,44360.446
23348.0,44361.996
23349.0,44363.545
23350.0,44365.095
23351.0,44366.644
23352.0,44368.192
23353.0,44369.741
23354.0,44371.289
23355.0,44372.838
23356.0,44374.386
23357.0,44375.935
23358.0,44377.483
23359.0,44379.032
23360.0,44380.58
23361.0,44382.128
23362.0,44383.675
23363.0,44385.223
23364.0,44386.771
23365.0,44388.319
23366.0,44389.866
23367.0,44391.414
23368.0,44392.962
23369.0,44394.509
23370.0,44396.057
23371.0,44397.604
23372.0,44399.151
23373.0,44400.697
23374.0,44402.244
23375.0,44403.791
23376.0,44405.338
23377.0,44406.885
23378.0,44408.431
23379.0,44409.978
23380.0,44411.525
23381.0,44413.071
23382.0,44414.616
23383.0,44416.162
23384.0,44417.708
23385.0,44419.254
23386.0,44420.799
23387.0,44422.345
23388.0,44423.891
23389.0,44425.436
23390.0,44426.982
23391.0,44428.527
23392.0,44430.071
23393.0,44431.616
23394.0,44433.16
23395.0,44434.705
23396.0,44436.25
23397.0,44437.794
23398.0,44439.339
23399.0,44440.883
23400.0,44442.428
23401.0,44443.972
23402.0,44445.515
23403.0,44447.059
23404.0,44448.603
23405.0,44450.147
23406.0,44451.69
23407.0,44453.234
23408.0,44454.778
23409.0,44456.321
23410.0,44457.865
23411.0,44459.408
23412.0,44460.951
23413.0,44462.493
23414.0,44464.036
23415.0,44465.579
23416.0,44467.122
23417.0,44468.665
23418.0,44470.207
23419.0,44471.75
23420.0,44473.293
23421.0,44474.835
23422.0,44476.377
23423.0,44477.918
23424.0,44479.46
23425.0,44481.002
23426.0,44482.544
23427.0,44484.086
23428.0,44485.627
23429.0,44487.169
23430.0,44488.711
23431.0,44490.252
23432.0,44491.792
23433.0,44493.333
23434.0,44494.873
23435.0,44496.414
23436.0,44497.955
23437.0,44499.495
23438.0,44501.036
23439.0,44502.576
23440.0,44504.117
23441.0,44505.657
23442.0,44507.197
23443.0,44508.736
23444.0,44510.276
23445.0,44511.816
23446.0,44513.356
23447.0,44514.896
23448.0,44516.435
23449.0,44517.975
23450.0,44519.515
23451.0,44521.054
23452.0,44522.593
23453.0,44524.131
23454.0,44525.67
23455.0,44527.209
23456.0,44528.748
23457.0,44530.287
23458.0,44531.825
23459.0,44533.364
23460.0,44534.903
23461.0,44536.441
23462.0,44537.979
23463.0,44539.516
23464.0,44541.054
23465.0,44542.592
23466.0,44544.13
23467.0,44545.668
23468.0,44547.205
23469.0,44548.743
23470.0,44550.281
23471.0,44551.818
23472.0,44553.354
23473.0,44554.891
23474.0,44556.427
23475.0,44557.964
23476.0,44559.501
23477.0,44561.037
23478.0,44562.574
23479.0,44564.11
23480.0,44565.647
23481.0,44567.183
23482.0,44568.719
23483.0,44570.255
23484.0,44571.791
23485.0,44573.327
23486.0,44574.862
23487.0,44576.398
23488.0,44577.934
23489.0,44579.47
23490.0,44581.006
23491.0,44582.541
23492.0,44584.076
23493.0,44585.61
23494.0,44587.145
23495.0,44588.68
23496.0,44590.215
23497.0,44591.75
23498.0,44593.284
23499.0,44594.819
23500.0,44596.354
23501.0,44597.888
23502.0,44599.422
23503.0,44600.956
23504.0,44602.49
23505.0,44604.024
23506.0,44605.557
23507.0,44607.091
23508.0,44608.625
23509.0,44610.159
23510.0,44611.693
23511.0,44613.226
23512.0,44614.758
23513.0,44616.291
23514.0,44617.824
23515.0,44619.357
23516.0,44620.889
23517.0,44622.422
23518.0,44623.955
23519.0,44625.487
23520.0,44627.02
23521.0,44628.552
23522.0,44630.084
23523.0,44631.615
23524.0,44633.147
23525.0,44634.679
23526.0,44636.211
23527.0,44637.743
23528.0,44639.274
23529.0,44640.806
23530.0,44642.338
23531.0,44643.869
23532.0,44645.4
23533.0,44646.931
23534.0,44648.462
23535.0,44649.993
23536.0,44651.523
23537.0,44653.054
23538.0,44654.585
23539.0,44656.116
23540.0,44657.647
23541.0,44659.177
23542.0,44660.707
23543.0,44662.237
23544.0,44663.767
23545.0,44665.297
23546.0,44666.826
23547.0,44668.356
23548.0,44669.886
23549.0,44671.416
23550.0,44672.946
23551.0,44674.475
23552.0,44676.003
23553.0,44677.532
23554.0,44679.061
23555.0,44680.59
23556.0,44682.118
23557.0,44683.647
23558.0,44685.176
23559.0,44686.704
23560.0,44688.233
23561.0,44689.761
23562.0,44691.289
23563.0,44692.817
23564.0,44694.345
23565.0,44695.873
23566.0,44697.401
23567.0,44698.929
23568.0,44700.457
23569.0,44701.985
23570.0,44703.513
23571.0,44705.04
23572.0,44706.567
23573.0,44708.094
23574.0,44709.621
23575.0,44711.148
23576.0,44712.674
23577.0,44714.201
23578.0,44715.728
23579.0,44717.255
23580.0,44718.782
23581.0,44720.308
23582.0,44721.834
23583.0,44723.36
23584.0,44724.886
23585.0,44726.412
23586.0,44727.938
23587.0,44729.464
23588.0,44730.99
23589.0,44732.516
23590.0,44734.042
23591.0,44735.567
23592.0,44737.091
23593.0,44738.616
23594.0,44740.141
23595.0,44741.666
23596.0,44743.19
23597.0,44744.715
23598.0,44746.24
23599.0,44747.764
23600.0,44749.289
23601.0,44750.813
23602.0,44752.337
23603.0,44753.861
23604.0,44755.385
23605.0,44756.909
23606.0,44758.433
23607.0,44759.957
23608.0,44761.481
23609.0,44763.005
23610.0,44764.529
23611.0,44766.052
23612.0,44767.575
23613.0,44769.098
23614.0,44770.621
23615.0,44772.144
23616.0,44773.666
23617.0,44775.189
23618.0,44776.712
23619.0,44778.235
23620.0,44779.758
23621.0,44781.28
23622.0,44782.802
23623.0,44784.324
23624.0,44785.846
23625.0,44787.368
23626.0,44788.89
23627.0,44790.412
23628.0,44791.934
23629.0,44793.456
23630.0,44794.978
23631.0,44796.499
23632.0,44798.02
23633.0,44799.54
23634.0,44801.061
23635.0,44802.582
23636.0,44804.103
23637.0,44805.624
23638.0,44807.144
23639.0,44808.665
23640.0,44810.186
23641.0,44811.706
23642.0,44813.226
23643.0,44814.746
23644.0,44816.266
23645.0,44817.786
23646.0,44819.306
23647.0,44820.826
23648.0,44822.346
23649.0,44823.866
23650.0,44825.386
23651.0,44826.905
23652.0,44828.424
23653.0,44829.943
23654.0,44831.462
23655.0,44832.981
23656.0,44834.5
23657.0,44836.019
23658.0,44837.538
23659.0,44839.057
23660.0,44840.576
23661.0,44842.094
23662.0,44843.612
23663.0,44845.13
23664.0,44846.648
23665.0,44848.167
23666.0,44849.685
23667.0,44851.203
23668.0,44852.721
23669.0,44854.239
23670.0,44855.757
23671.0,44857.274
23672.0,44858.791
23673.0,44860.307
23674.0,44861.824
23675.0,44863.341
23676.0,44864.858
23677.0,44866.375
23678.0,44867.891
23679.0,44869.408
23680.0,44870.925
23681.0,44872.441
23682.0,44873.957
23683.0,44875.473
23684.0,44876.989
23685.0,44878.505
23686.0,44880.021
23687.0,44881.537
23688.0,44883.053
23689.0,44884.569
23690.0,44886.085
23691.0,44887.6
23692.0,44889.115
23693.0,44890.63
23694.0,44892.145
23695.0,44893.661
23696.0,44895.176
23697.0,44896.691
23698.0,44898.206
23699.0,44899.721
23700.0,44901.236
23701.0,44902.75
23702.0,44904.264
23703.0,44905.778
23704.0,44907.292
23705.0,44908.807
23706.0,44910.321
23707.0,44911.835
23708.0,44913.349
23709.0,44914.863
23710.0,44916.377
23711.0,44917.89
23712.0,44919.403
23713.0,44920.915
23714.0,44922.428
23715.0,44923.941
23716.0,44925.454
23717.0,44926.967
23718.0,44928.479
23719.0,44929.992
23720.0,44931.505
23721.0,44933.017
23722.0,44934.529
23723.0,44936.041
23724.0,44937.553
23725.0,44939.066
23726.0,44940.578
23727.0,44942.09
23728.0,44943.602
23729.0,44945.114
23730.0,44946.626
23731.0,44948.137
23732.0,44949.648
23733.0,44951.159
23734.0,44952.67
23735.0,44954.182
23736.0,44955.693
23737.0,44957.204
23738.0,44958.715
23739.0,44960.226
23740.0,44961.737
23741.0,44963.247
23742.0,44964.757
23743.0,44966.268
23744.0,44967.778
23745.0,44969.288
23746.0,44970.798
23747.0,44972.308
23748.0,44973.819
23749.0,44975.329
23750.0,44976.839
23751.0,44978.348
23752.0,44979.857
23753.0,44981.365
23754.0,44982.874
23755.0,44984.383
23756.0,44985.892
23757.0,44987.401
23758.0,44988.909
23759.0,44990.418
23760.0,44991.927
23761.0,44993.435
23762.0,44994.943
23763.0,44996.452
23764.0,44997.96
23765.0,44999.468
23766.0,45000.976
23767.0,45002.484
23768.0,45003.993
23769.0,45005.501
23770.0,45007.009
23771.0,45008.516
23772.0,45010.023
23773.0,45011.53
23774.0,45013.037
23775.0,45014.545
23776.0,45016.052
23777.0,45017.559
23778.0,45019.066
23779.0,45020.573
23780.0,45022.08
23781.0,45023.586
23782.0,45025.092
23783.0,45026.599
23784.0,45028.105
23785.0,45029.611
23786.0,45031.117
23787.0,45032.623
23788.0,45034.13
23789.0,45035.636
23790.0,45037.142
23791.0,45038.647
23792.0,45040.152
23793.0,45041.657
23794.0,45043.162
23795.0,45044.667
23796.0,45046.171
23797.0,45047.676
23798.0,45049.181
23799.0,45050.686
23800.0,45052.191
23801.0,45053.695
23802.0,45055.199
23803.0,45056.704
23804.0,45058.208
23805.0,45059.712
23806.0,45061.216
23807.0,45062.72
23808.0,45064.225
23809.0,45065.729
23810.0,45067.233
23811.0,45068.736
23812.0,45070.239
23813.0,45071.743
23814.0,45073.246
23815.0,45074.749
23816.0,45076.252
23817.0,45077.755
23818.0,45079.259
23819.0,45080.762
23820.0,45082.265
23821.0,45083.767
23822.0,45085.269
23823.0,45086.772
23824.0,45088.274
23825.0,45089.776
23826.0,45091.278
23827.0,45092.78
23828.0,45094.283
23829.0,45095.785
23830.0,45097.287
23831.0,45098.788
23832.0,45100.289
23833.0,45101.79
23834.0,45103.291
23835.0,45104.792
23836.0,45106.293
23837.0,45107.794
23838.0,45109.295
23839.0,45110.796
23840.0,45112.297
23841.0,45113.797
23842.0,45115.297
23843.0,45116.798
23844.0,45118.298
23845.0,45119.798
23846.0,45121.298
23847.0,45122.798
23848.0,45124.299
23849.0,45125.799
23850.0,45127.299
23851.0,45128.798
23852.0,45130.297
23853.0,45131.797
23854.0,45133.296
23855.0,45134.795
23856.0,45136.294
23857.0,45137.793
23858.0,45139.293
23859.0,45140.792
23860.0,45142.291
23861.0,45143.789
23862.0,45145.287
23863.0,45146.786
23864.0,45148.284
23865.0,45149.782
23866.0,45151.28
23867.0,45152.778
23868.0,45154.277
23869.0,45155.775
23870.0,45157.273
23871.0,45158.77
23872.0,45160.267
23873.0,45161.764
23874.0,45163.261
23875.0,45164.759
23876.0,45166.256
23877.0,45167.753
23878.0,45169.25
23879.0,45170.747
23880.0,45172.244
23881.0,45173.74
23882.0,45175.236
23883.0,45176.733
23884.0,45178.229
23885.0,45179.725
23886.0,45181.221
23887.0,45182.717
23888.0,45184.214
23889.0,45185.71
23890.0,45187.206
23891.0,45188.701
23892.0,45190.197
23893.0,45191.692
23894.0,45193.187
23895.0,45194.683
23896.0,45196.178
23897.0,45197.673
23898.0,45199.168
23899.0,45200.664
23900.0,45202.159
23901.0,45203.653
23902.0,45205.148
23903.0,45206.642
23904.0,45208.136
23905.0,45209.631
23906.0,45211.125
23907.0,45212.619
23908.0,45214.113
23909.0,45215.608
23910.0,45217.102
23911.0,45218.595
23912.0,45220.088
23913.0,45221.581
23914.0,45223.074
23915.0,45224.567
23916.0,45226.06
23917.0,45227.553
23918.0,45229.046
23919.0,45230.539
23920.0,45232.032
23921.0,45233.524
23922.0,45235.017
23923.0,45236.509
23924.0,45238.001
23925.0,45239.494
23926.0,45240.986
23927.0,45242.478
23928.0,45243.97
23929.0,45245.463
23930.0,45246.955
23931.0,45248.446
23932.0,45249.938
23933.0,45251.429
23934.0,45252.92
23935.0,45254.412
23936.0,45255.903
23937.0,45257.394
23938.0,45258.885
23939.0,45260.377
23940.0,45261.868
23941.0,45263.358
23942.0,45264.849
23943.0,45266.339
23944.0,45267.83
23945.0,45269.32
23946.0,45270.81
23947.0,45272.301
23948.0,45273.791
23949.0,45275.282
23950.0,45276.772
23951.0,45278.261
23952.0,45279.75
23953.0,45281.239
23954.0,45282.728
23955.0,45284.218
23956.0,45285.707
23957.0,45287.196
23958.0,45288.685
23959.0,45290.174
23960.0,45291.663
23961.0,45293.151
23962.0,45294.64
23963.0,45296.128
23964.0,45297.616
23965.0,45299.105
23966.0,45300.593
23967.0,45302.081
23968.0,45303.569
23969.0,45305.058
23970.0,45306.546
23971.0,45308.033
23972.0,45309.521
23973.0,45311.008
23974.0,45312.495
23975.0,45313.983
23976.0,45315.47
23977.0,45316.957
23978.0,45318.444
23979.0,45319.932
23980.0,45321.419
23981.0,45322.905
23982.0,45324.392
23983.0,45325.878
23984.0,45327.365
23985.0,45328.851
23986.0,45330.337
23987.0,45331.824
23988.0,45333.31
23989.0,45334.797
23990.0,45336.283
23991.0,45337.768
23992.0,45339.253
23993.0,45340.738
23994.0,45342.223
23995.0,45343.709
23996.0,45345.194
23997.0,45346.679
23998.0,45348.164
23999.0,45349.649
24000.0,45351.134
24001.0,45352.618
24002.0,45354.103
24003.0,45355.587
24004.0,45357.072
24005.0,45358.556
24006.0,45360.04
24007.0,45361.525
24008.0,45363.009
24009.0,45364.494
24010.0,45365.978
24011.0,45367.461
24012.0,45368.945
24013.0,45370.428
24014.0,45371.912
24015.0,45373.395
24016.0,45374.878
24017.0,45376.362
24018.0,45377.845
24019.0,45379.329
24020.0,45380.812
24021.0,45382.294
24022.0,45383.777
24023.0,45385.259
24024.0,45386.742
24025.0,45388.224
24026.0,45389.706
24027.0,45391.189
24028.0,45392.671
24029.0,45394.154
24030.0,45395.636
24031.0,45397.117
24032.0,45398.598
24033.0,45400.08
24034.0,45401.561
24035.0,45403.042
24036.0,45404.523
24037.0,45406.004
24038.0,45407.486
24039.0,45408.967
24040.0,45410.448
24041.0,45411.928
24042.0,45413.409
24043.0,45414.889
24044.0,45416.37
24045.0,45417.85
24046.0,45419.33
24047.0,45420.811
24048.0,45422.291
24049.0,45423.772
24050.0,45425.252
24051.0,45426.732
24052.0,45428.211
24053.0,45429.691
24054.0,45431.17
24055.0,45432.65
24056.0,45434.129
24057.0,45435.609
24058.0,45437.088
24059.0,45438.568
24060.0,45440.047
24061.0,45441.525
24062.0,45443.004
24063.0,45444.482
24064.0,45445.961
24065.0,45447.439
24066.0,45448.917
24067.0,45450.396
24068.0,45451.874
24069.0,45453.353
24070.0,45454.831
24071.0,45456.308
24072.0,45457.785
24073.0,45459.263
24074.0,45460.74
24075.0,45462.217
24076.0,45463.694
24077.0,45465.171
24078.0,45466.649
24079.0,45468.126
24080.0,45469.603
24081.0,45471.08
24082.0,45472.556
24083.0,45474.033
24084.0,45475.509
24085.0,45476.986
24086.0,45478.462
24087.0,45479.939
24088.0,45481.415
24089.0,45482.892
24090.0,45484.368
24091.0,45485.844
24092.0,45487.319
24093.0,45488.795
24094.0,45490.27
24095.0,45491.746
24096.0,45493.221
24097.0,45494.697
24098.0,45496.172
24099.0,45497.648
24100.0,45499.123
24101.0,45500.597
24102.0,45502.072
24103.0,45503.546
24104.0,45505.021
24105.0,45506.495
24106.0,45507.969
24107.0,45509.444
24108.0,45510.918
24109.0,45512.393
24110.0,45513.867
24111.0,45515.34
24112.0,45516.814
24113.0,45518.287
24114.0,45519.76
24115.0,45521.234
24116.0,45522.707
24117.0,45524.18
24118.0,45525.653
24119.0,45527.127
24120.0,45528.6
24121.0,45530.073
24122.0,45531.545
24123.0,45533.018
24124.0,45534.49
24125.0,45535.963
24126.0,45537.435
24127.0,45538.908
24128.0,45540.38
24129.0,45541.853
24130.0,45543.325
24131.0,45544.797
24132.0,45546.268
24133.0,45547.74
24134.0,45549.211
24135.0,45550.683
24136.0,45552.154
24137.0,45553.626
24138.0,45555.097
24139.0,45556.569
24140.0,45558.04
24141.0,45559.511
24142.0,45560.981
24143.0,45562.452
24144.0,45563.922
24145.0,45565.393
24146.0,45566.864
24147.0,45568.334
24148.0,45569.805
24149.0,45571.275
24150.0,45572.746
24151.0,45574.215
24152.0,45575.684
24153.0,45577.154
24154.0,45578.623
24155.0,45580.092
24156.0,45581.561
24157.0,45583.03
24158.0,45584.5
24159.0,45585.969
24160.0,45587.438
24161.0,45588.907
24162.0,45590.375
24163.0,45591.844
24164.0,45593.312
24165.0,45594.781
24166.0,45596.25
24167.0,45597.718
24168.0,45599.187
24169.0,45600.655
24170.0,45602.124
24171.0,45603.592
24172.0,45605.059
24173.0,45606.527
24174.0,45607.994
24175.0,45609.462
24176.0,45610.93
24177.0,45612.397
24178.0,45613.865
24179.0,45615.332
24180.0,45616.8
24181.0,45618.267
24182.0,45619.733
24183.0,45621.2
24184.0,45622.666
24185.0,45624.133
24186.0,45625.599
24187.0,45627.066
24188.0,45628.532
24189.0,45629.999
24190.0,45631.465
24191.0,45632.93
24192.0,45634.396
24193.0,45635.861
24194.0,45637.327
24195.0,45638.792
24196.0,45640.257
24197.0,45641.723
24198.0,45643.188
24199.0,45644.654
24200.0,45646.119
24201.0,45647.584
24202.0,45649.048
24203.0,45650.513
24204.0,45651.977
24205.0,45653.442
24206.0,45654.906
24207.0,45656.371
24208.0,45657.835
24209.0,45659.3
24210.0,45660.764
24211.0,45662.228
24212.0,45663.691
24213.0,45665.155
24214.0,45666.618
24215.0,45668.082
24216.0,45669.546
24217.0,45671.009
24218.0,45672.473
24219.0,45673.936
24220.0,45675.4
24221.0,45676.863
24222.0,45678.325
24223.0,45679.788
24224.0,45681.251
24225.0,45682.714
24226.0,45684.176
24227.0,45685.639
24228.0,45687.102
24229.0,45688.564
24230.0,45690.027
24231.0,45691.488
24232.0,45692.95
24233.0,45694.411
24234.0,45695.872
24235.0,45697.334
24236.0,45698.795
24237.0,45700.256
24238.0,45701.717
24239.0,45703.179
24240.0,45704.64
24241.0,45706.101
24242.0,45707.561
24243.0,45709.022
24244.0,45710.483
24245.0,45711.944
24246.0,45713.404
24247.0,45714.865
24248.0,45716.326
24249.0,45717.786
24250.0,45719.247
24251.0,45720.707
24252.0,45722.166
24253.0,45723.626
24254.0,45725.085
24255.0,45726.545
24256.0,45728.005
24257.0,45729.464
24258.0,45730.924
24259.0,45732.383
24260.0,45733.843
24261.0,45735.302
24262.0,45736.76
24263.0,45738.219
24264.0,45739.678
24265.0,45741.137
24266.0,45742.595
24267.0,45744.054
24268.0,45745.513
24269.0,45746.971
24270.0,45748.43
24271.0,45749.887
24272.0,45751.345
24273.0,45752.802
24274.0,45754.26
24275.0,45755.717
24276.0,45757.174
24277.0,45758.632
24278.0,45760.089
24279.0,45761.547
24280.0,45763.004
24281.0,45764.461
24282.0,45765.917
24283.0,45767.374
24284.0,45768.83
24285.0,45770.287
24286.0,45771.744
24287.0,45773.2
24288.0,45774.657
24289.0,45776.113
24290.0,45777.57
24291.0,45779.026
24292.0,45780.481
24293.0,45781.937
24294.0,45783.393
24295.0,45784.849
24296.0,45786.304
24297.0,45787.76
24298.0,45789.216
24299.0,45790.671
24300.0,45792.127
24301.0,45793.582
24302.0,45795.036
24303.0,45796.491
24304.0,45797.946
24305.0,45799.401
24306.0,45800.855
24307.0,45802.31
24308.0,45803.765
24309.0,45805.219
24310.0,45806.674
24311.0,45808.128
24312.0,45809.581
24313.0,45811.035
24314.0,45812.488
24315.0,45813.942
24316.0,45815.395
24317.0,45816.849
24318.0,45818.302
24319.0,45819.756
24320.0,45821.209
24321.0,45822.662
24322.0,45824.114
24323.0,45825.567
24324.0,45827.02
24325.0,45828.473
24326.0,45829.925
24327.0,45831.378
24328.0,45832.831
24329.0,45834.283
24330.0,45835.736
24331.0,45837.188
24332.0,45838.639
24333.0,45840.091
24334.0,45841.543
24335.0,45842.995
24336.0,45844.446
24337.0,45845.898
24338.0,45847.35
24339.0,45848.801
24340.0,45850.253
24341.0,45851.704
24342.0,45853.154
24343.0,45854.605
24344.0,45856.056
24345.0,45857.507
24346.0,45858.957
24347.0,45860.408
24348.0,45861.859
24349.0,45863.309
24350.0,45864.76
24351.0,45866.21
24352.0,45867.659
24353.0,45869.109
24354.0,45870.558
24355.0,45872.008
24356.0,45873.457
24357.0,45874.907
24358.0,45876.356
24359.0,45877.806
24360.0,45879.255
24361.0,45880.704
24362.0,45882.153
24363.0,45883.601
24364.0,45885.05
24365.0,45886.499
24366.0,45887.948
24367.0,45889.397
24368.0,45890.845
24369.0,45892.294
24370.0,45893.743
24371.0,45895.191
24372.0,45896.639
24373.0,45898.086
24374.0,45899.534
24375.0,45900.982
24376.0,45902.43
24377.0,45903.878
24378.0,45905.325
24379.0,45906.773
24380.0,45908.221
24381.0,45909.668
24382.0,45911.114
24383.0,45912.561
24384.0,45914.008
24385.0,45915.455
24386.0,45916.901
24387.0,45918.348
24388.0,45919.795
24389.0,45921.241
24390.0,45922.688
24391.0,45924.134
24392.0,45925.579
24393.0,45927.025
24394.0,45928.47
24395.0,45929.916
24396.0,45931.362
24397.0,45932.807
24398.0,45934.253
24399.0,45935.698
24400.0,45937.144
24401.0,45938.589
24402.0,45940.034
24403.0,45941.478
24404.0,45942.923
24405.0,45944.368
24406.0,45945.813
24407.0,45947.258
24408.0,45948.702
24409.0,45950.147
24410.0,45951.592
24411.0,45953.036
24412.0,45954.48
24413.0,45955.923
24414.0,45957.367
24415.0,45958.811
24416.0,45960.255
24417.0,45961.699
24418.0,45963.142
24419.0,45964.586
24420.0,45966.03
24421.0,45967.473
24422.0,45968.916
24423.0,45970.358
24424.0,45971.801
24425.0,45973.244
24426.0,45974.687
24427.0,45976.13
24428.0,45977.572
24429.0,45979.015
24430.0,45980.458
24431.0,45981.9
24432.0,45983.341
24433.0,45984.783
24434.0,45986.224
24435.0,45987.666
24436.0,45989.108
24437.0,45990.549
24438.0,45991.991
24439.0,45993.432
24440.0,45994.874
24441.0,45996.315
24442.0,45997.756
24443.0,45999.196
24444.0,46000.637
24445.0,46002.078
24446.0,46003.519
24447.0,46004.96
24448.0,46006.4
24449.0,46007.841
24450.0,46009.282
24451.0,46010.722
24452.0,46012.162
24453.0,46013.601
24454.0,46015.041
24455.0,46016.481
24456.0,46017.921
24457.0,46019.361
24458.0,46020.8
24459.0,46022.24
24460.0,46023.68
24461.0,46025.119
24462.0,46026.558
24463.0,46027.997
24464.0,46029.436
24465.0,46030.875
24466.0,46032.313
24467.0,46033.752
24468.0,46035.191
24469.0,46036.63
24470.0,46038.069
24471.0,46039.507
24472.0,46040.944
24473.0,46042.382
24474.0,46043.819
24475.0,46045.257
24476.0,46046.695
24477.0,46048.132
24478.0,46049.57
24479.0,46051.007
24480.0,46052.445
24481.0,46053.882
24482.0,46055.319
24483.0,46056.756
24484.0,46058.193
24485.0,46059.63
24486.0,46061.066
24487.0,46062.503
24488.0,46063.94
24489.0,46065.377
24490.0,46066.814
24491.0,46068.25
24492.0,46069.686
24493.0,46071.122
24494.0,46072.558
24495.0,46073.994
24496.0,46075.429
24497.0,46076.865
24498.0,46078.301
24499.0,46079.737
24500.0,46081.173
24501.0,46082.608
24502.0,46084.043
24503.0,46085.478
24504.0,46086.913
24505.0,46088.348
24506.0,46089.782
24507.0,46091.217
24508.0,46092.652
24509.0,46094.087
24510.0,46095.522
24511.0,46096.956
24512.0,46098.389
24513.0,46099.823
24514.0,46101.256
24515.0,46102.69
24516.0,46104.124
24517.0,46105.557
24518.0,46106.991
24519.0,46108.424
24520.0,46109.858
24521.0,46111.291
24522.0,46112.724
24523.0,46114.157
24524.0,46115.59
24525.0,46117.023
24526.0,46118.456
24527.0,46119.889
24528.0,46121.322
24529.0,46122.755
24530.0,46124.188
24531.0,46125.62
24532.0,46127.052
24533.0,46128.484
24534.0,46129.916
24535.0,46131.348
24536.0,46132.779
24537.0,46134.211
24538.0,46135.643
24539.0,46137.075
24540.0,46138.507
24541.0,46139.938
24542.0,46141.369
24543.0,46142.8
24544.0,46144.231
24545.0,46145.662
24546.0,46147.092
24547.0,46148.523
24548.0,46149.954
24549.0,46151.385
24550.0,46152.816
24551.0,46154.246
24552.0,46155.675
24553.0,46157.105
24554.0,46158.535
24555.0,46159.965
24556.0,46161.394
24557.0,46162.824
24558.0,46164.254
24559.0,46165.683
24560.0,46167.113
24561.0,46168.542
24562.0,46169.971
24563.0,46171.4
24564.0,46172.829
24565.0,46174.258
24566.0,46175.687
24567.0,46177.116
24568.0,46178.545
24569.0,46179.974
24570.0,46181.403
24571.0,46182.831
24572.0,46184.259
24573.0,46185.687
24574.0,46187.115
24575.0,46188.543
24576.0,46189.971
24577.0,46191.399
24578.0,46192.827
24579.0,46194.255
24580.0,46195.683
24581.0,46197.11
24582.0,46198.537
24583.0,46199.964
24584.0,46201.391
24585.0,46202.818
24586.0,46204.244
24587.0,46205.671
24588.0,46207.098
24589.0,46208.525
24590.0,46209.952
24591.0,46211.378
24592.0,46212.804
24593.0,46214.229
24594.0,46215.655
24595.0,46217.081
24596.0,46218.507
24597.0,46219.933
24598.0,46221.358
24599.0,46222.784
24600.0,46224.21
24601.0,46225.635
24602.0,46227.06
24603.0,46228.485
24604.0,46229.91
24605.0,46231.335
24606.0,46232.76
24607.0,46234.185
24608.0,46235.61
24609.0,46237.035
24610.0,46238.46
24611.0,46239.884
24612.0,46241.308
24613.0,46242.732
24614.0,46244.156
24615.0,46245.58
24616.0,46247.004
24617.0,46248.428
24618.0,46249.852
24619.0,46251.276
24620.0,46252.7
24621.0,46254.123
24622.0,46255.546
24623.0,46256.969
24624.0,46258.392
24625.0,46259.815
24626.0,46261.238
24627.0,46262.661
24628.0,46264.084
24629.0,46265.507
24630.0,46266.93
24631.0,46268.352
24632.0,46269.774
24633.0,46271.195
24634.0,46272.617
24635.0,46274.039
24636.0,46275.461
24637.0,46276.883
24638.0,46278.304
24639.0,46279.726
24640.0,46281.148
24641.0,46282.569
24642.0,46283.99
24643.0,46285.411
24644.0,46286.832
24645.0,46288.253
24646.0,46289.674
24647.0,46291.095
24648.0,46292.516
24649.0,46293.937
24650.0,46295.358
24651.0,46296.778
24652.0,46298.198
24653.0,46299.618
24654.0,46301.038
24655.0,46302.459
24656.0,46303.879
24657.0,46305.299
24658.0,46306.719
24659.0,46308.139
24660.0,46309.559
24661.0,46310.978
24662.0,46312.397
24663.0,46313.816
24664.0,46315.235
24665.0,46316.654
24666.0,46318.073
24667.0,46319.492
24668.0,46320.911
24669.0,46322.33
24670.0,46323.749
24671.0,46325.167
24672.0,46326.585
24673.0,46328.002
24674.0,46329.42
24675.0,46330.838
24676.0,46332.256
24677.0,46333.674
24678.0,46335.091
24679.0,46336.509
24680.0,46337.927
24681.0,46339.344
24682.0,46340.761
24683.0,46342.178
24684.0,46343.595
24685.0,46345.013
24686.0,46346.43
24687.0,46347.847
24688.0,46349.264
24689.0,46350.681
24690.0,46352.098
24691.0,46353.514
24692.0,46354.93
24693.0,46356.346
24694.0,46357.762
24695.0,46359.179
24696.0,46360.595
24697.0,46362.011
24698.0,46363.427
24699.0,46364.843
24700.0,46366.259
24701.0,46367.674
24702.0,46369.089
24703.0,46370.504
24704.0,46371.919
24705.0,46373.335
24706.0,46374.75
24707.0,46376.165
24708.0,46377.58
24709.0,46378.995
24710.0,46380.41
24711.0,46381.824
24712.0,46383.238
24713.0,46384.652
24714.0,46386.066
24715.0,46387.48
24716.0,46388.893
24717.0,46390.307
24718.0,46391.721
24719.0,46393.135
24720.0,46394.549
24721.0,46395.962
24722.0,46397.375
24723.0,46398.788
24724.0,46400.201
24725.0,46401.615
24726.0,46403.028
24727.0,46404.441
24728.0,46405.854
24729.0,46407.267
24730.0,46408.68
24731.0,46410.092
24732.0,46411.504
24733.0,46412.917
24734.0,46414.329
24735.0,46415.741
24736.0,46417.153
24737.0,46418.565
24738.0,46419.978
24739.0,46421.39
24740.0,46422.802
24741.0,46424.213
24742.0,46425.624
24743.0,46427.035
24744.0,46428.446
24745.0,46429.858
24746.0,46431.269
24747.0,46432.68
24748.0,46434.091
24749.0,46435.502
24750.0,46436.913
24751.0,46438.323
24752.0,46439.733
24753.0,46441.143
24754.0,46442.553
24755.0,46443.963
24756.0,46445.372
24757.0,46446.782
24758.0,46448.192
24759.0,46449.602
24760.0,46451.012
24761.0,46452.421
24762.0,46453.83
24763.0,46455.24
24764.0,46456.649
24765.0,46458.058
24766.0,46459.467
24767.0,46460.876
24768.0,46462.286
24769.0,46463.695
24770.0,46465.104
24771.0,46466.512
24772.0,46467.92
24773.0,46469.328
24774.0,46470.736
24775.0,46472.145
24776.0,46473.553
24777.0,46474.961
24778.0,46476.369
24779.0,46477.777
24780.0,46479.185
24781.0,46480.592
24782.0,46481.999
24783.0,46483.407
24784.0,46484.814
24785.0,46486.221
24786.0,46487.628
24787.0,46489.035
24788.0,46490.443
24789.0,46491.85
24790.0,46493.257
24791.0,46494.663
24792.0,46496.069
24793.0,46497.475
24794.0,46498.881
24795.0,46500.287
24796.0,46501.693
24797.0,46503.099
24798.0,46504.505
24799.0,46505.911
24800.0,46507.317
24801.0,46508.722
24802.0,46510.127
24803.0,46511.533
24804.0,46512.938
24805.0,46514.343
24806.0,46515.748
24807.0,46517.153
24808.0,46518.559
24809.0,46519.964
24810.0,46521.369
24811.0,46522.773
24812.0,46524.177
24813.0,46525.582
24814.0,46526.986
24815.0,46528.39
24816.0,46529.794
24817.0,46531.198
24818.0,46532.603
24819.0,46534.007
24820.0,46535.411
24821.0,46536.814
24822.0,46538.217
24823.0,46539.621
24824.0,46541.024
24825.0,46542.427
24826.0,46543.83
24827.0,46545.233
24828.0,46546.637
24829.0,46548.04
24830.0,46549.443
24831.0,46550.845
24832.0,46552.247
24833.0,46553.649
24834.0,46555.051
24835.0,46556.453
24836.0,46557.855
24837.0,46559.257
24838.0,46560.659
24839.0,46562.061
24840.0,46563.463
24841.0,46564.864
24842.0,46566.265
24843.0,46567.667
24844.0,46569.068
24845.0,46570.469
24846.0,46571.87
24847.0,46573.271
24848.0,46574.673
24849.0,46576.074
24850.0,46577.475
24851.0,46578.875
24852.0,46580.276
24853.0,46581.676
24854.0,46583.076
24855.0,46584.477
24856.0,46585.877
24857.0,46587.277
24858.0,46588.677
24859.0,46590.078
24860.0,46591.478
24861.0,46592.877
24862.0,46594.277
24863.0,46595.676
24864.0,46597.075
24865.0,46598.475
24866.0,46599.874
24867.0,46601.273
24868.0,46602.672
24869.0,46604.072
24870.0,46605.471
24871.0,46606.869
24872.0,46608.267
24873.0,46609.665
24874.0,46611.063
24875.0,46612.461
24876.0,46613.859
24877.0,46615.257
24878.0,46616.655
24879.0,46618.053
24880.0,46619.451
24881.0,46620.848
24882.0,46622.246
24883.0,46623.643
24884.0,46625.04
24885.0,46626.438
24886.0,46627.835
24887.0,46629.232
24888.0,46630.629
24889.0,46632.027
24890.0,46633.424
24891.0,46634.82
24892.0,46636.217
24893.0,46637.613
24894.0,46639.009
24895.0,46640.406
24896.0,46641.802
24897.0,46643.198
24898.0,46644.594
24899.0,46645.991
24900.0,46647.387
24901.0,46648.782
24902.0,46650.178
24903.0,46651.573
24904.0,46652.968
24905.0,46654.364
24906.0,46655.759
24907.0,46657.154
24908.0,46658.549
24909.0,46659.945
24910.0,46661.34
24911.0,46662.734
24912.0,46664.128
24913.0,46665.522
24914.0,46666.916
24915.0,46668.31
24916.0,46669.704
24917.0,46671.098
24918.0,46672.492
24919.0,46673.886
24920.0,46675.28
24921.0,46676.673
24922.0,46678.067
24923.0,46679.46
24924.0,46680.854
24925.0,46682.247
24926.0,46683.64
24927.0,46685.034
24928.0,46686.427
24929.0,46687.821
24930.0,46689.214
24931.0,46690.606
24932.0,46691.999
24933.0,46693.391
24934.0,46694.783
24935.0,46696.176
24936.0,46697.568
24937.0,46698.96
24938.0,46700.352
24939.0,46701.745
24940.0,46703.137
24941.0,46704.528
24942.0,46705.92
24943.0,46707.311
24944.0,46708.703
24945.0,46710.094
24946.0,46711.485
24947.0,46712.877
24948.0,46714.268
24949.0,46715.66
24950.0,46717.051
24951.0,46718.441
24952.0,46719.831
24953.0,46721.221
24954.0,46722.611
24955.0,46724.002
24956.0,46725.392
24957.0,46726.782
24958.0,46728.172
24959.0,46729.562
24960.0,46730.952
24961.0,46732.341
24962.0,46733.731
24963.0,46735.12
24964.0,46736.509
24965.0,46737.899
24966.0,46739.288
24967.0,46740.677
24968.0,46742.066
24969.0,46743.456
24970.0,46744.845
24971.0,46746.233
24972.0,46747.622
24973.0,46749.01
24974.0,46750.399
24975.0,46751.787
24976.0,46753.175
24977.0,46754.564
24978.0,46755.952
24979.0,46757.341
24980.0,46758.729
24981.0,46760.116
24982.0,46761.504
24983.0,46762.891
24984.0,46764.279
24985.0,46765.666
24986.0,46767.053
24987.0,46768.441
24988.0,46769.828
24989.0,46771.216
24990.0,46772.603
24991.0,46773.989
24992.0,46775.376
24993.0,46776.762
24994.0,46778.149
24995.0,46779.535
24996.0,46780.921
24997.0,46782.308
24998.0,46783.694
24999.0,46785.081
25000.0,46786.467
25001.0,46787.852
25002.0,46789.237
25003.0,46790.623
25004.0,46792.008
25005.0,46793.393
25006.0,46794.778
25007.0,46796.163
25008.0,46797.549
25009.0,46798.934
25010.0,46800.319
25011.0,46801.703
25012.0,46803.088
25013.0,46804.472
25014.0,46805.857
25015.0,46807.241
25016.0,46808.625
25017.0,46810.01
25018.0,46811.394
25019.0,46812.779
25020.0,46814.163
25021.0,46815.546
25022.0,46816.93
25023.0,46818.313
25024.0,46819.697
25025.0,46821.08
25026.0,46822.463
25027.0,46823.847
25028.0,46825.23
25029.0,46826.614
25030.0,46827.997
25031.0,46829.38
25032.0,46830.762
25033.0,46832.145
25034.0,46833.527
25035.0,46834.91
25036.0,46836.292
25037.0,46837.675
25038.0,46839.057
25039.0,46840.44
25040.0,46841.822
25041.0,46843.203
25042.0,46844.584
25043.0,46845.965
25044.0,46847.346
25045.0,46848.728
25046.0,46850.109
25047.0,46851.49
25048.0,46852.871
25049.0,46854.252
25050.0,46855.633
25051.0,46857.014
25052.0,46858.394
25053.0,46859.775
25054.0,46861.155
25055.0,46862.536
25056.0,46863.916
25057.0,46865.297
25058.0,46866.677
25059.0,46868.058
25060.0,46869.438
25061.0,46870.818
25062.0,46872.197
25063.0,46873.577
25064.0,46874.956
25065.0,46876.336
25066.0,46877.715
25067.0,46879.095
25068.0,46880.474
25069.0,46881.854
25070.0,46883.233
25071.0,46884.612
25072.0,46885.99
25073.0,46887.369
25074.0,46888.747
25075.0,46890.126
25076.0,46891.504
25077.0,46892.883
25078.0,46894.261
25079.0,46895.64
25080.0,46897.018
25081.0,46898.395
25082.0,46899.772
25083.0,46901.15
25084.0,46902.527
25085.0,46903.904
25086.0,46905.281
25087.0,46906.658
25088.0,46908.036
25089.0,46909.413
25090.0,46910.79
25091.0,46912.167
25092.0,46913.543
25093.0,46914.92
25094.0,46916.296
25095.0,46917.673
25096.0,46919.049
25097.0,46920.426
25098.0,46921.802
25099.0,46923.179
25100.0,46924.555
25101.0,46925.931
25102.0,46927.306
25103.0,46928.682
25104.0,46930.057
25105.0,46931.433
25106.0,46932.808
25107.0,46934.184
25108.0,46935.559
25109.0,46936.935
25110.0,46938.31
25111.0,46939.685
25112.0,46941.059
25113.0,46942.434
25114.0,46943.808
25115.0,46945.183
25116.0,46946.558
25117.0,46947.932
25118.0,46949.307
25119.0,46950.681
25120.0,46952.056
25121.0,46953.429
25122.0,46954.802
25123.0,46956.176
25124.0,46957.549
25125.0,46958.922
25126.0,46960.295
25127.0,46961.668
25128.0,46963.042
25129.0,46964.415
25130.0,46965.788
25131.0,46967.161
25132.0,46968.533
25133.0,46969.906
25134.0,46971.278
25135.0,46972.651
25136.0,46974.024
25137.0,46975.396
25138.0,46976.769
25139.0,46978.141
25140.0,46979.514
25141.0,46980.886
25142.0,46982.257
25143.0,46983.629
25144.0,46985.0
25145.0,46986.372
25146.0,46987.743
25147.0,46989.115
25148.0,46990.486
25149.0,46991.858
25150.0,46993.229
25151.0,46994.6
25152.0,46995.97
25153.0,46997.341
25154.0,46998.711
25155.0,47000.082
25156.0,47001.453
25157.0,47002.823
25158.0,47004.194
25159.0,47005.564
25160.0,47006.935
25161.0,47008.304
25162.0,47009.674
25163.0,47011.043
25164.0,47012.412
25165.0,47013.782
25166.0,47015.151
25167.0,47016.52
25168.0,47017.889
25169.0,47019.259
25170.0,47020.628
25171.0,47021.997
25172.0,47023.365
25173.0,47024.734
25174.0,47026.102
25175.0,47027.471
25176.0,47028.84
25177.0,47030.208
25178.0,47031.577
25179.0,47032.945
25180.0,47034.314
25181.0,47035.682
25182.0,47037.049
25183.0,47038.417
25184.0,47039.784
25185.0,47041.152
25186.0,47042.52
25187.0,47043.887
25188.0,47045.255
25189.0,47046.622
25190.0,47047.99
25191.0,47049.357
25192.0,47050.723
25193.0,47052.09
25194.0,47053.456
25195.0,47054.823
25196.0,47056.19
25197.0,47057.556
25198.0,47058.923
25199.0,47060.289
25200.0,47061.656
25201.0,47063.021
25202.0,47064.387
25203.0,47065.752
25204.0,47067.117
25205.0,47068.483
25206.0,47069.848
25207.0,47071.213
25208.0,47072.578
25209.0,47073.944
25210.0,47075.309
25211.0,47076.674
25212.0,47078.038
25213.0,47079.403
25214.0,47080.768
25215.0,47082.133
25216.0,47083.497
25217.0,47084.862
25218.0,47086.227
25219.0,47087.591
25220.0,47088.956
25221.0,47090.32
25222.0,47091.683
25223.0,47093.047
25224.0,47094.41
25225.0,47095.774
25226.0,47097.138
25227.0,47098.501
25228.0,47099.865
25229.0,47101.228
25230.0,47102.592
25231.0,47103.955
25232.0,47105.317
25233.0,47106.68
25234.0,47108.043
25235.0,47109.406
25236.0,47110.768
25237.0,47112.131
25238.0,47113.494
25239.0,47114.856
25240.0,47116.219
25241.0,47117.58
25242.0,47118.942
25243.0,47120.303
25244.0,47121.665
25245.0,47123.026
25246.0,47124.387
25247.0,47125.749
25248.0,47127.11
25249.0,47128.472
25250.0,47129.833
25251.0,47131.194
25252.0,47132.554
25253.0,47133.915
25254.0,47135.275
25255.0,47136.636
25256.0,47137.997
25257.0,47139.357
25258.0,47140.718
25259.0,47142.078
25260.0,47143.439
25261.0,47144.799
25262.0,47146.158
25263.0,47147.518
25264.0,47148.878
25265.0,47150.238
25266.0,47151.597
25267.0,47152.957
25268.0,47154.317
25269.0,47155.676
25270.0,47157.036
25271.0,47158.395
25272.0,47159.753
25273.0,47161.112
25274.0,47162.471
25275.0,47163.83
25276.0,47165.188
25277.0,47166.547
25278.0,47167.906
25279.0,47169.264
25280.0,47170.623
25281.0,47171.98
25282.0,47173.338
25283.0,47174.695
25284.0,47176.053
25285.0,47177.41
25286.0,47178.767
25287.0,47180.125
25288.0,47181.482
25289.0,47182.84
25290.0,47184.197
25291.0,47185.554
25292.0,47186.91
25293.0,47188.267
25294.0,47189.624
25295.0,47190.981
25296.0,47192.337
25297.0,47193.694
25298.0,47195.051
25299.0,47196.407
25300.0,47197.764
25301.0,47199.12
25302.0,47200.476
25303.0,47201.831
25304.0,47203.187
25305.0,47204.543
25306.0,47205.899
25307.0,47207.255
25308.0,47208.61
25309.0,47209.966
25310.0,47211.322
25311.0,47212.677
25312.0,47214.031
25313.0,47215.386
25314.0,47216.741
25315.0,47218.096
25316.0,47219.45
25317.0,47220.805
25318.0,47222.16
25319.0,47223.514
25320.0,47224.869
25321.0,47226.223
25322.0,47227.576
25323.0,47228.93
25324.0,47230.283
25325.0,47231.637
25326.0,47232.99
25327.0,47234.344
25328.0,47235.697
25329.0,47237.051
25330.0,47238.404
25331.0,47239.757
25332.0,47241.109
25333.0,47242.462
25334.0,47243.815
25335.0,47245.168
25336.0,47246.52
25337.0,47247.873
25338.0,47249.226
25339.0,47250.578
25340.0,47251.931
25341.0,47253.283
25342.0,47254.635
25343.0,47255.986
25344.0,47257.338
25345.0,47258.69
25346.0,47260.042
25347.0,47261.394
25348.0,47262.745
25349.0,47264.097
25350.0,47265.449
25351.0,47266.8
25352.0,47268.151
25353.0,47269.501
25354.0,47270.852
25355.0,47272.203
25356.0,47273.554
25357.0,47274.905
25358.0,47276.255
25359.0,47277.606
25360.0,47278.957
25361.0,47280.307
25362.0,47281.656
25363.0,47283.006
25364.0,47284.355
25365.0,47285.705
25366.0,47287.054
25367.0,47288.404
25368.0,47289.753
25369.0,47291.103
25370.0,47292.452
25371.0,47293.801
25372.0,47295.15
25373.0,47296.498
25374.0,47297.847
25375.0,47299.196
25376.0,47300.545
25377.0,47301.894
25378.0,47303.242
25379.0,47304.591
25380.0,47305.94
25381.0,47307.288
25382.0,47308.636
25383.0,47309.983
25384.0,47311.331
25385.0,47312.679
25386.0,47314.027
25387.0,47315.375
25388.0,47316.722
25389.0,47318.07
25390.0,47319.418
25391.0,47320.765
25392.0,47322.112
25393.0,47323.458
25394.0,47324.805
25395.0,47326.152
25396.0,47327.499
25397.0,47328.846
25398.0,47330.192
25399.0,47331.539
25400.0,47332.886
25401.0,47334.232
25402.0,47335.577
25403.0,47336.923
25404.0,47338.268
25405.0,47339.614
25406.0,47340.959
25407.0,47342.305
25408.0,47343.65
25409.0,47344.996
25410.0,47346.341
25411.0,47347.686
25412.0,47349.031
25413.0,47350.376
25414.0,47351.721
25415.0,47353.066
25416.0,47354.41
25417.0,47355.755
25418.0,47357.1
25419.0,47358.445
25420.0,47359.79
25421.0,47361.134
25422.0,47362.478
25423.0,47363.821
25424.0,47365.165
25425.0,47366.509
25426.0,47367.853
25427.0,47369.197
25428.0,47370.54
25429.0,47371.884
25430.0,47373.228
25431.0,47374.571
25432.0,47375.914
25433.0,47377.257
25434.0,47378.6
25435.0,47379.943
25436.0,47381.285
25437.0,47382.628
25438.0,47383.971
25439.0,47385.314
25440.0,47386.657
25441.0,47387.999
25442.0,47389.34
25443.0,47390.682
25444.0,47392.023
25445.0,47393.365
25446.0,47394.707
25447.0,47396.048
25448.0,47397.39
25449.0,47398.731
25450.0,47400.073
25451.0,47401.414
25452.0,47402.755
25453.0,47404.095
25454.0,47405.436
25455.0,47406.777
25456.0,47408.118
25457.0,47409.459
25458.0,47410.799
25459.0,47412.14
25460.0,47413.481
25461.0,47414.821
25462.0,47416.161
25463.0,47417.501
25464.0,47418.841
25465.0,47420.181
25466.0,47421.52
25467.0,47422.86
25468.0,47424.2
25469.0,47425.54
25470.0,47426.88
25471.0,47428.219
25472.0,47429.558
25473.0,47430.897
25474.0,47432.236
25475.0,47433.575
25476.0,47434.913
25477.0,47436.252
25478.0,47437.591
25479.0,47438.93
25480.0,47440.269
25481.0,47441.607
25482.0,47442.944
25483.0,47444.282
25484.0,47445.619
25485.0,47446.957
25486.0,47448.295
25487.0,47449.632
25488.0,47450.97
25489.0,47452.307
25490.0,47453.645
25491.0,47454.982
25492.0,47456.319
25493.0,47457.656
25494.0,47458.993
25495.0,47460.33
25496.0,47461.667
25497.0,47463.004
25498.0,47464.341
25499.0,47465.678
25500.0,47467.015
25501.0,47468.351
25502.0,47469.687
25503.0,47471.023
25504.0,47472.359
25505.0,47473.695
25506.0,47475.03
25507.0,47476.366
25508.0,47477.702
25509.0,47479.038
25510.0,47480.374
25511.0,47481.709
25512.0,47483.044
25513.0,47484.379
25514.0,47485.714
25515.0,47487.049
25516.0,47488.384
25517.0,47489.719
25518.0,47491.054
25519.0,47492.389
25520.0,47493.724
25521.0,47495.058
25522.0,47496.391
25523.0,47497.725
25524.0,47499.058
25525.0,47500.392
25526.0,47501.726
25527.0,47503.059
25528.0,47504.393
25529.0,47505.726
25530.0,47507.06
25531.0,47508.393
25532.0,47509.726
25533.0,47511.059
25534.0,47512.392
25535.0,47513.725
25536.0,47515.058
25537.0,47516.391
25538.0,47517.724
25539.0,47519.057
25540.0,47520.39
25541.0,47521.722
25542.0,47523.054
25543.0,47524.386
25544.0,47525.718
25545.0,47527.05
25546.0,47528.381
25547.0,47529.713
25548.0,47531.045
25549.0,47532.377
25550.0,47533.709
25551.0,47535.04
25552.0,47536.371
25553.0,47537.702
25554.0,47539.033
25555.0,47540.364
25556.0,47541.695
25557.0,47543.026
25558.0,47544.357
25559.0,47545.688
25560.0,47547.019
25561.0,47548.349
25562.0,47549.678
25563.0,47551.008
25564.0,47552.338
25565.0,47553.668
25566.0,47554.997
25567.0,47556.327
25568.0,47557.657
25569.0,47558.986
25570.0,47560.316
25571.0,47561.645
25572.0,47562.974
25573.0,47564.303
25574.0,47565.632
25575.0,47566.962
25576.0,47568.291
25577.0,47569.62
25578.0,47570.949
25579.0,47572.278
25580.0,47573.607
25581.0,47574.935
25582.0,47576.263
25583.0,47577.591
25584.0,47578.919
25585.0,47580.247
25586.0,47581.575
25587.0,47582.903
25588.0,47584.231
25589.0,47585.559
25590.0,47586.887
25591.0,47588.214
25592.0,47589.541
25593.0,47590.868
25594.0,47592.195
25595.0,47593.522
25596.0,47594.849
25597.0,47596.176
25598.0,47597.503
25599.0,47598.83
25600.0,47600.157
25601.0,47601.483
25602.0,47602.809
25603.0,47604.134
25604.0,47605.46
25605.0,47606.786
25606.0,47608.112
25607.0,47609.438
25608.0,47610.763
25609.0,47612.089
25610.0,47613.415
25611.0,47614.74
25612.0,47616.065
25613.0,47617.39
25614.0,47618.715
25615.0,47620.04
25616.0,47621.365
25617.0,47622.69
25618.0,47624.015
25619.0,47625.34
25620.0,47626.665
25621.0,47627.989
25622.0,47629.313
25623.0,47630.637
25624.0,47631.961
25625.0,47633.286
25626.0,47634.61
25627.0,47635.934
25628.0,47637.258
25629.0,47638.582
25630.0,47639.906
25631.0,47641.229
25632.0,47642.552
25633.0,47643.875
25634.0,47645.198
25635.0,47646.522
25636.0,47647.845
25637.0,47649.168
25638.0,47650.491
25639.0,47651.814
25640.0,47653.137
25641.0,47654.459
25642.0,47655.781
25643.0,47657.102
25644.0,47658.424
25645.0,47659.746
25646.0,47661.068
25647.0,47662.39
25648.0,47663.711
25649.0,47665.033
25650.0,47666.355
25651.0,47667.676
25652.0,47668.997
25653.0,47670.318
25654.0,47671.639
25655.0,47672.961
25656.0,47674.282
25657.0,47675.603
25658.0,47676.924
25659.0,47678.245
25660.0,47679.566
25661.0,47680.886
25662.0,47682.206
25663.0,47683.526
25664.0,47684.846
25665.0,47686.167
25666.0,47687.487
25667.0,47688.807
25668.0,47690.127
25669.0,47691.447
25670.0,47692.767
25671.0,47694.086
25672.0,47695.405
25673.0,47696.724
25674.0,47698.043
25675.0,47699.363
25676.0,47700.682
25677.0,47702.001
25678.0,47703.32
25679.0,47704.639
25680.0,47705.958
25681.0,47707.276
25682.0,47708.594
25683.0,47709.911
25684.0,47711.229
25685.0,47712.547
25686.0,47713.865
25687.0,47715.183
25688.0,47716.5
25689.0,47717.818
25690.0,47719.136
25691.0,47720.453
25692.0,47721.77
25693.0,47723.088
25694.0,47724.405
25695.0,47725.722
25696.0,47727.039
25697.0,47728.356
25698.0,47729.674
25699.0,47730.991
25700.0,47732.308
25701.0,47733.624
25702.0,47734.94
25703.0,47736.256
25704.0,47737.572
25705.0,47738.889
25706.0,47740.205
25707.0,47741.521
25708.0,47742.837
25709.0,47744.153
25710.0,47745.469
25711.0,47746.784
25712.0,47748.099
25713.0,47749.415
25714.0,47750.73
25715.0,47752.045
25716.0,47753.36
25717.0,47754.675
25718.0,47755.991
25719.0,47757.306
25720.0,47758.621
25721.0,47759.935
25722.0,47761.249
25723.0,47762.562
25724.0,47763.876
25725.0,47765.19
25726.0,47766.504
25727.0,47767.818
25728.0,47769.131
25729.0,47770.445
25730.0,47771.759
25731.0,47773.072
25732.0,47774.385
25733.0,47775.699
25734.0,47777.012
25735.0,47778.325
25736.0,47779.638
25737.0,47780.951
25738.0,47782.265
25739.0,47783.578
25740.0,47784.891
25741.0,47786.203
25742.0,47787.515
25743.0,47788.828
25744.0,47790.14
25745.0,47791.452
25746.0,47792.764
25747.0,47794.076
25748.0,47795.389
25749.0,47796.701
25750.0,47798.013
25751.0,47799.324
25752.0,47800.635
25753.0,47801.947
25754.0,47803.258
25755.0,47804.569
25756.0,47805.88
25757.0,47807.191
25758.0,47808.503
25759.0,47809.814
25760.0,47811.125
25761.0,47812.435
25762.0,47813.745
25763.0,47815.055
25764.0,47816.365
25765.0,47817.675
25766.0,47818.984
25767.0,47820.294
25768.0,47821.604
25769.0,47822.914
25770.0,47824.224
25771.0,47825.533
25772.0,47826.842
25773.0,47828.152
25774.0,47829.461
25775.0,47830.77
25776.0,47832.079
25777.0,47833.388
25778.0,47834.698
25779.0,47836.007
25780.0,47837.316
25781.0,47838.624
25782.0,47839.933
25783.0,47841.241
25784.0,47842.549
25785.0,47843.858
25786.0,47845.166
25787.0,47846.474
25788.0,47847.782
25789.0,47849.091
25790.0,47850.399
25791.0,47851.706
25792.0,47853.013
25793.0,47854.321
25794.0,47855.628
25795.0,47856.935
25796.0,47858.242
25797.0,47859.549
25798.0,47860.857
25799.0,47862.164
25800.0,47863.471
25801.0,47864.777
25802.0,47866.083
25803.0,47867.389
25804.0,47868.695
25805.0,47870.001
25806.0,47871.307
25807.0,47872.613
25808.0,47873.919
25809.0,47875.225
25810.0,47876.531
25811.0,47877.836
25812.0,47879.141
25813.0,47880.447
25814.0,47881.752
25815.0,47883.057
25816.0,47884.362
25817.0,47885.667
25818.0,47886.973
25819.0,47888.278
25820.0,47889.583
25821.0,47890.887
25822.0,47892.192
25823.0,47893.496
25824.0,47894.8
25825.0,47896.105
25826.0,47897.409
25827.0,47898.713
25828.0,47900.017
25829.0,47901.322
25830.0,47902.626
25831.0,47903.929
25832.0,47905.233
25833.0,47906.536
25834.0,47907.839
25835.0,47909.143
25836.0,47910.446
25837.0,47911.749
25838.0,47913.052
25839.0,47914.356
25840.0,47915.659
25841.0,47916.961
25842.0,47918.263
25843.0,47919.565
25844.0,47920.867
25845.0,47922.169
25846.0,47923.471
25847.0,47924.773
25848.0,47926.075
25849.0,47927.377
25850.0,47928.679
25851.0,47929.98
25852.0,47931.282
25853.0,47932.583
25854.0,47933.884
25855.0,47935.186
25856.0,47936.487
25857.0,47937.788
25858.0,47939.089
25859.0,47940.391
25860.0,47941.692
25861.0,47942.992
25862.0,47944.293
25863.0,47945.593
25864.0,47946.893
25865.0,47948.194
25866.0,47949.494
25867.0,47950.794
25868.0,47952.094
25869.0,47953.395
25870.0,47954.695
25871.0,47955.994
25872.0,47957.294
25873.0,47958.593
25874.0,47959.892
25875.0,47961.192
25876.0,47962.491
25877.0,47963.79
25878.0,47965.089
25879.0,47966.389
25880.0,47967.688
25881.0,47968.986
25882.0,47970.284
25883.0,47971.582
25884.0,47972.88
25885.0,47974.178
25886.0,47975.476
25887.0,47976.774
25888.0,47978.072
25889.0,47979.37
25890.0,47980.668
25891.0,47981.965
25892.0,47983.263
25893.0,47984.56
25894.0,47985.858
25895.0,47987.155
25896.0,47988.452
25897.0,47989.75
25898.0,47991.047
25899.0,47992.345
25900.0,47993.642
25901.0,47994.938
25902.0,47996.235
25903.0,47997.531
25904.0,47998.828
25905.0,48000.124
25906.0,48001.42
25907.0,48002.717
25908.0,48004.013
25909.0,48005.31
25910.0,48006.606
25911.0,48007.901
25912.0,48009.197
25913.0,48010.492
25914.0,48011.787
25915.0,48013.083
25916.0,48014.378
25917.0,48015.673
25918.0,48016.968
25919.0,48018.264
25920.0,48019.559
25921.0,48020.853
25922.0,48022.147
25923.0,48023.441
25924.0,48024.735
25925.0,48026.03
25926.0,48027.324
25927.0,48028.618
25928.0,48029.912
25929.0,48031.206
25930.0,48032.5
25931.0,48033.793
25932.0,48035.087
25933.0,48036.38
25934.0,48037.674
25935.0,48038.967
25936.0,48040.26
25937.0,48041.554
25938.0,48042.847
25939.0,48044.141
25940.0,48045.434
25941.0,48046.726
25942.0,48048.019
25943.0,48049.311
25944.0,48050.604
25945.0,48051.896
25946.0,48053.188
25947.0,48054.481
25948.0,48055.773
25949.0,48057.066
25950.0,48058.358
25951.0,48059.649
25952.0,48060.941
25953.0,48062.232
25954.0,48063.524
25955.0,48064.815
25956.0,48066.106
25957.0,48067.398
25958.0,48068.689
25959.0,48069.981
25960.0,48071.272
25961.0,48072.562
25962.0,48073.852
25963.0,48075.142
25964.0,48076.432
25965.0,48077.723
25966.0,48079.013
25967.0,48080.303
25968.0,48081.593
25969.0,48082.883
25970.0,48084.173
25971.0,48085.462
25972.0,48086.752
25973.0,48088.041
25974.0,48089.331
25975.0,48090.62
25976.0,48091.909
25977.0,48093.199
25978.0,48094.488
25979.0,48095.778
25980.0,48097.067
25981.0,48098.356
25982.0,48099.644
25983.0,48100.933
25984.0,48102.221
25985.0,48103.51
25986.0,48104.798
25987.0,48106.087
25988.0,48107.375
25989.0,48108.664
25990.0,48109.952
25991.0,48111.239
25992.0,48112.527
25993.0,48113.814
25994.0,48115.102
25995.0,48116.389
25996.0,48117.676
25997.0,48118.964
25998.0,48120.251
25999.0,48121.539
26000.0,48122.826
26001.0,48124.112
26002.0,48125.398
26003.0,48126.684
26004.0,48127.97
26005.0,48129.257
26006.0,48130.543
26007.0,48131.829
26008.0,48133.115
26009.0,48134.401
26010.0,48135.687
26011.0,48136.973
26012.0,48138.258
26013.0,48139.544
26014.0,48140.829
26015.0,48142.115
26016.0,48143.4
26017.0,48144.686
26018.0,48145.971
26019.0,48147.257
26020.0,48148.542
26021.0,48149.827
26022.0,48151.111
26023.0,48152.396
26024.0,48153.68
26025.0,48154.965
26026.0,48156.249
26027.0,48157.534
26028.0,48158.818
26029.0,48160.103
26030.0,48161.387
26031.0,48162.671
26032.0,48163.954
26033.0,48165.238
26034.0,48166.521
26035.0,48167.805
26036.0,48169.088
26037.0,48170.372
26038.0,48171.655
26039.0,48172.939
26040.0,48174.222
26041.0,48175.504
26042.0,48176.786
26043.0,48178.069
26044.0,48179.351
26045.0,48180.633
26046.0,48181.915
26047.0,48183.197
26048.0,48184.48
26049.0,48185.762
26050.0,48187.044
26051.0,48188.326
26052.0,48189.607
26053.0,48190.889
26054.0,48192.17
26055.0,48193.452
26056.0,48194.733
26057.0,48196.015
26058.0,48197.296
26059.0,48198.578
26060.0,48199.859
26061.0,48201.14
26062.0,48202.42
26063.0,48203.701
26064.0,48204.981
26065.0,48206.262
26066.0,48207.542
26067.0,48208.823
26068.0,48210.103
26069.0,48211.384
26070.0,48212.664
26071.0,48213.944
26072.0,48215.223
26073.0,48216.503
26074.0,48217.782
26075.0,48219.062
26076.0,48220.342
26077.0,48221.621
26078.0,48222.901
26079.0,48224.18
26080.0,48225.46
26081.0,48226.738
26082.0,48228.016
26083.0,48229.295
26084.0,48230.573
26085.0,48231.851
26086.0,48233.129
26087.0,48234.407
26088.0,48235.686
26089.0,48236.964
26090.0,48238.242
26091.0,48239.52
26092.0,48240.797
26093.0,48242.075
26094.0,48243.352
26095.0,48244.63
26096.0,48245.907
26097.0,48247.185
26098.0,48248.462
26099.0,48249.74
26100.0,48251.017
26101.0,48252.294
26102.0,48253.57
26103.0,48254.847
26104.0,48256.123
26105.0,48257.4
26106.0,48258.677
26107.0,48259.953
26108.0,48261.23
26109.0,48262.506
26110.0,48263.783
26111.0,48265.059
26112.0,48266.334
26113.0,48267.61
26114.0,48268.885
26115.0,48270.161
26116.0,48271.437
26117.0,48272.712
26118.0,48273.988
26119.0,48275.263
26120.0,48276.539
26121.0,48277.813
26122.0,48279.087
26123.0,48280.362
26124.0,48281.636
26125.0,48282.91
26126.0,48284.184
26127.0,48285.458
26128.0,48286.733
26129.0,48288.007
26130.0,48289.281
26131.0,48290.555
26132.0,48291.828
26133.0,48293.102
26134.0,48294.375
26135.0,48295.649
26136.0,48296.923
26137.0,48298.196
26138.0,48299.47
26139.0,48300.743
26140.0,48302.017
26141.0,48303.29
26142.0,48304.562
26143.0,48305.835
26144.0,48307.107
26145.0,48308.38
26146.0,48309.653
26147.0,48310.925
26148.0,48312.198
26149.0,48313.47
26150.0,48314.743
26151.0,48316.015
26152.0,48317.286
26153.0,48318.558
26154.0,48319.83
26155.0,48321.102
26156.0,48322.373
26157.0,48323.645
26158.0,48324.917
26159.0,48326.188
26160.0,48327.46
26161.0,48328.73
26162.0,48330.0
26163.0,48331.271
26164.0,48332.541
26165.0,48333.811
26166.0,48335.081
26167.0,48336.351
26168.0,48337.622
26169.0,48338.892
26170.0,48340.162
26171.0,48341.432
26172.0,48342.701
26173.0,48343.971
26174.0,48345.241
26175.0,48346.511
26176.0,48347.78
26177.0,48349.05
26178.0,48350.32
26179.0,48351.589
26180.0,48352.859
26181.0,48354.128
26182.0,48355.396
26183.0,48356.665
26184.0,48357.933
26185.0,48359.202
26186.0,48360.471
26187.0,48361.739
26188.0,48363.008
26189.0,48364.276
26190.0,48365.545
26191.0,48366.813
26192.0,48368.08
26193.0,48369.348
26194.0,48370.616
26195.0,48371.884
26196.0,48373.151
26197.0,48374.419
26198.0,48375.687
26199.0,48376.954
26200.0,48378.222
26201.0,48379.488
26202.0,48380.755
26203.0,48382.021
26204.0,48383.287
26205.0,48384.554
26206.0,48385.82
26207.0,48387.086
26208.0,48388.352
26209.0,48389.619
26210.0,48390.885
26211.0,48392.151
26212.0,48393.416
26213.0,48394.682
26214.0,48395.948
26215.0,48397.214
26216.0,48398.479
26217.0,48399.745
26218.0,48401.011
26219.0,48402.276
26220.0,48403.542
26221.0,48404.807
26222.0,48406.071
26223.0,48407.336
26224.0,48408.601
26225.0,48409.866
26226.0,48411.13
26227.0,48412.395
26228.0,48413.66
26229.0,48414.924
26230.0,48416.189
26231.0,48417.453
26232.0,48418.716
26233.0,48419.98
26234.0,48421.244
26235.0,48422.508
26236.0,48423.771
26237.0,48425.035
26238.0,48426.299
26239.0,48427.562
26240.0,48428.826
26241.0,48430.088
26242.0,48431.351
26243.0,48432.613
26244.0,48433.876
26245.0,48435.138
26246.0,48436.4
26247.0,48437.663
26248.0,48438.925
26249.0,48440.188
26250.0,48441.45
26251.0,48442.712
26252.0,48443.973
26253.0,48445.235
26254.0,48446.497
26255.0,48447.759
26256.0,48449.02
26257.0,48450.282
26258.0,48451.544
26259.0,48452.805
26260.0,48454.067
26261.0,48455.328
26262.0,48456.588
26263.0,48457.849
26264.0,48459.11
26265.0,48460.371
26266.0,48461.631
26267.0,48462.892
26268.0,48464.153
26269.0,48465.413
26270.0,48466.674
26271.0,48467.934
26272.0,48469.194
26273.0,48470.453
26274.0,48471.713
26275.0,48472.973
26276.0,48474.233
26277.0,48475.493
26278.0,48476.752
26279.0,48478.012
26280.0,48479.272
26281.0,48480.53
26282.0,48481.789
26283.0,48483.047
26284.0,48484.306
26285.0,48485.564
26286.0,48486.822
26287.0,48488.081
26288.0,48489.339
26289.0,48490.598
26290.0,48491.856
26291.0,48493.114
26292.0,48494.371
26293.0,48495.629
26294.0,48496.887
26295.0,48498.145
26296.0,48499.402
26297.0,48500.66
26298.0,48501.918
26299.0,48503.175
26300.0,48504.433
26301.0,48505.69
26302.0,48506.947
26303.0,48508.203
26304.0,48509.46
26305.0,48510.717
26306.0,48511.974
26307.0,48513.231
26308.0,48514.487
26309.0,48515.744
26310.0,48517.001
26311.0,48518.257
26312.0,48519.513
26313.0,48520.768
26314.0,48522.024
26315.0,48523.28
26316.0,48524.536
26317.0,48525.792
26318.0,48527.047
26319.0,48528.303
26320.0,48529.559
26321.0,48530.813
26322.0,48532.068
26323.0,48533.322
26324.0,48534.577
26325.0,48535.831
26326.0,48537.085
26327.0,48538.34
26328.0,48539.594
26329.0,48540.849
26330.0,48542.103
26331.0,48543.357
26332.0,48544.611
26333.0,48545.865
26334.0,48547.119
26335.0,48548.373
26336.0,48549.626
26337.0,48550.88
26338.0,48552.134
26339.0,48553.388
26340.0,48554.642
26341.0,48555.895
26342.0,48557.148
26343.0,48558.4
26344.0,48559.653
26345.0,48560.906
26346.0,48562.159
26347.0,48563.412
26348.0,48564.664
26349.0,48565.917
26350.0,48567.17
26351.0,48568.422
26352.0,48569.674
26353.0,48570.925
26354.0,48572.177
26355.0,48573.429
26356.0,48574.681
26357.0,48575.933
26358.0,48577.184
26359.0,48578.436
26360.0,48579.688
26361.0,48580.939
26362.0,48582.189
26363.0,48583.44
26364.0,48584.69
26365.0,48585.941
26366.0,48587.191
26367.0,48588.442
26368.0,48589.692
26369.0,48590.943
26370.0,48592.193
26371.0,48593.443
26372.0,48594.693
26373.0,48595.942
26374.0,48597.192
26375.0,48598.442
26376.0,48599.692
26377.0,48600.942
26378.0,48602.191
26379.0,48603.441
26380.0,48604.691
26381.0,48605.94
26382.0,48607.189
26383.0,48608.438
26384.0,48609.687
26385.0,48610.936
26386.0,48612.184
26387.0,48613.433
26388.0,48614.682
26389.0,48615.931
26390.0,48617.18
26391.0,48618.428
26392.0,48619.676
26393.0,48620.924
26394.0,48622.172
26395.0,48623.42
26396.0,48624.667
26397.0,48625.915
26398.0,48627.163
26399.0,48628.411
26400.0,48629.659
26401.0,48630.906
26402.0,48632.152
26403.0,48633.399
26404.0,48634.645
26405.0,48635.892
26406.0,48637.138
26407.0,48638.385
26408.0,48639.631
26409.0,48640.878
26410.0,48642.124
26411.0,48643.37
26412.0,48644.616
26413.0,48645.862
26414.0,48647.108
26415.0,48648.354
26416.0,48649.599
26417.0,48650.845
26418.0,48652.091
26419.0,48653.337
26420.0,48654.583
26421.0,48655.828
26422.0,48657.073
26423.0,48658.318
26424.0,48659.563
26425.0,48660.808
26426.0,48662.052
26427.0,48663.297
26428.0,48664.542
26429.0,48665.787
26430.0,48667.032
26431.0,48668.276
26432.0,48669.52
26433.0,48670.764
26434.0,48672.008
26435.0,48673.252
26436.0,48674.495
26437.0,48675.739
26438.0,48676.983
26439.0,48678.227
26440.0,48679.471
26441.0,48680.714
26442.0,48681.956
26443.0,48683.199
26444.0,48684.441
26445.0,48685.684
26446.0,48686.927
26447.0,48688.169
26448.0,48689.412
26449.0,48690.654
26450.0,48691.897
26451.0,48693.139
26452.0,48694.381
26453.0,48695.623
26454.0,48696.865
26455.0,48698.107
26456.0,48699.348
26457.0,48700.59
26458.0,48701.832
26459.0,48703.074
26460.0,48704.316
26461.0,48705.557
26462.0,48706.798
26463.0,48708.039
26464.0,48709.28
26465.0,48710.521
26466.0,48711.761
26467.0,48713.002
26468.0,48714.243
26469.0,48715.484
26470.0,48716.725
26471.0,48717.965
26472.0,48719.205
26473.0,48720.445
26474.0,48721.685
26475.0,48722.925
26476.0,48724.165
26477.0,48725.405
26478.0,48726.645
26479.0,48727.885
26480.0,48729.125
26481.0,48730.364
26482.0,48731.602
26483.0,48732.841
26484.0,48734.079
26485.0,48735.318
26486.0,48736.557
26487.0,48737.795
26488.0,48739.034
26489.0,48740.272
26490.0,48741.511
26491.0,48742.749
26492.0,48743.987
26493.0,48745.225
26494.0,48746.463
26495.0,48747.701
26496.0,48748.939
26497.0,48750.177
26498.0,48751.415
26499.0,48752.653
26500.0,48753.891
26501.0,48755.128
26502.0,48756.365
26503.0,48757.602
26504.0,48758.839
26505.0,48760.076
26506.0,48761.312
26507.0,48762.549
26508.0,48763.786
26509.0,48765.023
26510.0,48766.26
26511.0,48767.496
26512.0,48768.732
26513.0,48769.968
26514.0,48771.204
26515.0,48772.44
26516.0,48773.676
26517.0,48774.912
26518.0,48776.148
26519.0,48777.384
26520.0,48778.62
26521.0,48779.855
26522.0,48781.089
26523.0,48782.324
26524.0,48783.559
26525.0,48784.794
26526.0,48786.028
26527.0,48787.263
26528.0,48788.498
26529.0,48789.732
26530.0,48790.967
26531.0,48792.201
26532.0,48793.435
26533.0,48794.669
26534.0,48795.903
26535.0,48797.137
26536.0,48798.371
26537.0,48799.605
26538.0,48800.839
26539.0,48802.073
26540.0,48803.307
26541.0,48804.54
26542.0,48805.773
26543.0,48807.006
26544.0,48808.239
26545.0,48809.472
26546.0,48810.705
26547.0,48811.938
26548.0,48813.171
26549.0,48814.404
26550.0,48815.637
26551.0,48816.869
26552.0,48818.101
26553.0,48819.333
26554.0,48820.565
26555.0,48821.798
26556.0,48823.03
26557.0,48824.262
26558.0,48825.494
26559.0,48826.726
26560.0,48827.958
26561.0,48829.189
26562.0,48830.419
26563.0,48831.65
26564.0,48832.88
26565.0,48834.111
26566.0,48835.342
26567.0,48836.572
26568.0,48837.803
26569.0,48839.033
26570.0,48840.264
26571.0,48841.494
26572.0,48842.724
26573.0,48843.954
26574.0,48845.184
26575.0,48846.415
26576.0,48847.645
26577.0,48848.875
26578.0,48850.105
26579.0,48851.335
26580.0,48852.565
26581.0,48853.794
26582.0,48855.023
26583.0,48856.252
26584.0,48857.481
26585.0,48858.711
26586.0,48859.94
26587.0,48861.169
26588.0,48862.398
26589.0,48863.627
26590.0,48864.856
26591.0,48866.084
26592.0,48867.312
26593.0,48868.54
26594.0,48869.768
26595.0,48870.996
26596.0,48872.224
26597.0,48873.452
26598.0,48874.68
26599.0,48875.908
26600.0,48877.136
26601.0,48878.363
26602.0,48879.59
26603.0,48880.816
26604.0,48882.043
26605.0,48883.27
26606.0,48884.497
26607.0,48885.724
26608.0,48886.95
26609.0,48888.177
26610.0,48889.404
26611.0,48890.63
26612.0,48891.856
26613.0,48893.082
26614.0,48894.308
26615.0,48895.535
26616.0,48896.761
26617.0,48897.987
26618.0,48899.213
26619.0,48900.439
26620.0,48901.665
26621.0,48902.89
26622.0,48904.115
26623.0,48905.34
26624.0,48906.565
26625.0,48907.791
26626.0,48909.016
26627.0,48910.241
26628.0,48911.466
26629.0,48912.691
26630.0,48913.916
26631.0,48915.14
26632.0,48916.364
26633.0,48917.588
26634.0,48918.812
26635.0,48920.037
26636.0,48921.261
26637.0,48922.485
26638.0,48923.709
26639.0,48924.933
26640.0,48926.157
26641.0,48927.38
26642.0,48928.602
26643.0,48929.825
26644.0,48931.048
26645.0,48932.271
26646.0,48933.493
26647.0,48934.716
26648.0,48935.939
26649.0,48937.161
26650.0,48938.384
26651.0,48939.606
26652.0,48940.828
26653.0,48942.051
26654.0,48943.273
26655.0,48944.495
26656.0,48945.717
26657.0,48946.939
26658.0,48948.162
26659.0,48949.384
26660.0,48950.606
26661.0,48951.827
26662.0,48953.048
26663.0,48954.269
26664.0,48955.49
26665.0,48956.712
26666.0,48957.933
26667.0,48959.154
26668.0,48960.375
26669.0,48961.596
26670.0,48962.817
26671.0,48964.037
26672.0,48965.257
26673.0,48966.478
26674.0,48967.698
26675.0,48968.918
26676.0,48970.138
26677.0,48971.358
26678.0,48972.579
26679.0,48973.799
26680.0,48975.019
26681.0,48976.238
26682.0,48977.457
26683.0,48978.675
26684.0,48979.894
26685.0,48981.113
26686.0,48982.332
26687.0,48983.551
26688.0,48984.769
26689.0,48985.988
26690.0,48987.207
26691.0,48988.425
26692.0,48989.643
26693.0,48990.862
26694.0,48992.08
26695.0,48993.298
26696.0,48994.516
26697.0,48995.734
26698.0,48996.953
26699.0,48998.171
26700.0,48999.389
26701.0,49000.606
26702.0,49001.823
26703.0,49003.041
26704.0,49004.258
26705.0,49005.475
26706.0,49006.692
26707.0,49007.909
26708.0,49009.127
26709.0,49010.344
26710.0,49011.561
26711.0,49012.777
26712.0,49013.993
26713.0,49015.21
26714.0,49016.426
26715.0,49017.642
26716.0,49018.858
26717.0,49020.074
26718.0,49021.291
26719.0,49022.507
26720.0,49023.723
26721.0,49024.938
26722.0,49026.153
26723.0,49027.367
26724.0,49028.582
26725.0,49029.797
26726.0,49031.012
26727.0,49032.227
26728.0,49033.441
26729.0,49034.656
26730.0,49035.871
26731.0,49037.085
26732.0,49038.299
26733.0,49039.514
26734.0,49040.728
26735.0,49041.942
26736.0,49043.156
26737.0,49044.37
26738.0,49045.585
26739.0,49046.799
26740.0,49048.013
26741.0,49049.226
26742.0,49050.44
26743.0,49051.653
26744.0,49052.866
26745.0,49054.08
26746.0,49055.293
26747.0,49056.506
26748.0,49057.719
26749.0,49058.933
26750.0,49060.146
26751.0,49061.358
26752.0,49062.57
26753.0,49063.783
26754.0,49064.995
26755.0,49066.207
26756.0,49067.419
26757.0,49068.631
26758.0,49069.844
26759.0,49071.056
26760.0,49072.268
26761.0,49073.479
26762.0,49074.69
26763.0,49075.901
26764.0,49077.112
26765.0,49078.323
26766.0,49079.533
26767.0,49080.744
26768.0,49081.955
26769.0,49083.166
26770.0,49084.377
26771.0,49085.587
26772.0,49086.797
26773.0,49088.008
26774.0,49089.218
26775.0,49090.428
26776.0,49091.638
26777.0,49092.848
26778.0,49094.059
26779.0,49095.269
26780.0,49096.479
26781.0,49097.688
26782.0,49098.898
26783.0,49100.107
26784.0,49101.316
26785.0,49102.526
26786.0,49103.735
26787.0,49104.944
26788.0,49106.153
26789.0,49107.363
26790.0,49108.572
26791.0,49109.78
26792.0,49110.989
26793.0,49112.197
26794.0,49113.405
26795.0,49114.614
26796.0,49115.822
26797.0,49117.03
26798.0,49118.238
26799.0,49119.447
26800.0,49120.655
26801.0,49121.862
26802.0,49123.069
26803.0,49124.276
26804.0,49125.483
26805.0,49126.69
26806.0,49127.896
26807.0,49129.103
26808.0,49130.31
26809.0,49131.517
26810.0,49132.724
26811.0,49133.93
26812.0,49135.137
26813.0,49136.343
26814.0,49137.549
26815.0,49138.756
26816.0,49139.962
26817.0,49141.168
26818.0,49142.374
26819.0,49143.581
26820.0,49144.787
26821.0,49145.992
26822.0,49147.198
26823.0,49148.403
26824.0,49149.608
26825.0,49150.814
26826.0,49152.019
26827.0,49153.224
26828.0,49154.429
26829.0,49155.635
26830.0,49156.84
26831.0,49158.044
26832.0,49159.249
26833.0,49160.453
26834.0,49161.658
26835.0,49162.862
26836.0,49164.066
26837.0,49165.271
26838.0,49166.475
26839.0,49167.68
26840.0,49168.884
26841.0,49170.087
26842.0,49171.291
26843.0,49172.494
26844.0,49173.697
26845.0,49174.901
26846.0,49176.104
26847.0,49177.307
26848.0,49178.51
26849.0,49179.714
26850.0,49180.917
26851.0,49182.119
26852.0,49183.321
26853.0,49184.523
26854.0,49185.725
26855.0,49186.927
26856.0,49188.129
26857.0,49189.331
26858.0,49190.533
26859.0,49191.735
26860.0,49192.937
26861.0,49194.138
26862.0,49195.34
26863.0,49196.541
26864.0,49197.742
26865.0,49198.944
26866.0,49200.145
26867.0,49201.346
26868.0,49202.547
26869.0,49203.749
26870.0,49204.95
26871.0,49206.15
26872.0,49207.351
26873.0,49208.551
26874.0,49209.752
26875.0,49210.952
26876.0,49212.152
26877.0,49213.353
26878.0,49214.553
26879.0,49215.754
26880.0,49216.954
26881.0,49218.153
26882.0,49219.353
26883.0,49220.552
26884.0,49221.752
26885.0,49222.951
26886.0,49224.15
26887.0,49225.35
26888.0,49226.549
26889.0,49227.749
26890.0,49228.948
26891.0,49230.146
26892.0,49231.344
26893.0,49232.542
26894.0,49233.74
26895.0,49234.938
26896.0,49236.136
26897.0,49237.334
26898.0,49238.532
26899.0,49239.73
26900.0,49240.928
26901.0,49242.125
26902.0,49243.323
26903.0,49244.52
26904.0,49245.718
26905.0,49246.915
26906.0,49248.112
26907.0,49249.31
26908.0,49250.507
26909.0,49251.705
26910.0,49252.902
26911.0,49254.098
26912.0,49255.295
26913.0,49256.491
26914.0,49257.688
26915.0,49258.884
26916.0,49260.08
26917.0,49261.277
26918.0,49262.473
26919.0,49263.67
26920.0,49264.866
26921.0,49266.061
26922.0,49267.257
26923.0,49268.452
26924.0,49269.648
26925.0,49270.843
26926.0,49272.038
26927.0,49273.234
26928.0,49274.429
26929.0,49275.625
26930.0,49276.82
26931.0,49278.014
26932.0,49279.208
26933.0,49280.402
26934.0,49281.596
26935.0,49282.79
26936.0,49283.984
26937.0,49285.178
26938.0,49286.372
26939.0,49287.566
26940.0,49288.76
26941.0,49289.954
26942.0,49291.147
26943.0,49292.341
26944.0,49293.534
26945.0,49294.728
26946.0,49295.921
26947.0,49297.115
26948.0,49298.308
26949.0,49299.502
26950.0,49300.695
26951.0,49301.887
26952.0,49303.08
26953.0,49304.272
26954.0,49305.465
26955.0,49306.657
26956.0,49307.849
26957.0,49309.042
26958.0,49310.234
26959.0,49311.427
26960.0,49312.619
26961.0,49313.811
26962.0,49315.002
26963.0,49316.194
26964.0,49317.385
26965.0,49318.577
26966.0,49319.768
26967.0,49320.96
26968.0,49322.151
26969.0,49323.343
26970.0,49324.534
26971.0,49325.724
26972.0,49326.914
26973.0,49328.104
26974.0,49329.294
26975.0,49330.485
26976.0,49331.675
26977.0,49332.865
26978.0,49334.055
26979.0,49335.245
26980.0,49336.435
26981.0,49337.625
26982.0,49338.814
26983.0,49340.004
26984.0,49341.193
26985.0,49342.383
26986.0,49343.572
26987.0,49344.762
26988.0,49345.951
26989.0,49347.141
26990.0,49348.33
26991.0,49349.519
26992.0,49350.707
26993.0,49351.896
26994.0,49353.084
26995.0,49354.273
26996.0,49355.461
26997.0,49356.65
26998.0,49357.838
26999.0,49359.027
27000.0,49360.215
27001.0,49361.403
27002.0,49362.59
27003.0,49363.778
27004.0,49364.965
27005.0,49366.153
27006.0,49367.34
27007.0,49368.528
27008.0,49369.715
27009.0,49370.903
27010.0,49372.09
27011.0,49373.276
27012.0,49374.462
27013.0,49375.648
27014.0,49376.834
27015.0,49378.021
27016.0,49379.207
27017.0,49380.393
27018.0,49381.579
27019.0,49382.765
27020.0,49383.951
27021.0,49385.137
27022.0,49386.322
27023.0,49387.508
27024.0,49388.693
27025.0,49389.879
27026.0,49391.064
27027.0,49392.25
27028.0,49393.435
27029.0,49394.621
27030.0,49395.806
27031.0,49396.991
27032.0,49398.175
27033.0,49399.36
27034.0,49400.544
27035.0,49401.729
27036.0,49402.913
27037.0,49404.098
27038.0,49405.282
27039.0,49406.467
27040.0,49407.651
27041.0,49408.835
27042.0,49410.018
27043.0,49411.202
27044.0,49412.385
27045.0,49413.569
27046.0,49414.753
27047.0,49415.936
27048.0,49417.12
27049.0,49418.303
27050.0,49419.487
27051.0,49420.669
27052.0,49421.851
27053.0,49423.033
27054.0,49424.215
27055.0,49425.398
27056.0,49426.58
27057.0,49427.762
27058.0,49428.944
27059.0,49430.126
27060.0,49431.308
27061.0,49432.49
27062.0,49433.671
27063.0,49434.853
27064.0,49436.034
27065.0,49437.216
27066.0,49438.398
27067.0,49439.579
27068.0,49440.761
27069.0,49441.942
27070.0,49443.124
27071.0,49444.305
27072.0,49445.485
27073.0,49446.666
27074.0,49447.846
27075.0,49449.027
27076.0,49450.208
27077.0,49451.388
27078.0,49452.569
27079.0,49453.749
27080.0,49454.93
27081.0,49456.11
27082.0,49457.289
27083.0,49458.469
27084.0,49459.648
27085.0,49460.828
27086.0,49462.008
27087.0,49463.187
27088.0,49464.367
27089.0,49465.546
27090.0,49466.726
27091.0,49467.904
27092.0,49469.082
27093.0,49470.261
27094.0,49471.439
27095.0,49472.617
27096.0,49473.795
27097.0,49474.973
27098.0,49476.152
27099.0,49477.33
27100.0,49478.508
27101.0,49479.686
27102.0,49480.863
27103.0,49482.041
27104.0,49483.218
27105.0,49484.396
27106.0,49485.574
27107.0,49486.751
27108.0,49487.929
27109.0,49489.106
27110.0,49490.284
27111.0,49491.461
27112.0,49492.637
27113.0,49493.814
27114.0,49494.99
27115.0,49496.167
27116.0,49497.344
27117.0,49498.52
27118.0,49499.697
27119.0,49500.873
27120.0,49502.05
27121.0,49503.226
27122.0,49504.401
27123.0,49505.577
27124.0,49506.752
27125.0,49507.928
27126.0,49509.104
27127.0,49510.279
27128.0,49511.455
27129.0,49512.63
27130.0,49513.806
27131.0,49514.98
27132.0,49516.155
27133.0,49517.329
27134.0,49518.503
27135.0,49519.678
27136.0,49520.852
27137.0,49522.026
27138.0,49523.2
27139.0,49524.375
27140.0,49525.549
27141.0,49526.723
27142.0,49527.896
27143.0,49529.07
27144.0,49530.243
27145.0,49531.417
27146.0,49532.591
27147.0,49533.764
27148.0,49534.938
27149.0,49536.111
27150.0,49537.285
27151.0,49538.458
27152.0,49539.63
27153.0,49540.803
27154.0,49541.976
27155.0,49543.149
27156.0,49544.321
27157.0,49545.494
27158.0,49546.667
27159.0,49547.839
27160.0,49549.012
27161.0,49550.184
27162.0,49551.355
27163.0,49552.527
27164.0,49553.698
27165.0,49554.87
27166.0,49556.042
27167.0,49557.213
27168.0,49558.385
27169.0,49559.556
27170.0,49560.728
27171.0,49561.898
27172.0,49563.069
27173.0,49564.239
27174.0,49565.409
27175.0,49566.58
27176.0,49567.75
27177.0,49568.92
27178.0,49570.09
27179.0,49571.261
27180.0,49572.431
27181.0,49573.601
27182.0,49574.77
27183.0,49575.94
27184.0,49577.11
27185.0,49578.28
27186.0,49579.449
27187.0,49580.619
27188.0,49581.789
27189.0,49582.958
27190.0,49584.128
27191.0,49585.297
27192.0,49586.465
27193.0,49587.634
27194.0,49588.803
27195.0,49589.972
27196.0,49591.14
27197.0,49592.309
27198.0,49593.478
27199.0,49594.646
27200.0,49595.815
27201.0,49596.983
27202.0,49598.15
27203.0,49599.318
27204.0,49600.486
27205.0,49601.654
27206.0,49602.821
27207.0,49603.989
27208.0,49605.157
27209.0,49606.324
27210.0,49607.492
27211.0,49608.658
27212.0,49609.825
27213.0,49610.991
27214.0,49612.157
27215.0,49613.324
27216.0,49614.49
27217.0,49615.656
27218.0,49616.822
27219.0,49617.989
27220.0,49619.155
27221.0,49620.321
27222.0,49621.487
27223.0,49622.652
27224.0,49623.818
27225.0,49624.984
27226.0,49626.15
27227.0,49627.316
27228.0,49628.481
27229.0,49629.647
27230.0,49630.813
27231.0,49631.978
27232.0,49633.142
27233.0,49634.307
27234.0,49635.472
27235.0,49636.637
27236.0,49637.801
27237.0,49638.966
27238.0,49640.131
27239.0,49641.295
27240.0,49642.46
27241.0,49643.624
27242.0,49644.787
27243.0,49645.951
27244.0,49647.115
27245.0,49648.279
27246.0,49649.442
27247.0,49650.606
27248.0,49651.77
27249.0,49652.933
27250.0,49654.097
27251.0,49655.259
27252.0,49656.422
27253.0,49657.584
27254.0,49658.747
27255.0,49659.909
27256.0,49661.071
27257.0,49662.234
27258.0,49663.396
27259.0,49664.559
27260.0,49665.721
27261.0,49666.883
27262.0,49668.045
27263.0,49669.206
27264.0,49670.368
27265.0,49671.53
27266.0,49672.692
27267.0,49673.854
27268.0,49675.015
27269.0,49676.177
27270.0,49677.339
27271.0,49678.5
27272.0,49679.661
27273.0,49680.821
27274.0,49681.982
27275.0,49683.143
27276.0,49684.304
27277.0,49685.465
27278.0,49686.625
27279.0,49687.786
27280.0,49688.947
27281.0,49690.107
27282.0,49691.267
27283.0,49692.426
27284.0,49693.586
27285.0,49694.746
27286.0,49695.906
27287.0,49697.066
27288.0,49698.225
27289.0,49699.385
27290.0,49700.545
27291.0,49701.703
27292.0,49702.862
27293.0,49704.02
27294.0,49705.179
27295.0,49706.337
27296.0,49707.495
27297.0,49708.654
27298.0,49709.812
27299.0,49710.971
27300.0,49712.129
27301.0,49713.287
27302.0,49714.445
27303.0,49715.602
27304.0,49716.76
27305.0,49717.918
27306.0,49719.076
27307.0,49720.234
27308.0,49721.391
27309.0,49722.549
27310.0,49723.707
27311.0,49724.864
27312.0,49726.021
27313.0,49727.177
27314.0,49728.334
27315.0,49729.491
27316.0,49730.648
27317.0,49731.805
27318.0,49732.961
27319.0,49734.118
27320.0,49735.275
27321.0,49736.431
27322.0,49737.587
27323.0,49738.742
27324.0,49739.898
27325.0,49741.054
27326.0,49742.21
27327.0,49743.366
27328.0,49744.521
27329.0,49745.677
27330.0,49746.833
27331.0,49747.988
27332.0,49749.142
27333.0,49750.297
27334.0,49751.451
27335.0,49752.606
27336.0,49753.76
27337.0,49754.915
27338.0,49756.069
27339.0,49757.224
27340.0,49758.378
27341.0,49759.532
27342.0,49760.686
27343.0,49761.839
27344.0,49762.993
27345.0,49764.147
27346.0,49765.301
27347.0,49766.455
27348.0,49767.608
27349.0,49768.762
27350.0,49769.916
27351.0,49771.069
27352.0,49772.222
27353.0,49773.375
27354.0,49774.528
27355.0,49775.681
27356.0,49776.833
27357.0,49777.986
27358.0,49779.139
27359.0,49780.292
27360.0,49781.445
27361.0,49782.597
27362.0,49783.749
27363.0,49784.901
27364.0,49786.053
27365.0,49787.205
27366.0,49788.356
27367.0,49789.508
27368.0,49790.66
27369.0,49791.812
27370.0,49792.964
27371.0,49794.114
27372.0,49795.265
27373.0,49796.415
27374.0,49797.566
27375.0,49798.716
27376.0,49799.866
27377.0,49801.017
27378.0,49802.167
27379.0,49803.318
27380.0,49804.468
27381.0,49805.618
27382.0,49806.768
27383.0,49807.918
27384.0,49809.068
27385.0,49810.218
27386.0,49811.367
27387.0,49812.517
27388.0,49813.667
27389.0,49814.817
27390.0,49815.967
27391.0,49817.116
27392.0,49818.265
27393.0,49819.414
27394.0,49820.563
27395.0,49821.712
27396.0,49822.86
27397.0,49824.009
27398.0,49825.158
27399.0,49826.307
27400.0,49827.456
27401.0,49828.604
27402.0,49829.752
27403.0,49830.9
27404.0,49832.048
27405.0,49833.196
27406.0,49834.344
27407.0,49835.492
27408.0,49836.64
27409.0,49837.788
27410.0,49838.936
27411.0,49840.083
27412.0,49841.229
27413.0,49842.376
27414.0,49843.522
27415.0,49844.669
27416.0,49845.815
27417.0,49846.962
27418.0,49848.108
27419.0,49849.255
27420.0,49850.401
27421.0,49851.547
27422.0,49852.693
27423.0,49853.839
27424.0,49854.985
27425.0,49856.131
27426.0,49857.276
27427.0,49858.422
27428.0,49859.568
27429.0,49860.714
27430.0,49861.86
27431.0,49863.005
27432.0,49864.15
27433.0,49865.295
27434.0,49866.44
27435.0,49867.585
27436.0,49868.73
27437.0,49869.875
27438.0,49871.02
27439.0,49872.165
27440.0,49873.31
27441.0,49874.454
27442.0,49875.598
27443.0,49876.742
27444.0,49877.886
27445.0,49879.03
27446.0,49880.173
27447.0,49881.317
27448.0,49882.461
27449.0,49883.605
27450.0,49884.749
27451.0,49885.892
27452.0,49887.034
27453.0,49888.177
27454.0,49889.319
27455.0,49890.462
27456.0,49891.605
27457.0,49892.747
27458.0,49893.89
27459.0,49895.032
27460.0,49896.175
27461.0,49897.317
27462.0,49898.459
27463.0,49899.601
27464.0,49900.743
27465.0,49901.885
27466.0,49903.027
27467.0,49904.169
27468.0,49905.311
27469.0,49906.453
27470.0,49907.595
27471.0,49908.736
27472.0,49909.877
27473.0,49911.018
27474.0,49912.159
27475.0,49913.3
27476.0,49914.44
27477.0,49915.581
27478.0,49916.722
27479.0,49917.863
27480.0,49919.004
27481.0,49920.144
27482.0,49921.284
27483.0,49922.424
27484.0,49923.564
27485.0,49924.704
27486.0,49925.844
27487.0,49926.984
27488.0,49928.124
27489.0,49929.264
27490.0,49930.404
27491.0,49931.543
27492.0,49932.681
27493.0,49933.82
27494.0,49934.958
27495.0,49936.097
27496.0,49937.236
27497.0,49938.374
27498.0,49939.513
27499.0,49940.651
27500.0,49941.79
27501.0,49942.928
27502.0,49944.066
27503.0,49945.204
27504.0,49946.342
27505.0,49947.481
27506.0,49948.619
27507.0,49949.757
27508.0,49950.895
27509.0,49952.033
27510.0,49953.171
27511.0,49954.308
27512.0,49955.445
27513.0,49956.582
27514.0,49957.719
27515.0,49958.856
27516.0,49959.993
27517.0,49961.13
27518.0,49962.267
27519.0,49963.404
27520.0,49964.541
27521.0,49965.677
27522.0,49966.813
27523.0,49967.949
27524.0,49969.085
27525.0,49970.221
27526.0,49971.357
27527.0,49972.493
27528.0,49973.629
27529.0,49974.765
27530.0,49975.901
27531.0,49977.036
27532.0,49978.17
27533.0,49979.305
27534.0,49980.44
27535.0,49981.575
27536.0,49982.709
27537.0,49983.844
27538.0,49984.979
27539.0,49986.113
27540.0,49987.248
27541.0,49988.382
27542.0,49989.516
27543.0,49990.65
27544.0,49991.784
27545.0,49992.918
27546.0,49994.052
27547.0,49995.186
27548.0,49996.32
27549.0,49997.454
27550.0,49998.588
27551.0,49999.721
27552.0,50000.854
27553.0,50001.987
27554.0,50003.12
27555.0,50004.254
27556.0,50005.387
27557.0,50006.52
27558.0,50007.653
27559.0,50008.786
27560.0,50009.919
27561.0,50011.051
27562.0,50012.183
27563.0,50013.315
27564.0,50014.447
27565.0,50015.58
27566.0,50016.712
27567.0,50017.844
27568.0,50018.976
27569.0,50020.108
27570.0,50021.24
27571.0,50022.371
27572.0,50023.501
27573.0,50024.632
27574.0,50025.763
27575.0,50026.894
27576.0,50028.024
27577.0,50029.155
27578.0,50030.286
27579.0,50031.416
27580.0,50032.547
27581.0,50033.677
27582.0,50034.807
27583.0,50035.937
27584.0,50037.067
27585.0,50038.198
27586.0,50039.328
27587.0,50040.458
27588.0,50041.588
27589.0,50042.718
27590.0,50043.848
27591.0,50044.977
27592.0,50046.106
27593.0,50047.235
27594.0,50048.364
27595.0,50049.494
27596.0,50050.623
27597.0,50051.752
27598.0,50052.881
27599.0,50054.01
27600.0,50055.139
27601.0,50056.267
27602.0,50057.395
27603.0,50058.523
27604.0,50059.651
27605.0,50060.78
27606.0,50061.908
27607.0,50063.036
27608.0,50064.164
27609.0,50065.292
27610.0,50066.42
27611.0,50067.547
27612.0,50068.673
27613.0,50069.8
27614.0,50070.927
27615.0,50072.054
27616.0,50073.18
27617.0,50074.307
27618.0,50075.434
27619.0,50076.56
27620.0,50077.687
27621.0,50078.813
27622.0,50079.939
27623.0,50081.066
27624.0,50082.192
27625.0,50083.318
27626.0,50084.444
27627.0,50085.57
27628.0,50086.697
27629.0,50087.823
27630.0,50088.949
27631.0,50090.074
27632.0,50091.199
27633.0,50092.324
27634.0,50093.449
27635.0,50094.575
27636.0,50095.7
27637.0,50096.825
27638.0,50097.95
27639.0,50099.075
27640.0,50100.2
27641.0,50101.324
27642.0,50102.448
27643.0,50103.573
27644.0,50104.697
27645.0,50105.821
27646.0,50106.945
27647.0,50108.069
27648.0,50109.194
27649.0,50110.318
27650.0,50111.442
27651.0,50112.565
27652.0,50113.687
27653.0,50114.81
27654.0,50115.933
27655.0,50117.056
27656.0,50118.178
27657.0,50119.301
27658.0,50120.424
27659.0,50121.546
27660.0,50122.669
27661.0,50123.791
27662.0,50124.913
27663.0,50126.036
27664.0,50127.158
27665.0,50128.28
27666.0,50129.402
27667.0,50130.524
27668.0,50131.647
27669.0,50132.769
27670.0,50133.891
27671.0,50135.012
27672.0,50136.133
27673.0,50137.255
27674.0,50138.376
27675.0,50139.497
27676.0,50140.618
27677.0,50141.739
27678.0,50142.861
27679.0,50143.982
27680.0,50145.103
27681.0,50146.223
27682.0,50147.343
27683.0,50148.464
27684.0,50149.584
27685.0,50150.704
27686.0,50151.824
27687.0,50152.944
27688.0,50154.065
27689.0,50155.185
27690.0,50156.305
27691.0,50157.424
27692.0,50158.543
27693.0,50159.661
27694.0,50160.78
27695.0,50161.899
27696.0,50163.018
27697.0,50164.137
27698.0,50165.255
27699.0,50166.374
27700.0,50167.493
27701.0,50168.611
27702.0,50169.729
27703.0,50170.848
27704.0,50171.966
27705.0,50173.084
27706.0,50174.202
27707.0,50175.32
27708.0,50176.439
27709.0,50177.557
27710.0,50178.675
27711.0,50179.79
27712.0,50180.906
27713.0,50182.021
27714.0,50183.136
27715.0,50184.252
27716.0,50185.367
27717.0,50186.482
27718.0,50187.597
27719.0,50188.713
27720.0,50189.828
27721.0,50190.94
27722.0,50192.053
27723.0,50193.165
27724.0,50194.277
27725.0,50195.39
27726.0,50196.502
27727.0,50197.614
27728.0,50198.726
27729.0,50199.839
27730.0,50200.951
27731.0,50202.062
27732.0,50203.173
27733.0,50204.284
27734.0,50205.395
27735.0,50206.506
